V1,V2,V3,V4,V5,V6,V7,V8,V9,V10,V11,V12,V13,V14,V15,V16,V17,V18,V19,V20,V21,V22,V23,V24,V25,V26,V27,V28,V29,V30,time,status
-0.87676697298385353,-0.61352240168524508,-0.56757379586122125,0.66215994275764578,1.8221801851412864,-1.0906677886457301,-0.33186563864268365,3.6754611998111737,0.24580797877294405,1.1382203143909024,-0.45973433588822199,-0.61806827106187245,0.36540533127571323,-1.3650384823458874,1.7898937411074203,-0.59994949254991592,0.071165209514892067,-1.1068962396190276,1.0467645684839586,0.084688299606230991,0.86990086128454602,-0.4862155508678806,0.23313890903378695,-0.89022093907423616,1.5371080806416446,0.36207867901273166,-0.051757843476290671,-0.17838985005538327,0.94477536334093348,1.7749668789863535,1.7687775658842031,1
-0.7463894278815898,-1.7519456574421199,0.28545898452777102,1.1392105458947366,0.80178007000422158,1.8501985187633998,0.30663005332620374,-1.3729035891391821,-0.032490511885370686,0.74778484645515675,-0.89912757938751764,0.28168604732128083,1.5417456894775818,0.22192140929392659,-0.44664191839580203,1.8079912471400674,1.5409872384322616,1.761970242310342,-0.91063511372097827,0.18542888388061163,-0.44294071318941713,-0.13562724463893855,0.17755123342379536,-0.12090838564053748,1.0110950957608951,0.97782479540562073,0.90526762378662262,-1.4243355175908694,-0.73348931870638245,-0.056923248816470533,0.54528404492497751,1
1.3759147912989933,-0.26411318855006422,0.88727407614050668,0.38418702380495146,0.057518012637342998,-1.0917340966737192,0.82119790807269677,2.2960617505664351,-0.44769567128420373,-0.30460033970642492,-3.6816391764750196,1.3127756397717454,-1.8636988908994128,-0.20441959806051138,0.88858174788220323,-0.39630453690749406,0.54961164945527197,0.16294375068600281,-2.45048532851904,-1.3069007917348019,0.3925105744655194,1.1122053993728975,0.0055510202869899243,-1.4621794671275012,-1.2998126775647019,-2.7680913921613373,-0.16716127453558563,-0.69977923801804665,0.92857417452095137,-1.5611364847402103,0.044859177989821357,0
0.23758196425832045,0.78591615812483895,-0.89670280989236328,-0.8339338045489868,-0.58237642986014315,0.1874136012980761,-0.58595131206761486,0.47620895646366107,-0.60580025200878396,-1.2703321945000858,0.86752746572240846,-0.48342461913960416,-0.10108393259858027,0.94204374575772287,-0.23481382085283575,0.26212017125191056,0.45862954339450956,0.38855631009976366,-1.539148872048115,-0.59144676380984262,-0.81367297074916123,-1.1984656945853196,0.74974927848986228,-0.98312961537182419,2.0045957038108932,-0.57071141412341975,-0.2354909941925151,0.93900393965184237,0.36340765800976127,0.54857540446154041,0.85032298264660555,0
0.10862747226301614,0.46656859588564525,-0.57637261451710997,1.7041313578356454,0.32750715392761826,-0.12119722807605765,0.8853720891765291,0.4505604251417768,0.58878157378885743,0.55049755946913537,0.55170783539477508,-1.1049930894831008,1.5983734648539907,-0.3391696757744509,-0.50067774802698961,-1.2052308185966538,-1.960054040531098,-0.76947536562200725,0.71448121783956942,1.2637390639886525,0.16034890820545242,-1.0625899885995547,1.7165016952257917,-0.22228158778656404,0.78536290550258003,-0.61348196479436301,1.2636772774439682,-1.8008180662723785,-1.5882571126907887,1.0086978966276539,0.61488425853351703,1
1.2027212760876809,-0.41870725914667467,-0.05735193348275034,0.59484914617522466,0.4432868239914442,-0.11915448433391299,0.080976446100289964,0.16458669119531014,0.35648515226252175,0.71867091792410043,-0.048806482562691628,1.3631580260937703,-0.61244223261415998,-1.6594019862208778,-0.28723861113092292,0.9683833543619208,-0.83491460669426298,-0.56734138128574407,0.78631896067385942,-0.33437497000825916,-0.42374332584249202,-0.59989758090481138,-0.72813688382665009,-1.7928807118792121,-1.3879823221190428,-1.7141768650096081,-0.19156886121130162,-0.93395653344619256,0.25595351266468452,-1.3819441539695467,0.29860939324196739,0
-0.45907239377292164,0.4140485777358493,0.87286118137901669,1.3765634615555409,0.96739057833463638,1.2219486656013931,2.8840828379901327,2.0469369308931751,-0.467762701423654,-0.56407634001733253,0.60031220127564489,-0.34402267707311474,0.21897427849283652,-0.10896182939985002,0.86636355057618886,0.013920146329987636,-0.38810447072608661,-1.4367222986396087,0.96530077024584604,-0.18576744463847697,-0.92228935086124597,1.6775539311512304,1.1613965861800304,0.11487313291676664,-0.45723865762164179,0.9154217646506152,-1.2186450528951214,-1.0957391538143537,-0.33680092449896792,-0.13235243144230641,0.017173981378438063,0
0.64034601435327809,0.97543717482278613,-0.3844040742342858,0.025116869171728815,0.74576547145608019,1.5326117464906686,-1.6780872572986063,0.14418268305218221,-0.43806268204409765,-0.78440335043382337,-1.2221568276562103,-2.3478294401636455,-1.839463066806025,0.57665309774290563,0.39117149055336026,-0.081394641490678127,-0.52050791817943887,0.7661389531215691,0.40663989962676705,0.19167978366198446,1.1016609602668792,-1.1575480182406817,0.21298042618488977,-0.56368757952013893,0.72606432362565732,1.8927351878399119,1.3598430744053656,0.060053280631382926,1.337951507423577,-0.42220060732539494,15.971350115021288,1
0.41678745932555111,0.83568854145952964,1.5453046463697522,-1.0298866043808883,-1.2384304993378257,-0.77301876307418516,0.36102520943661054,2.3974631700807323,1.6483993907799519,0.51718521665396677,-0.58349456676084732,1.0693374111605682,-0.9135482726106664,-0.97942740755259916,1.0534229275240852,-0.57453826074726855,0.94211259278701298,1.8214470573776391,-0.61768531668723881,0.057208667560720843,-1.0023913932290152,1.5554460476312995,-2.0506985580574555,0.66309960613108365,0.97748981150202074,-0.8493517197024123,-0.22314102628075314,-1.1062892956403394,0.35972579006428274,-0.054364670031156484,0.64801614342370739,1
0.77654311533885789,0.8140570813940009,-0.42338914827388169,-0.4432712029503772,0.021477584310931164,1.013751123778627,0.6185997894568972,0.87799031744062828,-0.20803691749152872,0.94648866836051804,-1.2195669741924695,-0.033640533720516737,-1.3774949891600998,-0.38215178949038681,-0.59624813548280597,0.096031517757858217,0.68552906705943428,-1.3610425707192246,0.75587508788987201,-0.11342347882680738,0.034253788948129388,-1.0159165431031916,0.55092834460374096,0.59005795171441922,-0.66161151865051981,0.049113251895512397,-0.47013026307022349,1.374834590215688,-0.92957570349594976,1.0669718964749857,1.9144832114645161,0
1.9837947002485239,2.1650067643722308,1.2622004885020905,-1.0095267954767195,-1.846498136493369,-0.1705264028826052,-0.88533278792610204,-0.24215069189587621,-0.52506841893310163,-0.34659994175947167,-1.0672797705792423,-1.3572553359168391,1.5319375050742814,-0.28212839809401385,0.31746670491293144,0.50462626927206,-0.1025261278400908,0.92985558419372194,-1.3952330200524328,0.0018682828911997856,-1.1883835074639315,0.87119429785782165,1.2855647464488054,-0.81679922269623784,1.5765150748092074,0.49606329741242883,-0.43638132614719954,-0.21474590690069079,-0.76895129649596905,0.61637267557380215,1.3773758182218194,1
0.051310610194563837,0.7743426521744915,-1.4381180637412663,-0.16990367884534699,0.87016422852453557,-0.50869919056991608,-0.43841827503684855,-1.3242638226490089,1.3061666856614247,-0.23205305100012322,-0.095926621116924002,-0.38633692617987619,1.3580242047401558,-0.87784452468988028,-0.1292223876444179,0.96137814424204748,-0.62240749790653582,-0.88931626556224108,0.011237133022716667,-0.11887996919569832,-0.66103316426300662,0.96661409548344401,-1.0939706376692993,0.57527225317139552,1.7226526993171665,-0.32075223726048629,0.77552446612591008,-0.12475324351458664,-1.1689685730464718,-0.5406469668759839,0.50488331367358108,1
-0.46868022424207206,-0.16174297478992031,-0.29483599122399023,1.8927515968737381,-0.60576756139199261,0.19068281530787284,-1.18135254690463,1.768456808633351,0.70231179357895746,-1.2875959043283096,-1.9814218686009371,-0.12984894310824022,1.0448589968283537,-0.94891496146455745,0.67994917879750061,-0.85688855541307196,-0.33671139016478907,0.056983041918837476,0.056298394286596193,1.286654768704016,1.9813519523259311,-0.66876301845741726,0.25241945016997158,0.97820255980581561,0.17348994022187797,-1.4733408152822767,-1.1665115742094319,0.41209165054062991,-0.40202378357976215,-1.2383642508582691,0.17548441521569932,1
-1.027822637338148,-1.4796147796604622,-0.060299016453803173,0.89253695957129298,-0.7408428947591118,-1.0082760227728329,0.50107176666542441,-0.059243842052339311,0.33354523879154313,-0.48461399945263123,0.88759521744534864,0.66629730547870347,1.019683118264481,-1.1634448827364465,-0.84488686929471779,-1.845797516396313,0.95550939921177369,0.26600358272966534,-2.0408675632780295,1.2372472027100951,0.27026355597579371,-2.1001431315669778,2.4638531459393449,0.51184519499162362,1.0835594279877017,-0.99578408822526399,-1.434075185096646,-0.14544577268728046,-1.1786868509884141,-0.55006157822915036,0.050297939885979685,0
-1.2857038164606986,-0.19585381948411607,-1.2145630146430746,-2.4936918330551872,1.0416194391706213,0.64485548941737225,0.40053753454144142,0.65993059436840062,0.34659244506592696,0.63686174015146235,1.5890545664625761,-0.83854792993505323,0.32775441011959144,0.23339580635894605,-1.0097100247633939,0.77066975729922771,-0.029822041373949754,0.4491037867883993,-0.96972481714889947,0.70685019384307057,0.86956860017085913,-1.729656919190345,0.64203703475646046,-0.46979130817890219,0.69990292206198035,-0.51643326349950025,1.1263884475543247,-0.5503571802515087,1.0797679895675323,1.4755383592761555,1.7715586511371098,0
-0.37889917727674438,-0.25123428250664359,-0.1113880843745525,0.34461916727797764,0.62361984620618138,0.96932720677845341,-0.37579795276564032,-0.17895695093527547,-0.007570464925468123,0.59308537766964597,-0.49363903128887843,-0.86559966988268011,-0.16403157384102099,-0.95687306971580011,0.17055810083771522,-1.5749970897247212,-0.69312514309258189,0.60800184651791445,-0.21136824395543274,0.6450799313206147,1.0860541879484358,-0.12400947387609731,-0.38677938645197185,-1.2988870609475462,-0.10652992134131618,1.2625256320687934,-0.37991303649900449,-1.2390458500542656,1.2350933757576943,-1.0676632206947836,1.0287272145013779,0
1.8353490468614038,0.12020786422679082,1.3302894431305992,1.2843344551637972,-0.6558005629738628,0.56018284896857373,-0.38685970046476748,0.042754125443500532,0.062665691117569922,2.5550918895916861,1.557990729294747,0.32250902925248426,0.33848336327416445,0.83919512133272711,1.1485022245857612,1.5593335982908396,0.028983654063051208,-0.29472273823429779,-0.39397845564535106,-0.37570604793683715,-0.070179482594580733,0.53744999280371275,1.5952463919380879,-0.42570677459025019,-0.60507448472295033,-1.3308551532917223,-0.20725954401440147,-1.5049805728010206,0.60443508838371784,0.13570337027235252,0.62630529708945781,0
-0.038112788505798717,0.10657539354880753,0.12484069826847133,-0.57783012843984627,-1.3057740549769392,-0.073291062691869052,1.3300860580219973,-0.47184097865890651,-1.2658676685379335,-0.50723659069811999,-1.7206802188517294,-0.25607709843308735,0.48376295194515478,0.13371010128865679,-0.642693598369667,1.0551939945256674,1.388092349711554,1.2776408357143552,1.770866675538286,-2.3716873278877144,0.79319571009518075,0.16522307205576406,-1.7484588930436666,0.40298424199172544,0.087650959962886091,0.84283303448387403,0.42828969532709293,0.25215513081904151,-1.0060146404689159,2.0883756854333706,1.6353893797731074,1
0.20726722234112738,0.25016634472954868,0.3736715846579951,-1.2148728422543675,-1.3637681025246942,0.30131692537686428,1.0652120309491213,0.11479793606846832,-0.1955631651414762,0.34262552428584075,0.23261631171159455,0.066763352643980908,-0.78052836308675799,-0.90533584431154945,1.172329238277922,-0.13968427772823516,0.099142817407805325,-1.5827749519727934,2.2767506835327445,0.61618713581676277,-0.87675379761537686,-0.2623510688188106,0.48021705471861054,-0.64046931786924255,0.55235678136579225,0.7011648697036561,0.23766410683447423,-0.94626215551338866,1.2977391096819431,0.91611888718110546,0.61854959243722307,1
1.553498727409456,-1.1135432143830635,-2.0212485798906132,0.46277053353306452,-0.48031795588633075,-0.44651458362029361,0.59934079821205888,0.036664191796126379,-1.4743537500166164,0.20898189715305779,-1.1407158311092787,-0.39511227524505782,1.4436028039267514,-0.15060285371297596,-0.59041566447232086,-0.64965697372318421,0.14273477180154798,0.31604617731457318,-1.1663076394402725,0.11146743510623089,-0.23734494433529549,0.58285521368078552,-0.37006694075075686,0.96025572475464316,0.36815658214737107,-0.90257784371011696,-0.052339627639910721,-1.5522795164354939,0.32966213974113467,-1.3283775505809783,0.29148978504267559,0
1.2009779725025462,-0.61616354294657094,-1.0143158209741001,-1.3310782122862992,0.24638229539083303,-0.44934481049396841,-1.3221574859852741,0.61938009117293857,-1.1019852351988517,3.0408971170723063,-0.23526614243420096,-0.11578968429745827,-0.12043973642311173,-1.3528572303324085,1.2269024734774394,1.5578231166220249,-0.02961249972585301,-2.4017878129632741,-0.95579695657488284,1.0271830786236527,0.33708674933783034,-0.76479344738901478,1.0052193386284141,0.12304321436196833,0.73023567924149646,0.2329639578992988,0.41859525017041288,-1.510519711201203,-0.54199828392264415,-0.24853627697762085,0.032930953259747979,0
0.77753789877246438,-0.14719009126087748,0.69913241695856021,0.23755271132026948,0.73922964224759435,-0.18115240293476337,0.21275837300017741,0.04680185465812392,-1.2933292883092475,-0.33963381008922133,-0.70101645098289056,-0.47498168053355122,-1.3650456189960554,-0.42792510334431022,-1.7027968293800868,-1.5232634994734884,0.91099014104196274,-0.69038061602348688,0.93563629328567011,-1.7646922639519644,0.11395115816282589,-0.27087128530726184,0.69745000352396735,1.5542591447924206,1.0211684412352353,-0.26576027036389765,0.38457022846923267,0.98604356867830223,0.27618344287956947,0.75578902521376012,0.93834801812707203,0
-0.75170546495332458,-0.26467570976194044,0.59738023180629352,0.10185700560780103,-0.99340224367608632,0.15548608280828297,-0.73064996546889849,0.3417259633028939,0.38201415082380968,0.45840980435543366,-0.41250971217143656,-2.4017404216864695,-1.9037039690856847,-1.5415434938427848,-2.8199941804367956,-0.96161050899257361,-0.76598084824447521,1.0435037710419308,1.088238563897661,-1.3279824299557526,-0.80828652698014991,-0.37817062265674795,0.84098782364357449,0.56943766609563817,0.69232084314070441,0.17803658730255004,2.7194179040891218,0.84311874241887341,-1.0934363146535346,-0.89438319985434334,0.064299396782850043,1
0.23931554879689415,0.59801441868118088,0.2750481726214512,0.26518812096523858,0.46700912494050262,-1.1269977275927816,0.3554474176124659,0.24854282610199346,0.056488988144944741,1.4812165356070366,0.35240100485707943,-0.039387292446380069,-1.4271779258356454,0.58186136366566199,0.41057310366196648,-0.61920172908977211,-1.9407594935949144,-1.0257497027627076,0.73527073183196912,-1.1680537524679047,-0.33098605901422629,1.6606382795303907,0.25873928935170709,0.11884740307403641,1.5096568249529292,0.64900793521896216,0.97139998337460354,-1.8902530699946811,1.0377328400625652,0.43982623747334199,0.32094502262203017,0
-0.78239953422497954,-0.035771318468708756,-0.13767757096501612,-2.0455107161098853,0.96724397382478622,-1.0156061550569604,1.2127721573592554,-0.73552655752659835,0.2983017879676409,-0.38955237978476337,-1.5241710502478616,-0.20521369309924889,0.74656418398026336,-0.021646292687536733,0.92446816343320826,-2.0085737910197237,-0.20528361216087854,0.15973563081473172,0.26281880595378548,-1.3536618453560014,-1.156742287063395,-0.11885965552334564,-1.5404304523943364,-0.5479817920681892,-2.1756276582217047,-0.70137655950749289,-0.36993725503852498,1.6261561765156036,0.19739587197264424,-0.85117042579677582,0.58593092079630005,1
-0.93596032013208807,0.27755943601809002,-0.34844674785101282,1.5682952253870239,-2.8313859130822592,0.74936554542528,-1.4544685305047742,1.5461602821434299,1.1345221248870188,-0.89989141649136561,0.56483208257540984,1.2255527364603778,-0.71228366797255271,-0.96732185989941599,0.60787035701366132,-0.076776117797303756,-1.4235540001189233,-0.59651037702704834,1.069376915812857,1.1513592404331472,-1.2074994658964955,0.72532325887599902,0.54251611814003575,-0.55190187070050944,0.64605373572214342,-0.44374713706471897,0.4505750869995031,1.4976911619639066,-1.2822486528553059,0.48770783010845192,0.15941910867861955,0
-1.9710236149753766,0.607694279658609,1.7079280358686395,0.56264241598967635,0.93808067510017112,-1.8841714089614117,-0.065160354926055708,-0.21246968634519306,-0.38897355441938514,0.67588641554419071,-0.39234293055085595,-1.3607665111162581,-0.37090251296470444,-0.46101744487175833,0.82142387035026054,0.10186982744538293,-1.0751194613047257,-0.23664684044748188,-0.76357569625129873,-1.4421970205484418,-0.081251498495378716,-0.28090103252198462,-0.20638579482598546,2.1979645887750516,1.4345690320396796,0.14247424843542564,-0.032652002127091628,-0.80701277726140341,2.9062316395361596,2.0829303420159166,2.0169998972635308,0
1.9039585248835991,-0.44252018888863254,-0.87300826077332239,-0.42180986311497715,0.57480428808242146,-1.4989777418689021,-1.9888173582780087,0.84991353448610907,0.60720130364064462,-0.10870018008406229,0.69884266682625007,0.3324810825335841,0.70723250651147351,-0.56212286284681978,0.26872375807522569,0.060815238430302579,0.17489495331788912,0.20651353001552997,-0.36157544931989899,-0.42946448721497588,1.5860788656064428,0.34895374335809065,0.41793022179628764,0.86648965337372552,1.5904525078206646,0.60104960635036697,0.40107472605414191,-2.1357924432660997,0.42227529245594125,0.69568285544424679,0.044284113741392357,1
0.13375878429010363,1.3275971139629903,-0.12535497726903516,0.15029803674429396,-0.27625579831009389,1.5206542544339274,0.19238886059414761,0.93609166061186067,0.21798646943982328,-1.7813586748383812,1.2212490406608214,1.0374767827510567,-1.3329564376652041,1.0716293735231166,-1.0970778031719879,-0.46618024409938091,-2.2842854304390743,-0.27774719464696263,-0.057472206701043256,0.26431937109721948,1.0270338751245078,1.704681469627841,-0.43385519482992069,-1.5880193898708668,0.86740053164121633,-0.73085515894150366,-0.22176673133999664,-1.3885000750433567,-0.5271451957832487,-0.78430780855599314,3.4537180332815169,1
1.2983713757702731,1.0091359563114517,0.41713762342708011,-0.036045126644807045,0.65359317953715834,0.88285770943231545,-0.43923687584093712,-0.10182151076639195,-1.7678443428125323,0.93319698919454452,0.56993326032548108,-0.41689040141321165,-0.86312376772729926,-0.039542570390234795,0.23085901013655935,0.49045328907813829,-0.59140840942555495,0.17874378400272944,0.69246694921796259,0.47858252816521973,-0.29144597220277996,-0.93054184441853671,-0.057362153294747094,-0.82363185602482114,-1.1265050311007792,0.52099000391757788,-0.35977599514346364,-0.65460291009683302,0.58816584937228267,-0.43680418043975722,0.73049276190010115,1
-0.12266239885072376,-0.15294427710082853,0.79431287852468502,-0.81234599086412496,0.13873934760446191,0.59642953260072817,-0.28938051480954996,-0.17430839753815733,-0.017620473306723391,-0.55789694018494274,-0.31773919531080025,-3.0179911129986219,0.17406209492745134,-0.61575319305821541,0.5485000662944477,1.2024300828699541,-0.81180248603092031,0.84373724003343631,0.55973126397215112,1.3461872557303829,-0.49735044610548429,0.13745515360827942,-1.1190749767081594,-0.68080226455707527,0.028456594992802214,-0.46573861797257682,-0.50509928780880053,1.327257026990935,-1.6196441725578474,-1.7462618649713642,0.099844899948235658,0
0.59487642102994054,0.49303744354628487,-0.025211696874901775,-0.037692332201131939,-0.90094570983248135,-0.50196734262928933,-0.25728149782214199,0.54203139073941686,-1.644017980302237,-1.2479809204069299,2.5829164224521977,2.2871787428657639,1.4017063334988356,0.41165319066676892,-0.85193773062151623,-0.23468148522262999,-3.0613345240822856,1.7139522486157981,0.76489215864598348,0.15839062325737846,-1.1445793926812908,-1.0856479288139889,1.4421290536566969,0.10203960886596056,-1.3552693548730492,1.0170486586325478,1.5462936380115333,1.0880119463811662,-0.42195914550739577,-1.630578662429139,0.21923114136593014,0
-2.0701002538829512,-1.2144522205802506,-0.22133182597108914,0.73655654026465189,-0.68772997391043489,0.42206748319444076,0.32459612929952941,-0.32246509827686792,0.4007858569225683,0.084729705775204667,0.47469472418469683,0.32312243766825216,-1.1050726535552844,1.3513723376174975,0.28081694624715947,1.5056112972527631,-1.5466688149982226,-0.90255926084609972,-0.22573858873805469,-1.8361380234600484,0.26318047875256056,-0.026902636781619638,-0.98166459976998754,-0.86552576344573506,0.71782816987722431,0.75511920966376034,-0.62553436695880726,-1.329902593415017,-0.82716632726106598,0.74378722578982159,0.76494094881269148,1
0.5144398657044732,-0.25903718014850668,0.091007347102925337,0.01303177238318623,-0.050689232657029626,1.3943297104971732,1.3825469991833994,0.44262057994773996,0.47456651270703787,1.779347873398831,-0.007978400544284954,1.8055594663278227,0.65879551461554009,0.45460641021015613,-0.40403528488525059,-0.14609061464473924,0.93985219605639492,0.61352258476150789,-0.25598691767423892,0.069043897836719978,-0.75939671513767115,1.3726557160179258,-2.0984136097022543,-0.43117677770799995,-0.15211773374380994,-0.0084931285550979563,0.90952635627960032,0.0467109822267225,-0.086961227240213559,0.84177012157293585,0.030488221753220808,0
-1.7446951667995332,0.74932666210917476,-1.1784696127378529,1.6494171989899198,-2.8384589351252147,-1.8688272476311858,-1.7715345506947606,0.26480833098482731,0.060920769327615511,-0.20044285659730582,-1.0052521228932392,-1.0781612665757161,-1.280714652330051,-0.81532331937068181,0.91049187906179652,-1.609533956569202,-0.37460957368468101,0.11025589920451996,0.25755832357898562,0.70311285505428422,1.7183105417843771,2.1524821222685571,-1.8580573063137042,0.3630192449466485,0.13631192371174664,-1.4216958700562163,-1.9631434095504496,0.20280079248018987,-1.6952630756615052,-1.2562768034009701,1.2311476493667388,1
0.9649941097027589,-0.61989026724147867,0.71124282211868217,0.74992708810228703,-1.071740895152719,0.42972590074669598,-1.2137152163332661,0.71356123598541632,-0.27838653910806782,1.2113359490806312,0.26661764890928069,-1.4973003743674937,-0.20576685891336069,-0.58100988748038052,-1.0760905119967568,0.81757156225532535,0.66333140374848609,-0.39232412100205127,-1.242904756358356,-1.7281817069746122,0.94686562328951906,2.5829776685529269,0.50840516598036201,-0.33813783472858161,-0.63080494058475656,-0.61489384920334933,0.57587436548963999,0.46123826968480713,0.28076598518848916,-0.33401763294214581,0.044499028957181497,1
0.57010356474757662,0.89080826558713644,1.7975321408612277,0.085652236926327799,-0.90240589151030237,-0.17512970699216573,0.65739040722503028,-0.95240115157601879,-0.28536920570490576,-1.3472810800478894,0.78753807465418546,0.46879488461770774,-0.45587143806698455,0.97268350663473147,-1.1218028481154143,-0.085018271111667099,-1.076513654166166,-0.36459878768455395,1.1339707491368094,-0.54165529176789395,-1.5472750791939656,-0.14402060544999443,-0.38675635694899291,-0.72252830277519586,-1.7724654489103397,-0.69787618143254826,-1.7812786995038212,0.82904229888663739,-0.12287223397827651,0.78172256755007241,3.286020242255165,0
-0.20681859779693823,0.92203197474166421,-2.0001907582684688,0.5870496400680596,-1.3809178718622519,-1.3158101351912233,-0.83789329682122005,-0.74876145200182675,-0.036462701829848676,0.88716439172011852,-1.2917772484395755,0.78819093595517942,-1.0760768037657016,-1.6375004544834395,0.2063504520728211,-0.98751454394448568,0.025357025003553166,-0.61416248415874042,-1.4175581271283477,0.72267218738210581,0.77152489434506588,-0.12976296626015518,0.59874833182853471,-0.26215445185917102,-0.89748462062260859,0.86962494154627656,-0.53647010638150661,0.60801301261460472,2.9425645246070471,2.1065806341022615,0.24161890257769028,0
-0.89179620639605894,-1.4174119529817184,0.39841611217726297,-0.27010862330775798,0.53201804177436496,-0.92774662625767212,1.1349849839663948,-0.5164747727713096,0.12961266966413526,0.95321050745020652,-1.3705136232315345,-1.9638593570275249,-2.1518398978614752,-0.2885299781974261,-1.784862644974877,-0.23844468973593799,-0.74218042976779686,0.43184950333022559,0.59895704925960846,-0.010600349942738731,-0.98844159942526533,-0.12047905175929337,-1.6925129272276505,-0.84993332170451652,-1.8727811444701441,-0.7324816867992231,-1.3588551502983377,0.10906477044386521,0.22404971929135814,-0.8592719389226392,0.044294095172730065,0
0.67310925119412379,-0.61508046070208633,0.6974204265698295,-1.8235290273139602,1.6367857477702326,1.7999942308960766,-1.5223536243761915,1.889203485222464,-0.46328050468524301,1.4785482966766752,-0.40681625922190434,0.63927539249016307,0.64578470817885869,-0.42723012029797153,-0.37372509339774762,-0.79874053201437789,0.014389957485497014,1.0896967627798231,-0.90822602701327237,-0.60067338626370426,-0.5157497986990105,0.04605025324897543,-1.7467732220485046,-0.23037916730404942,-0.87766828140130237,-1.1927359084328399,0.39831674337668826,0.072731736818974671,1.2367265436147061,0.51145327455528045,13.550791715738141,1
0.053596267659801543,0.26014698727950081,-1.1859113746629237,1.7268435079329869,-0.86368120354642919,-0.3186720561850217,-1.0811267347103326,-0.81662189061793355,0.77935511651342848,-0.84542729465160482,0.47515965420929984,0.34245944632496073,-2.4670611501554003,-1.3825938264116149,-0.97886793526602545,0.032214052671750079,-0.65665075986210453,1.4492645463906393,-1.6948596042257427,1.4308024258228766,-0.19442119170543934,0.13402808411456635,-1.4848422819343257,0.13559795404074693,0.83374703401001959,-0.45848179770766179,1.4523152050263224,-1.2396621525013833,0.88839663879967334,0.015854996160048079,0.21984922036434951,1
-1.4881728486012569,0.41676799327857261,-0.21730600048399051,-0.24891266454052921,0.086443411646205379,-0.17640332393742703,-0.22276205705249694,0.76388639911709111,0.63846844830487015,0.33579294059510267,1.5383460979208288,0.10178117053939423,0.055250824456319354,-0.061132327655663253,-0.38893556741957619,-2.4610157136022073,0.37584110124996906,-1.2671659078392417,-0.31624172873400963,0.67884350498593926,0.36313597629880395,-0.15433307512214295,0.72489290727603717,1.9907004458507689,-0.34053552969512785,-0.26001042822571302,-0.41369032503400904,-0.0094762586372183436,0.7922085562936696,-0.85984627104401534,1.4695272988380534,1
0.039913781100448992,0.27592583838616064,-1.2711937462984284,-1.7521863895287668,0.47847305025811071,1.3734447640594474,-0.065574665193460308,-0.35001019574019193,0.38799858338838877,-0.14615560709526762,0.873895608604218,0.39687559770312392,-0.28872134359556645,0.49014392857318861,0.090731382708084549,-0.15724543598256116,-1.0306291832598911,0.1543114632383524,1.9216389234986533,-1.4425956281432306,0.55979987887321658,-0.24943943246815017,-0.68324548344469027,-0.025448120905754823,0.036847807210917537,-1.2807424950591324,1.98853495943547,-1.3570665348449797,-0.90854514856865598,0.93388942620179838,4.6741066760075016,1
-0.19141423314829628,1.3724662090249347,-0.35280223833809227,0.22819130863899514,-0.30270810282610194,-1.199098038395827,-1.0990772717752806,1.443981195330966,0.061431964401324257,-0.61807166262097635,-0.36993863724517539,0.0090149561103465004,-0.22912906055460713,1.0399722685365811,0.64620412665895699,-0.58771490399049153,0.84772508300035143,1.0536214062636666,1.0348360994278059,0.1541961880280486,-0.18104660032214354,-2.2043543446098766,-0.90229961652708512,-1.7473260003214546,1.0535529807156925,0.34400036706498482,0.84443006591377223,1.6868093312153545,0.86546873200435137,1.444883967166285,1.6506844712893678,1
-0.29723940642486263,1.6401530034716718,-0.66019369142810147,-0.34267792649903267,0.30920590102377393,0.43626285050012986,-0.43983489831636874,-0.33953348315001403,-1.1986575484345017,0.27050097055570643,-1.5241693902470141,-0.48781373294888208,0.62483748251662397,-1.2531841760987295,0.85180706404124118,0.14647046879903061,0.14674878059773466,1.1767755341712192,0.24355763571888026,0.61732144217462903,0.55279429823216475,1.0752503878379176,-0.0225534206489309,0.094476926986924628,0.13422197149142553,0.68500379447683901,-1.5192143350916867,0.25757375449870695,2.2079374509637111,1.1149570540485041,11.968307377501965,0
-2.3451525433746379,-1.9247867847093594,-0.25729664968732507,1.7244487970006712,1.0015488030844479,-0.50593065001526527,-0.9001359810371371,-1.3438978801128809,1.2892003710243622,-1.5130274976360605,-1.3525164962083456,-1.2113817492478178,-1.0487527993161112,-0.04745554816073419,-2.1286483787643697,-0.2648335284569372,1.9584881310773874,0.3900209332620263,-0.062769908891836534,0.52784034954672587,0.95527257358399786,-0.78948927536282321,-0.0085656794560903839,-0.4716897376631406,1.0182436065566003,-0.076330397460154353,1.2201605623499596,0.5237975746832646,-1.779076470365152,0.7353960030700325,0.89881974464332637,1
0.019936918350201956,-1.10589965537139,-1.5370289791610845,-0.010446463471909823,-1.2261060113469284,-0.0005864978211309709,0.27202781823778616,0.22400955571584996,1.292685329455173,0.28816774594696126,-0.010377191107109983,-0.1272891259828319,-1.3906264072028705,-1.4372597365809692,0.34254499637864927,-0.14678004912877948,-1.2761893870605516,-0.1765662010028948,-0.2211996930686021,1.1687628494206384,1.0644224207514665,1.7119575722689671,2.1728687490239738,0.47821278712387216,0.081388386508448887,-0.13496278996085109,0.66104558860862195,-0.67982903695572416,-1.7772065409211009,-2.3741223876906843,0.18010854322001871,0
1.0999172148695797,0.88718953422682856,-1.1531717695588448,0.7414731216630841,-0.72790937548962298,-0.45278498879528217,-0.066529903417388542,-0.029243755448356817,0.052561877666844427,-0.16240918443775854,0.50214829700729591,0.27331236882803273,0.010586804893918821,-0.85574772741538097,-1.2484567526370343,0.62295607116874285,0.25524183905841658,-2.5292496773862236,0.82029453389801255,2.015459558210337,-0.71371733021935824,-0.49927481696900888,1.8936556744668598,0.45540027936361405,-0.40686418856200723,-0.12321293347909111,-1.1707611436275036,-0.17436159588913194,1.4652305045467497,-0.33072506058896967,0.12962770350269731,1
-0.43348552940776924,-0.74379307545267104,-0.037129176918201272,0.031323471513103669,0.20664845088227532,-0.10338066872362334,0.7460175231784959,1.7933712765097658,-0.11454422417776197,-1.582262895603606,-0.74580970714915951,-1.4089986157719003,-1.7606860716933468,-0.23595842920733581,-1.0240316865133949,0.22525375071033504,0.46493566528022062,-1.5374934465806827,-0.071188616176400446,-0.89921612259837014,-0.65745276010327136,-1.1590020672200982,-1.7252851290776097,-1.044023551226587,-0.87390661194538732,-1.71322371607983,-1.8453590356634288,1.0269193523193536,-0.012873196863125706,-1.2055983561985748,1.0226875988657702,1
0.94930315425086298,1.1833608009864236,-0.17795900859694874,-0.17603699349876967,0.74344810922094384,-2.0800701792979215,0.85031642165881804,-0.0045736871546952608,0.0066594283450531495,0.52451985725273986,1.1596621226332153,0.64794442431764632,0.63675198112518949,0.17277925751972847,-0.3591116373708958,0.99348951245640837,0.63080239503292557,-1.3111704757642384,-2.0174133590722958,0.54904722803620654,-0.38222968749063846,2.6959392368596822,0.8316428016558115,-1.3978139618987939,-0.22700109544713892,-0.37761000891693924,0.3599513099772349,-0.091256522829360212,-1.2302204037740461,-0.38407090566638485,0.39076974290357913,0
-1.2498562182540318,-0.96450366679681565,-0.63909887251686859,-0.49545759132915168,0.45259433775924074,0.076212289577529471,-1.064753360801759,-1.5005892319767362,-1.2063244661519346,-0.032897441387923568,1.3135838154225101,-1.2111910312971017,0.65679716537615163,0.075002837816379259,-0.13729135062597203,1.0901131988416068,-1.4155986974746715,-0.93736377636766532,1.3949045133448066,-1.7853514176964438,-0.68117266609243077,2.0788330495496363,1.4691670608646941,-1.3824838653988454,0.090645102796079333,-0.098395762161346642,0.14978031316528231,0.92543190322061564,-0.20949009834994109,-0.22418625379621962,8.4777623875010715,1
-0.93503090075716344,0.027898781297389152,-1.6851727705680035,-1.4661177575138196,-1.1827982531095864,0.12593922381057923,0.19081825062648147,-0.70362317771826766,-0.14529288238423774,-0.87478835217176787,-0.89239511952889006,-1.3878333887176693,-0.97740264717787406,-0.036615783795737933,-0.3148848831528141,-1.400251587643714,-0.53103366518436601,-0.15672659262920804,-0.75636354421163021,1.5491008841471046,-0.10706891722177489,0.73400044022300681,2.1029359620270403,-1.3765406924946759,-0.67172383622978715,0.33363154318670246,-0.91423277280961868,0.51224581237713673,0.59965294683243442,0.60385806780993123,4.3105170827472392,1
1.0089098957569524,-0.51837385067862396,-0.70923959004758441,-0.19830726055232512,-0.66775106727165801,-0.13209157255561321,-1.6123364855672102,0.65769992957439694,0.42795308107238467,-0.50052095100133487,0.35370305561429644,0.53172172066717405,-2.0421791266068143,-0.43070608277691463,-0.29934817502216821,0.25011629686915199,0.41881470334712745,-1.0967755683029965,0.17660668370622506,-0.077941605994315863,-1.5134654377321664,-1.9424227057253833,-0.62224325627892252,0.58550485289375986,0.53381338898272646,-0.73057923573410266,0.84287132403370491,-1.9349186777385796,1.5827135447244358,-1.8245380487922667,0.053167183481679134,0
-0.46655820770562945,-0.84179436661545892,0.00073726110136836445,-0.67689299813156956,0.26709120473928011,-0.090366333948421723,-0.36597454825764353,0.11628215171029496,-0.29329380501292529,-0.76352992636703976,0.089511197986000449,0.81701497915359178,0.72892381361197645,-0.71030131340371949,0.38813791065119235,1.2166943266916403,1.6984045454159162,0.48986571918178146,-0.75378281640802003,0.1239143438966175,0.95680826309029876,0.8111018731975751,-0.87389653184988159,0.727228210396487,0.43605490082856763,0.75400770520625715,0.58679567613622463,-1.8945222138024469,0.30805235918374768,-0.19929417715955272,2.2098613598387353,1
-0.010080499161564626,0.20114884604203462,-0.15642299786875258,0.28537713630400402,-1.3930863079372957,0.94459697084235683,-0.85551596356084658,-0.89014964112501116,-0.85225454280435686,-0.90791093660975619,0.26840351775043209,-0.31917691785885871,0.74471777938253669,-0.18154137729967643,1.5611295759691641,-1.9138263878892783,-1.020261911951716,0.57635463283812405,0.90914377095070931,-0.4609236458002956,-1.785290906267488,-0.46903565118894219,1.2648558854285008,0.86953688531921736,1.3764084777853833,-1.2832782094448156,0.41855318810153502,0.15812561735124203,-0.50428119514410241,-0.93418553880942257,1.0373149510136612,1
0.022793154672941806,1.7500690410131683,-1.9040938355853099,-1.3269072254343171,1.3757866646285457,0.19948970678133718,0.001033633895989106,-0.16205650574926078,-0.92095961819603422,-0.51618050613507305,-0.28228284688088096,-0.6992470689356759,0.61002798544188153,1.0859727540371866,-0.1121980839589566,1.0123128396227083,0.78890113685930507,-0.6690127080889724,0.04473201517261996,0.50948056936806507,0.0039424714349927453,-0.054959477315634608,-0.86472190997185128,0.56042247500426856,-0.079402231006410431,1.0522586022912164,1.2433807669993244,0.078264840086935308,-1.181888358641505,1.4589544490658855,9.4156762257865836,1
0.18163049868837755,1.1288359816969176,0.04132113241469737,-1.2494640464426117,0.66532024218042096,-1.8122831090294471,-1.7707846900814508,0.81407671462931774,1.4893698489819707,-2.2714758575648721,-0.2958741849925306,-0.30221523789978028,-1.542165844860834,-0.04581450375389591,0.14933070360462547,0.40600406663097299,-0.23554211844871664,-0.32791979284019029,-2.8482474552118799,0.27381678638438123,-0.98804229514716257,-1.041401809669362,0.86859645604420965,-1.5898956028959663,-0.42437311160339275,0.10120884487126407,0.50273986267038639,1.9872184241097404,0.94503855068429155,-0.45519534846412102,0.093761518887520143,0
-1.1238811258066308,-0.82933314065778263,0.35334747828762053,-2.2525094780831183,-0.11361132094812264,0.53722376618757683,0.22449561334200757,-0.35047182886172262,1.7233620043858902,1.1078552790170721,-0.06115168203495689,-0.57179126816593651,-0.14274745357165591,0.32602618448441212,-0.72060524285599237,-0.82099868339020809,-0.29646723891272853,1.4696469935899352,1.692238955341379,-1.5614918992479985,1.747598971251918,1.2916531462766017,0.15078732787173521,0.70571125274498714,1.1629346759939179,-0.42968524094357474,1.1237154532808715,1.0791700806054128,0.51695169387157769,1.6380693599083533,0.19514736796667942,1
0.90277419509968304,-1.4557301977459374,-0.56650876704426112,0.21448817535625192,0.23876899802812809,0.5801233003035241,0.37444697035606084,0.39844230976303346,-0.33101020542878218,-0.16247399267719292,1.2130677018687794,-0.69662878067047285,-1.0988490808677061,-0.19854162104264358,-1.2349076085228998,1.9914860468846303,1.512925413122622,0.28607955780410921,-0.29129782779766322,-0.2701072838429347,-1.9013478908499246,-0.0027521234698464131,-0.53305196096263274,-0.23324890386360078,1.6106076609990867,0.34151683074094691,0.14393789666496945,-1.480150163139611,2.38242946331335,2.2216340503320442,1.257189816370696,1
-0.73514027503131729,0.25956644275126484,-0.43508678979185722,-0.71034481862086529,0.35085962842926932,0.22941466134444227,0.96294623409596036,0.46297717757453677,1.6374532606221117,-0.10213849025828679,-0.74029487383941195,0.67390732000413234,-1.3861714451728573,0.73891620118906098,0.94120632981818919,1.2289861299240017,2.1652893435431495,-0.60066298694419795,1.0553610862473217,0.16357636625048169,-0.36612784528740033,0.24416016032877952,0.29745331358357929,-1.0835092201603145,-0.196371261011236,-1.1648428508177671,1.3076058390121577,-0.46337330557421236,-1.1244243481470408,0.68229490853675856,1.1655840105618258,1
0.26206590695752757,-0.15050674634186523,-0.072008620395813502,0.90205997428068141,-0.62947107797358781,1.0408727508480931,-0.90316864261680896,0.66556820119963256,0.95445926401575787,0.60375745101309097,-1.171303017250793,-1.2420998462751149,1.7616921394325111,0.8888961392257575,1.3364334229541504,1.3288585244954445,-0.3886662324962194,-1.2054109607841752,-0.23385000374813575,-1.2166574456014001,-0.81776543704922644,0.11302564191531259,1.0529240418127968,1.2263766222654149,-0.12003325393471229,2.6575288297865103,-0.10334558187196807,0.42012476041886909,1.2070429693790439,1.4233473236168928,0.6535956796279746,1
-1.2975007606734046,-0.65889071302116753,0.76999092910787525,0.48874226508654089,-0.64129770546146647,1.431034066274173,0.99573715848335209,0.58280962583165474,0.33024174692879865,-0.33909495810793117,1.436697972497929,-0.84339746115615555,0.7197371353856582,-0.73661835928390551,0.26369899824838589,0.40174353018583675,0.73928473171716214,2.5995215723744676,-0.060396989293529754,-1.2993275953928154,-0.16132872078275132,0.32586376608790613,0.92677059879474666,-0.40514975932942199,-0.32909038028139537,-0.8610839368132388,-0.065981984939485025,1.1999785852784681,-0.35294016440273079,-0.099926176715377762,0.54494068251061234,0
-0.84293624014294521,0.53520810636846949,0.87391173841122494,0.4116692316906605,0.53589952808975727,0.88112977018450112,0.57202731242613847,0.12894755633205901,-0.77623532212193647,-0.74760817289700043,-0.77041202846057077,-0.3958281615878963,0.065729288032678829,-0.20713039240554584,-2.1762148872679248,-2.8892556811089567,-0.70406426695699043,-0.19025485828483268,-0.41571789362713896,-0.13041010986280419,0.41131650173236184,0.13320978115326937,1.2216927460697238,-0.46170992502505698,-1.1440277919961261,-0.4509531788378357,1.4397178947222022,0.37943163397664165,0.27125666732493275,0.95588970533534134,12.307396819877239,1
0.54022968396802928,1.6951553400421593,0.5426893232145642,-2.0496459887067342,-0.63381437905623594,-1.2416937061638986,-0.48712667676170135,-0.53683228626594892,-0.034558427339290501,1.4320108319466576,2.0501465172962643,1.4354742324202165,-0.77047575921167977,0.55712794175805802,1.2719672962833415,-0.82265223479125982,-0.59118190624083555,0.052054571848243879,2.1010375197870506,0.46847493374649912,-0.16824683077285696,0.21675267216016361,0.334310347315948,-1.3651562771008099,0.68780739169913785,-0.098362909272507001,1.0319847675887415,-0.92426266506347121,0.46758658924821089,2.1989747669642892,0.94064237349425639,1
-1.3512293496661447,0.00010309898351234953,0.35706323063900586,1.2443344504317795,1.4569608418751694,0.29640304868761064,0.44714008259839583,0.021296785761069959,0.052616075562960281,-0.065083340880717502,0.60641674459477546,0.35432826383186455,-0.33494769480615932,-1.1516057078774842,-1.1685546433106218,0.37439761759009149,-0.44549954857425905,-0.24120469112554832,1.1340258943304018,1.4123201702476045,0.63378290035205298,0.75913582244035849,-2.2684816138262862,1.3925092761645912,-0.062835352623997726,-0.57182357140177809,0.806650070465038,0.18692632584969462,-0.50743440319112731,-1.3984246983966944,7.1005717793561027,1
0.10036693146238405,-1.29807179010065,0.62453981071001885,-0.9505261277916901,0.077972358091469865,0.55044033168933137,-1.3228578610500907,0.11663879269232565,1.3488929835207479,0.90346881949309166,-1.5227283369162983,-1.5196623012617971,0.63413324645014302,1.7934936897099467,0.0037176417895523023,-1.9398234975512771,-0.65355351689774577,0.28444091549113559,-0.78618003770419431,-1.3439041536392076,-3.151737235733167,-0.24544985292939261,0.010833871300654755,-0.31935316096619243,-1.0735067684921442,-1.1160982687188099,0.54676905824893518,0.76262669753543932,-0.5148076999515534,0.49884612307279863,0.025976176195507936,1
-0.71255913437030471,0.87112800446296623,1.6170944666805349,-1.6887849218125204,-0.05434828621165759,-0.73216896118823316,0.34634010976837426,0.17886865820706876,1.2390520660245661,1.1767248005136788,-0.96482569798365891,0.8507345224750209,-1.6366774973342084,0.085137237726510689,0.26257950276389219,1.7502985760783256,-0.41243915109776297,2.1033700887313613,-0.081583421993263461,0.4324547930047159,-1.1570534825184211,-1.8403765951105384,0.67570417027492724,0.68894784747402504,-0.25899033242428704,-1.2797036233880523,-0.73588767991739912,-1.8171005142431877,0.096979479278338152,-1.1424988224343344,0.34142441254481165,1
1.6903994607643202,-0.33547504112455306,1.1934208583329384,-1.0839288176997242,0.53780633653556253,-0.26789451588190522,0.14085376444206499,0.60213836249233366,1.9505194773740762,0.69855940266365846,-0.87438251416366064,1.7440596685665966,0.21583844802929655,-0.49825229461943754,1.135725916538012,-0.57341238867693756,-0.87998600696397444,-0.62189837416580329,-1.1825772245663213,-1.990823590507949,-0.11141714016469281,-1.089295633000954,0.78543908581399335,-1.3750559434815435,-0.089660461618336837,-0.50990111057656973,-0.49776149549085519,0.91644887581199674,-1.8540440669421072,0.77114340712033647,0.10212994481636155,0
0.084514484520564231,0.1630903808070869,0.24599305975550861,-0.40173756241975173,-1.3380572857443451,0.99847741376119592,0.25694394390199821,2.1268245708950593,1.9088243572318406,0.23206858838450017,-0.082151692315294525,0.11278880199892112,-1.5037272966874644,-0.71841546440538151,1.0069933288099882,0.51697419872099104,-0.63488943649497942,-1.3700418081206787,0.57850068485203887,1.138072458375585,-1.3245138899384248,2.3158043215568989,-0.69186594369967958,0.25232146634127717,-0.074563451222317861,1.2697761906063811,-1.5103099126828718,0.81209152020306186,1.4910171862013359,-0.22835853463508024,0.052621502061413916,1
-0.55482358431404855,0.55357272464630092,0.91598868502220798,-2.9964492578499207,-0.84404304544519715,0.77981336544116731,0.241206969084205,2.2520747324314501,-0.9363907590241618,1.4917163907895761,0.36033934971393683,-0.54867622004142191,-0.28472138511002715,-0.30212424423846729,0.64849856405646711,1.9877387024461313,0.014835288151888632,-0.0043250429061468393,0.30885123376307239,0.97378722352962077,0.74325734461431525,2.2356190699073095,-1.0277351688564038,-0.05439516063395694,-0.87993417090809589,-1.1436318337692177,-0.45105543375903451,1.4588571093185911,-0.15090398164356061,0.57619726348401668,7.3485866024809399,1
-0.23360895114628369,-0.43847591435982558,-0.73564053350381498,-0.71438092123453589,-0.17526358820411569,1.0342303796374217,-0.099988893832330297,-1.4111646384753296,-1.5923756907161857,2.5446820060167266,0.28483075364859534,-0.25672401141984819,-1.2197968263772656,0.12357194116841594,-1.6932980682440411,0.086774719914748985,-0.48423619816006797,-0.32535370045234535,1.5029370027493063,-0.74343091835798092,0.57982861449538081,-1.1199909810720927,0.7983055192876285,0.62426004010876135,1.0222380688162702,0.94454698763617684,1.3268632075842219,1.4221559923288594,0.1418463400387287,0.098760781006735895,11.157032984629122,1
0.45874604114722162,-1.01093370469411,-0.86770313981136893,-0.88623153980324842,0.59108714284738173,1.1464775509371512,-0.34102498497030703,0.16066931962969522,0.15772930821385153,-0.17245958351121243,-0.2431109159562454,0.13454540349949376,-0.27829863693928403,0.78766594642983467,0.11813916317795414,1.0816384575454479,-0.49604420732596999,0.52018126730938019,0.96145194070151174,1.1212197079802357,-0.73279109436546619,-0.75674359423656901,0.2663974316596619,-0.24168604576897143,-0.94100459489916055,-1.3715324156918127,-0.044259260029062109,-0.76307198831060785,-0.69868119295246156,0.37091935650092916,1.1852286860609647,0
-0.87225658999830802,0.7998586520419203,1.1183260849436059,-0.52896271770734959,0.17285068174062554,2.3347261921836382,-0.81587656340242087,0.63611535996042967,1.0174047927628254,-2.9456495088150816,-0.96339399614265364,0.77031135168234,-1.3582884939475528,0.73015456268373491,0.03245822482287683,-1.0265348723303385,-0.82371924518395911,0.37873943188547693,-0.11098785892322906,-0.4553109845444992,-0.79812800405095929,0.10650365749969783,0.71835564063724766,-0.070120623034346047,-1.3397611600240811,-0.44438404308414703,0.88662119467956846,-0.6489771313318472,1.4811009115800606,1.158586830200556,0.50756301718846719,1
-0.16346481522058723,0.66052464073248496,2.036869105802892,0.5905000594371238,1.5134327874871469,1.3074431183290511,-0.78035043583532882,0.42753711326793242,0.60754732792457899,-1.439252649077609,0.44757910336614526,0.69070734870334316,-0.89250337785167677,0.015865362239289183,0.097474363213815418,0.64888129195432143,0.48100647854062201,-0.32361689607499416,-0.33860242936559992,-2.4801959767560042,0.64048635273875054,-0.65737374430684681,0.68892825159005755,0.023437669235154134,-0.41753565467504228,-0.10868013010461069,0.69155164229678012,1.3803274129305727,1.0866206109562089,0.93435624759478564,12.348481543975385,1
-1.4624034869369287,-0.40935101061591245,-0.98298485498674104,0.86672744203905416,0.2383860707460215,1.1457982066719772,0.24913151994122656,-0.68766445138621757,0.77541721988339907,0.64918421440717067,-1.2380585350042457,-1.2855772565574404,0.32662400354743815,-1.145125184073243,1.2825561907204086,-0.11591805524214674,-1.9971768659823921,0.08426487794850572,1.5935458567646414,-0.23107248845099684,-0.82539079285471362,-2.3765075270316318,-0.034975979118464513,0.39674428818596202,0.054013005321393352,0.39497716613559319,0.83122815136321226,-1.3401903937273272,-1.3859000894837126,-0.22571315245892642,0.3459567945141267,0
-0.61765238478710227,1.0272627640818315,-0.98553625473973716,0.95956064732515112,3.2548415745121884,-0.85651225069395998,0.10746666973774972,-0.16777046957055616,1.3778441780784245,-0.29464964707963853,-1.0738386924677923,0.34103436908848833,1.3613381281191261,-1.7221487873606469,-1.5322025094772609,-0.45036931174630973,-1.5495592165470993,-0.040173577861814018,-1.625130459105508,-0.91629944173154521,-0.17655250790049964,-2.7207183407408362,2.1317158421440938,-0.16188421252598229,-0.52497020220723645,-0.65116339540713986,-1.3228888624633866,-0.057418554186469704,1.9363144790100428,1.2236668554850547,0.78061679354748448,0
-1.6308733963537365,-0.71141155801923095,0.46017907297850291,0.54636281739825787,0.3104645266561451,0.51439107824555541,-0.84846104852485071,-1.4948184308824246,1.2081556686665083,0.13714276683976123,-0.25975771772947037,-1.3190477388219135,0.35904400920401558,-0.99077595646272743,-0.89933750636080856,-0.24802126025309268,0.66797291379438151,1.3974710878429348,1.523748973586103,0.44696122584986264,1.1998439863626584,1.286107510857273,-0.45364938789333925,-0.39380045932803792,-1.1848205387884359,-0.8597156970018901,-0.34068562888813708,-0.29197656047454007,1.2962407036187413,-1.4636371586857859,1.1636403926338368,0
-0.45108004850867867,1.6385789272616413,0.5140794840555456,-0.53118206104674648,-2.0352196622005128,-0.49678016490505389,-1.0186377094914583,1.1166741262497404,-0.39088474569167786,0.54092145154233306,-0.95203788730508565,-0.79652114571736021,-0.76941443833929124,0.10773876958712177,-0.24153055307503615,0.96555655851176692,1.8236065224365636,-0.97666284752747035,0.76398945577375121,-1.1696533863720409,-3.1577560983025417,-1.9220034423682766,-0.27177551650598436,-1.5962360897815455,0.29132769814299864,-0.29932123564231183,-1.0326431884091771,0.14824918621728686,-0.65972055346409919,0.99537640203291211,2.3224974507485396,1
1.535072096564039,-1.1084773090341331,-1.3731702185071621,0.2565263258800794,0.32138182252171277,0.53553505012588354,-0.48878911460145158,-0.36750286568614421,-0.24831884188276021,-0.17430679049532649,-0.72834940572688223,1.2915158572513901,-1.502119503106033,-0.32705319911137531,1.3159671736121492,-0.73075367318196116,-0.085589092923864393,0.57299240829985487,0.58037776879176661,1.7448099187532387,-1.2876680730157783,0.14757089376185123,-0.22104257934285093,0.56231685628639028,-0.026497398448060008,2.5956422114142135,-2.1220150467268186,-0.59504641618592047,-0.65199142387927111,0.85695012695139317,0.17101501684914464,1
-1.1456018804398624,0.96192717522260995,-2.6722488356542971,0.88643157650609805,-0.60622715443690656,0.44858734873691608,1.7853099237912828,2.1157318046054874,-0.4712115011175777,-0.12147641025202539,-1.5459144005170797,0.55504407294357605,-0.91388822483975063,0.26782294256507561,-0.39560068464659587,-1.0159790418865819,0.26130894729581566,0.37819048994925608,0.89335857752877623,0.69008968371465285,0.33557857422704612,-0.22586010369846896,-0.95442362179733231,2.1534420544904589,-1.2077925371663245,-0.28149608234946361,0.8723231274437222,0.34782780657406503,-2.0022227165365507,0.40045087290792097,0.49278653261178013,0
-0.48485367816409658,-0.55833452812894035,-0.41427612837498756,0.48509280673482197,1.000999403661994,-1.2393769528689873,0.77140900937423795,0.41004311752231593,-0.10327782705415689,2.4966136374306847,-1.0486955697108009,0.36460522891142128,1.0156597945059698,-0.39172476437075776,0.038627262098329285,-0.17831420392103217,-0.58289599099798461,1.000975865407463,-0.77827047999597221,0.62423900899266493,0.38527492078293785,1.2276725823461505,0.17657270699086874,-0.33900631041343965,0.40240927740356741,1.38977819649497,-0.57529914428657825,0.0046651000851376601,-0.35576485378271039,-1.4713113242595062,0.97136732634093259,1
1.268141226305481,1.4882301190807787,0.46263348617815042,-1.3884538695889956,-1.8862369375404009,-1.8593864383164127,1.962399151211869,-0.30486770039032257,-0.46144592664610101,0.76007861307573776,-0.68248859957115338,0.54290018900949777,0.09721693819818801,-0.90941240760588893,0.93594656128289444,0.73287929087931791,0.090821414914754636,0.4572593697141909,-0.04274636905674347,-0.29974479214120714,-0.5920741973394954,-0.011038425860140037,0.88698276125975661,1.7019528727943933,0.15463666809687093,0.45228640755919952,-0.88793069077253717,2.0265331616813347,1.2155863534238018,0.32717151077586243,0.035540157403115655,0
0.2056151970969822,-0.6394617133959889,1.1496145195025174,1.1940170794828939,-0.78848754404033605,0.77547214004525056,-0.52136008043746929,-0.61591568405560615,-0.23151406023519733,0.90220639659413582,-2.4699082154212628,0.13024166133435275,-1.8775723838014833,-0.41416740230205695,2.0566667396681102,-0.3628165148325439,-1.3122575159704541,0.30495273023133301,0.47922745424910285,-0.1025837752267624,0.21617825428469034,0.96089667835198478,-0.45421026024381983,-1.3741937245286791,-0.29962115471656425,1.2781095913208751,0.53120383293293971,-0.47703510431876367,-0.52141120707681055,-0.91606652215098072,1.4089901189238956,1
-0.050204405277135516,-0.88826192791080627,0.23748918942311309,1.4779883369421736,-0.024318236576521907,1.4081830620216669,0.098429092504595417,-0.17348049414972011,-0.43578909858059911,-0.58815680182351571,0.77880589439613968,0.050170045338470408,0.17399638214601434,0.96212939029131184,-0.65904159085200764,-0.19636525106238006,2.3698915386695645,0.67917412932709065,-0.32512467093627445,0.46634054097979682,-0.72527006502596847,-0.071038046152696085,-0.64508649731308565,0.25378921581128949,-0.32087899099591299,1.0182178636994124,-0.08089179413407728,-0.071923176860169136,0.35758480748664673,-0.41030187494974518,2.1364084840346749,0
-0.71517825703962201,-0.3120948050820187,0.68318923868129833,-0.92959465825693688,-0.79257759915740755,-0.78503331636928275,0.038974076634598349,-0.25175772699893223,0.046611392678075805,-1.7687221349859383,-0.46284997512628129,-0.72040850438920301,-0.64749695544197439,-0.44678387958801069,0.042577160047955628,-0.2568519479567693,0.30426753314236832,-1.4397267934207529,0.97139288789752343,1.2532957634952355,1.0905476649132111,-1.1310124707104523,0.27277114493864174,-0.055276071174745381,1.6600319816264344,0.050189405890986367,-0.30790658491983197,-0.60724263318653993,-0.80337725503783108,0.3757851753818684,1.7880721036941831,1
1.4441797088465813,-0.69186879388933964,1.1570560882321246,-1.8530559674217497,0.61794391020377959,-2.3556299810478802,-0.53528270645680065,-0.30660972218091492,0.16046272631698447,-0.55307772973112157,-1.5332435800333613,-0.32454764152479532,-0.55254617065396827,0.027319393384368049,-0.30308230102565914,-1.2122440898227353,-0.30169539558030145,-0.42958225811644701,1.018519698816736,0.28441611361653557,-1.4858726531369228,1.1579574825601711,0.72745167574460834,0.26681868472135167,0.954483969353494,0.31699511497262561,0.69906382165586511,0.20562420006553672,0.12172679332065502,0.49263681240293278,0.15263666057570488,1
-0.63429315881689696,1.264187769443778,0.053423856156339787,2.2472509605401876,0.49207305771083254,-0.17154997526790336,0.43495552088135508,-2.8163403917806953,-1.4240267928623989,-2.4600679321297632,1.1065131970925677,0.85252295234871633,-1.7968903601782158,-0.47927765771102471,0.1568172277213635,-1.5621158296012614,0.68953609555922968,-0.19808441232268589,-0.35798772344277152,2.0034998836175593,0.83983474228933563,-0.71223983281558045,0.14849929037007048,-1.0114752180774005,-0.015331272942710651,1.1073878666398367,1.7962390780306952,-0.62516027610520608,-1.5482021838696218,0.68474121904553265,1.3581864873770846,0
-0.2692676800947249,-0.065999277319038124,1.5667903563951617,0.87257298147987472,0.35045602330386993,0.079740280008432182,1.4089127919810576,0.64148265477558997,0.90194965263342575,0.44303430209170624,0.60395244570776763,-0.047950587923750253,-1.5258258134147273,0.43369678819442758,1.3900374464525782,-0.47120462430699106,0.28440560652528202,-1.4720190928896844,0.55440041649928207,0.66088754879510347,0.48205212874660491,0.60785007875618091,-1.4086397018962633,0.74632411894100303,2.0669663009075285,-0.54201451011006452,0.4067937062628077,-0.63191219027069512,0.81489762713269198,1.0928869710650606,0.39991517901977114,1
-1.3291992439448979,0.53668329458476016,-1.8259588714116826,0.16461370031147551,2.1028649206284364,-0.37666379496535585,-0.9251229579865019,-0.094915399126516267,0.082960305420210101,1.0007168646378806,1.1775422309749273,-0.15542258821610913,0.72086525627621434,-0.061793158063900545,1.210696550336102,-0.9418165836617074,0.47344661434965152,-0.064827535147838802,0.80633231727471899,-0.038805711379803376,-1.3079791440759692,1.7409054269553608,-1.8691967562008613,0.14225975696595425,-0.099965391807326914,2.1465157848096155,-1.0085998681186226,-1.6088042491746208,1.6702091334346949,0.44875711747676383,3.0590605886698152,1
-1.0825022292015429,-0.98481938742775443,-0.81885170864183388,-0.78726389630407523,0.3987880405879366,-1.3313479190784971,-0.86733565061591722,0.21135935077870413,0.64363578591441228,-0.23165752051250782,-1.8528903056904305,-1.8751118459433218,-0.18157744860488337,-0.74449976252712424,1.2270501175615587,-2.110355607925253,0.59011854411986253,0.63074739494722543,-1.2256598307094773,0.37505826882226012,-0.18098273661207792,1.0795602085386264,0.14329214813953334,0.95666687522290839,0.28582862470949622,1.2031529892883359,1.963721773559072,0.70738666424773733,-0.056811019978489932,0.18442013397165227,0.024686711951136229,1
0.24460455246802182,0.074081106138415231,0.83953123387722906,0.43319460699648293,-0.45470592868573562,-0.87689007551280329,0.26857797094879071,0.66025519068037375,0.38389946648459544,1.8390740534352246,-1.754951127374512,2.1229653932718882,0.19978146025902335,-0.81376668649018813,-0.40184257221318209,1.5329353003817197,0.55494715783087967,1.1113177114255659,0.68285505313078199,-0.19387284296463514,0.27086168444802466,1.5582201859192693,1.0650148904305654,2.1479005285812294,0.049592878022652082,0.19766708657435558,-0.52293766412863352,0.82783228584277091,0.14943226208645338,1.2465404912331446,0.11385937987876996,1
0.26492497939151805,0.37233646012573085,0.90008851265737444,-1.627606570328356,-0.16230954485520224,-0.78580775946545933,0.60732389117947427,0.55214277519081167,1.8668038072193958,0.61250419209713325,-0.2800854435179877,-0.072036475670733055,-0.43136407080625394,-0.32888771008280515,-2.0807142310537339,1.3177412097718919,1.9652235164645397,0.04708133596326692,0.49041125541294667,-0.39557341152054065,-2.9331162042394787,-2.1317109116204005,0.32788563709362284,-1.5875578401366757,1.2587484761279808,-0.78702638178933082,-1.4172441078587155,0.47709959641925775,0.40241104262351823,-0.67986782304349491,0.11342650443839658,1
-3.0368895655141825,-1.2299860341111031,0.22697070880789968,-2.0024923073947805,0.13310408035536583,1.5695243700252279,-0.37222769717475634,-0.82588984941008314,-1.6123887373549546,-0.77347878766593281,0.60376851614753091,-1.9613493864330795,-2.1541945449891742,0.53412809213054935,-0.53841663930084271,-1.2171032967100044,0.19763871369376729,0.61944979437190206,0.81256106705800724,-0.052086636568926273,-0.0087285563630671061,0.092685608002259334,-0.68113016734266696,0.40719336407099321,-0.40345703306461023,-0.16826568702870584,0.97651872640596049,1.783818404983482,2.0007709541542362,0.071527700018268608,18.822945157731777,0
1.1925205821532021,0.1544737292956388,0.10460117029471669,-0.075132451548939633,1.3131057503754362,0.9345694482577499,0.46087055157514817,-0.69148312570800075,-1.2070435201972309,2.3330451422344596,1.201011922584821,0.080326388941486929,2.1522977893256581,-2.4459449982705643,0.86710110582002042,0.68105075781432778,0.35547152176040364,1.541843097310968,-1.2700836641966813,0.68834930447925957,-0.30961209487727737,0.89392863498878838,0.42445240188423772,-0.6283251576055684,-1.4502123766919632,1.0038011889274772,-1.9704413810928489,-0.41900442673349253,0.22567427688864303,0.90832576124261644,0.31426647624522658,1
-0.11998572235955801,1.5236181436110543,-0.51248080822827491,0.079907233809539124,-1.054863038553808,0.44466840854813078,0.031591338284748784,-1.5225120019070664,-1.3449710622728157,2.5351217938012054,-0.87459375696641761,-0.97166225442907705,0.056285703452975046,0.88701824675621022,-0.37894103528836576,0.013680664975042481,-0.49331451862604153,0.073574739190228652,1.8156121143663999,0.68865739099101286,-1.5280315983270916,-1.093523340838489,0.95026140197589049,-1.524139420999882,-1.1342133888448012,0.77570528273092065,-0.43035427020111966,-0.328176945813345,-0.3733261355162224,1.2029664058938159,7.0145100182815812,1
1.4615670407670216,-0.055086510432917006,0.2547632567724934,1.6084064725429947,0.56597563998621914,0.098736877793666356,-0.62381197825396473,2.3310414708006357,0.31028623091046592,-0.20416762019867074,-0.17313575538467499,-0.1756758840296086,0.3768157689886748,-0.04450128094784922,0.43464705561065514,-0.58541899785465201,0.920471011156896,0.34097041498336012,-0.00092657071422120999,0.27487005979267037,0.59029461403044425,0.32886742300367955,0.46265832950381103,-0.26208864960498318,-0.40068511129395773,0.84718069564204845,0.53536934715902296,-0.91563196590277063,-1.0793281401347656,-0.10405291430140562,0.17101275494160253,1
0.63253326172622881,0.30515855279870446,-0.19922745066099601,0.64447658585971512,0.30138210559869311,-1.8369159872684722,-0.25411543407412396,-0.41298568524534462,0.3400369724636122,0.97898847753610385,1.8100481352299491,0.93404016444373883,-0.022588869445694361,-0.12249345826452891,1.0613841263562076,0.70975145194259126,0.12829971536044241,-0.33478735427163636,-0.30256942423360855,1.1382539111049197,1.1552914341248621,1.9175391312372216,0.86552838031958268,-0.47683621491486855,-1.3347678702256403,0.10825137850133743,-0.24091241950750833,1.0500422579447983,0.54532671894109197,2.5543433681277472,0.16520959705845265,0
-0.76775528960021622,0.54388753237149101,0.14756040848850782,-0.82258459482418134,2.336595936811805,2.1842304093486749,-0.8445952740412781,-1.2483963573978312,0.70119274577291424,-1.174955931028105,-0.48162546235072579,0.053648196821833638,-1.1801009285774489,0.38608996048264527,0.078237671220183116,-0.59650551412930763,-0.45822519589029853,0.32628351522328652,0.70187916123119121,-0.041387507750902129,0.65672830999671661,0.3465777569057229,-1.0084572259243927,-0.82031070003737727,-0.016554657667254606,-0.31932295753572559,1.5423112302572139,0.18311649930450935,-0.92312254902731361,0.82102939766607097,9.9357164639186433,1
-0.22635795707715872,-0.44187938786139846,-0.4198489757522948,-1.2565280081931902,0.19748897916956296,0.83390141399657891,-1.130206483626969,-0.29723677776082635,-1.109027102232129,-1.0749452272678781,0.57379161801945644,0.079864154299755741,-0.23380409235917235,0.3815258854278627,-0.14151020462589037,-0.62386489419824276,1.2223334943839557,0.78141179690809481,0.33357464402592091,2.3887694971825066,-0.038406664835269673,-0.17679816517196087,1.5087132554248717,0.068788946419568273,0.16161607195120684,1.3658023515728359,0.25123836286434431,-1.4316487735092507,0.40764759874154377,0.38056482770586358,4.9847236336507947,1
0.077752392473138587,2.5964269712136705,-1.3827759971628777,-0.22082219727595329,-0.76815661081916531,0.088084198871695565,0.044204258449104354,-0.19091013409279561,0.90747777474343649,1.4257837825430681,0.72994367479118727,-0.19340358331231466,1.5529204958529887,-1.3221179549496671,-0.79166130976530569,0.53536729724656895,-1.3480898924396798,-0.85466554953198093,-1.8480444449796372,-0.65849459746351935,-0.039846536478505411,0.5669690005972402,-1.5324094693156234,1.0158686525835241,-1.4311703921334291,1.684613449174432,-0.65888131038005571,0.41701771191516129,1.3555494020602985,-1.4117700658517303,0.031025551050760856,1
-0.88495058925370063,-0.94231530775529182,-0.8439728846400566,0.93170582890775722,0.71132580863903427,0.92196610242341803,-1.532151735474079,-0.61445920249817387,-0.37662316674143825,-1.4283875235969772,-1.3891718799022821,-1.593517587586978,-0.073153382610505482,-0.4691766440109269,0.061871338192458679,0.18299710973702277,0.20597146141700082,-0.44560891383300427,-0.84655285488171284,-0.35722615103312344,-0.52316589038676475,-0.92161505134025734,2.0555716627749252,-0.38800127862476769,0.54739678220089605,1.3295314664305262,0.39378720722256355,1.2218333087614244,-0.11152541382027521,-0.58156412757304166,7.8746843402085585,1
-1.5418573129146793,-0.79926559834277477,1.5674569690971727,-1.900695896823239,0.60797981226325559,1.0798456311868565,-0.73723852119338484,-0.64740428907928682,-0.26166885576450921,2.5126116697811098,0.18662241115867498,0.27247865810546351,-0.28319161223790151,-0.83505200365916066,-0.79174525631765102,-0.96622122042893654,-1.4920506267281441,-0.57320456166666611,-1.2157468390313417,-1.2540859291545863,-0.12070143712780648,-0.56337957226371338,-0.76277397367662492,-0.023368103949418691,0.62368944276073157,0.61623576128793722,0.32882010423095104,0.56353311137177498,0.33588100528780396,-0.57338697974064812,25.367846575099971,0
0.87207990241185207,-0.11259719502413323,1.3558878337373041,-0.13843160470935179,-0.80996380711582028,-0.84559086162512809,-0.22814167836184979,-0.059713254008253829,0.61645740936895788,0.48029125468018669,-0.4796658139585348,0.64778945125435594,1.4707670968521818,1.174900253926096,0.04976321125726911,-0.13038419012044594,1.0453959161735653,1.170355235930747,-1.2258099270166274,0.0048898061442147348,-0.84769009774287829,1.4394812060351314,-0.97235335447400173,0.52911030665316883,0.014473525671034337,-0.59981360337280032,2.3830436492859941,-0.44461031585092536,1.7270088127513392,-1.4502467149820204,0.2215112653753632,1
0.50893457458685165,0.72339603354148307,0.029506884382075296,1.2348731896625249,0.106888376918287,2.1676590515172998,0.52122549204504875,-1.302115430624363,-0.51972962409641021,0.88408054759212162,-0.26142209676157302,-1.5999158248269749,0.38778134253641416,-0.43682635395918279,1.5305313748131903,-2.1198519415138199,-0.23908741838518313,0.1935210272851762,0.81407548911674343,0.037085840964058661,-0.061537222038002055,0.56373832894441733,0.16188453114515028,1.3194072606885792,0.2136506665123305,0.87872672004457286,0.87384491394466224,-0.35334637676061326,0.3406039379968448,-0.45906504241942236,4.0140686734692821,0
1.4311103365965407,-0.39801554501346331,-0.20246480806616465,-0.49114962420688957,1.2861039700231365,-1.0859991910240201,-0.48249475332825109,0.42374224338334887,-0.36560977860362431,-0.42314534822664734,-1.4288671899120056,-1.1851920059374852,0.91261290954261065,-2.1769447137642062,-1.2913875078340931,-0.62477744579059891,-0.85175969199478918,-0.17300830198903328,0.32420423361500644,0.54341199601153334,-1.1140148291526499,1.4370155063690224,0.96216508952444435,-0.056424762403068922,-0.1513073841210841,1.0982643312681595,1.3581667882743751,-0.1042581254217982,-0.37666094110438281,-0.63245071057950375,0.40201349820849402,1
-0.094205792672219346,0.14618959010562876,0.33198995467137599,-1.3256819278677199,-2.1555210490323033,-0.13193036347809989,1.4698662216596865,1.4241921339082413,-0.29961547092233248,0.62293112491835168,0.57648904346452434,0.98550615000389608,-1.1706831470044807,-0.073530407968583095,-0.26631606382939488,-0.47217331353953074,-0.62014219300548201,-0.50690583086066843,-0.28929472471772999,-0.53072226047252147,1.2205497181292837,0.22126922950282324,1.2204485908899292,-1.7902424752049872,0.051020880718203682,-1.9753669176182949,0.47126274955711212,-0.1184804097187363,0.65708957481155239,0.4776450895222768,0.211208759293155,1
-0.015572611330514958,1.7579518610787923,-0.31436330167271348,-0.487604095725999,-0.091864597928646013,-0.85909301552512596,-1.2375245127036991,-1.31169192779345,-0.88600199260979662,0.10520346770361776,0.99333506605304633,-0.038095575073972467,-0.83103225767426403,1.4676364754892592,-1.6105358426810343,1.4761895486391945,0.051728143706847252,-1.5424349352112217,1.5347738749404818,-0.81649368449734516,-1.9714185385287406,2.3255857859127125,-1.016804845902467,2.0355068374170018,0.58284024766625608,1.8270119731793337,-1.0126130894541454,-0.80704733018640762,1.9178595376122451,-0.96061214748746182,0.89763293643374709,0
-1.721339172644359,-1.1026658746486588,0.437256758428966,0.6305828977138801,-1.1101913639323482,0.61237583339381452,-0.72913910559293615,-0.94281174145823965,-0.35826159329339025,0.68148775489246594,0.017013024841091261,0.019988082906251089,-0.58129486977407152,0.94447643420466409,0.58349007856178325,0.62233924225448833,-1.4669761111885342,0.67141524780803141,0.52039978562884137,0.30387245269984148,0.76340567800119963,1.022373082177819,-2.7125724439080052,0.41717255979024037,0.63758037329337536,-0.87194784353731725,0.58912703891714269,-0.98673996147749687,-2.5401783764316077,0.22145158850713931,6.3571109948398243,0
1.3480878957175744,-0.42750091390271583,-0.40221292551152155,0.92628221068329408,0.46517545512509673,0.21820865193806124,0.70926946255141088,-1.1287240547814812,-0.81078319767315188,1.0586900190267778,-0.25174958008693971,0.37962372390411153,0.87132336379651154,-2.9357549654794193,-0.1150085942995627,-0.72029054557576189,0.86483900176603823,0.84746872418890518,-0.08175301914995621,0.25501662770546213,-0.57453168264053922,0.088410244268656776,-0.059637382773864329,0.79904679210271679,0.074592980933949601,0.84800269682682772,-1.9855836545854719,0.3848188986472072,-0.012837008722028182,0.14777164744266641,0.18332563484327105,0
-0.27935371266401415,0.31305296608185734,1.3047632768529651,-0.35109104028296151,-0.5667927698220232,-0.91277911880278839,-0.79357798865684248,-0.83355507075994295,-1.5410767234769107,0.7590942248611956,-1.8116836486614796,0.95455459878844751,0.5534098924957519,0.039996202971167495,-0.3649339485747124,-2.1472333446107008,-1.4984055903057536,-1.4338340967057024,-0.47553716156722942,-0.67497800575267719,-0.73761531377251,0.10287685718922331,-0.91739279921922812,0.740500164932542,0.99458565377508557,-1.2848819373652163,-0.56153783102894861,1.5982965586417492,0.16198986384029493,0.18036066885415236,0.360366259957213,0
-0.29843408887693262,0.027487539757014932,0.55782712716418426,-0.31850712151298088,0.27374981312511243,-1.7254421880875948,0.64985071795535443,-1.3245334376381854,2.425173164948613,1.3132514021761317,0.95615784322335584,-0.99808016911193587,0.79242012329364708,1.3603907952626246,0.9737737844214418,0.68690736727510726,1.8695870968701589,-0.22798576054341821,0.096193001262580055,0.69673171582203852,-1.1714200594000344,-0.13940434595675624,-0.14059654635249691,0.46335502186523969,-0.014123864977696741,-0.8727771337334449,-0.45945621394447733,-0.43766952295472533,0.67396344697089883,-1.6293521460024112,0.24529418703358499,0
-1.4681466407622887,-0.44957660992712739,0.92638987997368438,-1.7841163688921029,-1.1562890834520165,0.31113195994794579,-1.0903991011366816,0.68091585349805916,-0.044780127421278265,-1.2417796685510734,-1.9518527105231724,0.25648472483389106,-2.9288777264005619,0.10187878401873346,2.4569330263720728,0.51377913658951258,-0.37771444951130523,0.56970844734441584,1.4587300264288745,-0.66274917793484145,-1.9210981430965557,0.025913580382147507,-1.1632404835554373,0.18108962534111672,0.0068492755463841646,0.69040270339826493,-0.0064250198361589725,0.75056428732466929,-0.62228338133663741,-0.51721342172755003,16.461234626215553,1
-1.7991598192341698,-0.75250434645565867,1.065333699487979,-0.94719116602578224,0.17838496848610549,1.2114307368406749,1.1009817183985058,-0.47046555034805904,0.14822291398879173,1.0876223928797963,1.0988548399464022,-0.64590583340500884,1.5118773087422568,-1.2014742687741329,-1.5639294524208591,1.3196387879501648,-0.019717881823005032,-1.5113482185423655,0.93198579590159691,0.90472407467906224,-1.5412985135117179,-0.10608153237122964,-0.14144679714756547,1.0540201812093484,0.072117203528458171,1.5943963016861049,0.96512312702236425,2.8595079846666995,0.142939163794848,-1.4098763724570806,2.8131941871660118,1
2.5757845341749674,-2.9051608051583653,0.85561537119787856,0.19520984422484366,-1.0110089260801114,-0.15250223387745121,0.83023138568174337,0.61634292366948318,-0.0416167227163666,0.15803817489073338,-0.89080750656834329,-1.492937389876509,1.0891660298871164,-0.42672646222822769,-0.8055999919589959,0.12348337216221994,-0.10921337760046623,1.3541975723118123,1.7949492301437981,1.1381399838093238,2.4173948473086564,0.93616844666507015,0.35157900572854428,-0.59806189843933699,0.70696465470374559,0.79880136159333215,0.199421362465803,0.0089484875257788785,0.75944830804367647,-0.0048691274119096349,0.0021955512184294469,1
0.067191232033815537,0.85571446029822917,0.3686197069493069,1.6473235416793301,-1.2961736875420617,0.34812259230027554,0.40065186085817012,-0.18710771087358269,-0.37436890170263148,-0.27272321171610725,0.35195311390368539,2.1196411625365577,-1.3177394469869099,0.17051478941420686,0.18213064982629579,1.0785286324989498,-1.106120378573787,-0.84509980577402588,0.74171370300247286,0.45608796252168543,0.32979052349499344,1.9474981165190877,0.25668547439086381,1.2833462997771334,0.92391014153606366,-2.1795748804868595,-0.14235777164332369,0.96411108420277758,-0.95467671706453161,-0.5185714369480523,3.8182431327333357,1
0.81345321981675467,1.5595109002835532,0.80711191595692322,0.28035113031221753,-1.0764936886007854,0.36350868671349096,-1.1967935047491154,0.48600485486550915,0.32866574958082134,0.79179805639662404,-1.363328224212031,0.59007119958203114,1.3785366828013674,-0.19941885443154339,-1.043306078656995,-0.96773061293474372,1.0538315320327418,0.11512546469916529,-1.7493651718413732,0.061744567935195019,-0.47629064822756983,1.4737188881655237,-0.5009074078654957,1.4117123997786387,-1.4331316237181442,0.046514979533244127,-0.4430495287715408,-1.4696892533808559,1.2011748922286241,1.6019673724549335,0.17530833422371414,1
0.65107846729881325,-0.039191374941525574,0.33104741221072181,-0.81773853572562905,-0.085302698471746388,-0.34429813225390271,-0.049846126288148378,-0.28633911570580672,-0.052031196474456878,-0.21260067989977452,0.91840101524570183,-1.2362035943845679,-0.074598221502453613,0.41360081522330949,0.80697375698762719,0.22084159169294579,0.14552298540901129,-1.9445182787860629,0.28647579314318006,-0.61633938953637046,1.8232124424852176,-0.013756874632226539,0.11486810455181752,0.36545213355606804,0.092494652780538741,1.0075644859249069,0.55189185400953322,-1.1144170242952571,0.50147238829011653,2.7169926984463868,0.28063714210362145,1
0.65479256136041197,-0.24609849290691171,-0.24629657303325883,0.023496582062541023,1.1450036865704791,-2.5540330938930604,-2.3230375209270941,-0.87386797055332732,1.8971835634669787,1.1496660144825472,1.2000990448509097,-0.73944552240194461,1.0637936048575447,-0.049862645155463285,-0.36192306755186943,-0.29451547216086965,2.841417678014448,-0.18560883933670633,0.60917361750729782,1.6228629891444375,0.80518064714478288,-0.35819070408802139,0.71464532450970719,1.8125372501882309,-0.60447367034118804,-0.14514731503649356,0.93098568293983019,1.1936634008571514,-0.45044258523414943,0.49536912495590152,0.40222276574656102,0
-0.26338745153194648,0.55100208246453963,-0.53330482510405386,-1.1148023080741221,0.9236118775697898,-0.096708933604613384,-0.12332675040051935,0.30703313234808055,0.3157052221467187,0.73368419159810727,-0.39324611205297128,-1.6473231568144797,0.34740319632936295,-0.074667694740175566,0.16433805579576297,-0.35458339712899895,-0.31941772800578411,0.74703578929156478,0.28401759163507695,0.31011515769052578,-1.4453278219112227,-1.5574619139957782,-1.5450143177890863,-0.83344181812705753,0.041774495850513814,-0.86637033750023607,0.32311710891669854,0.092541032015014013,0.14240899045350586,1.4346096897335572,2.6879494245553879,1
1.4696611205021082,-1.2464903539525263,2.0050895604996506,1.41116164917123,0.87189050452128614,-0.54716248698644454,-1.9230545321642867,0.032667540233964787,-0.32127205066177905,0.071858444588850739,0.59650208412257999,-0.68032641361866275,0.3379717992973062,1.2709544327534827,0.5041590105602598,-0.51935875266438047,1.891453525767786,-1.017608688343365,-0.17945823015982576,-0.30537822625923272,-0.48826325319747654,-0.66860104068022852,1.4138485196218173,0.85889390522530573,-0.42478969209020517,-2.4975841760314617,-0.88055692812733466,0.12076458946535704,-1.1302697336996694,-0.9128430431350979,0.96732726967385574,1
-1.1893818339294391,0.90979978431443043,-1.6949362838457316,-0.95051358691634891,-0.34646158783563918,0.98845124717654664,1.2347465827152593,0.34984315969083168,-0.075311293211551139,-0.34768383473982717,-0.35446182049923414,0.30255046135359159,-0.023460897141900756,-0.12516403079354385,-0.4108425036866214,-0.031982052061434584,-2.0051495603378213,-0.1953148304686653,-0.50185015739116889,0.85869452570586746,-0.36646551104065239,-0.510894756434224,0.6812186883537571,-0.67256876788572106,0.055806169479939091,-1.1278926559105718,1.0866008298955365,0.28266451308832674,-0.25119668401384943,-0.79962690089835153,4.5343535971727738,0
0.74062499252411473,-0.69596851732272957,-1.0047512209285154,-0.33309022054435239,-1.6966385495733824,0.59371641363475702,-1.0089457198902745,1.4975485182681119,-0.79892658004698303,1.3756556346711248,-0.45327965726953456,-0.20901442893797045,1.8753835186061198,0.98294071603146016,0.23268703985622408,-1.0468717459733416,0.13185944055260518,-0.75712884807897374,-0.44731456622646248,1.0419841560197278,1.1568810370957794,-0.51627689334604399,0.63974433605005643,1.3682037270568326,-0.79663914083105702,0.021866254886581941,-2.5692900953170033,0.59910552882480161,-0.13064381405207387,0.29443671997594367,0.49073724398192864,1
0.15630714267289009,0.93082195192182482,-0.84365825505365222,-0.29110601330314306,1.8317669852303371,-0.042200074458905813,0.31295662072048819,0.009394726929935782,-0.57803509998604308,0.50185030922557083,1.4401102327892759,1.3964395877156333,0.98410725896065787,-0.7662737725762776,0.12762605274578742,-0.43559735158894863,-0.012810867000358349,0.56548386326997457,0.049579110405096216,0.46296372942579184,-0.28905072886555105,0.83471582681994916,-2.155425053370561,-0.22637206277158414,0.057037023223575033,0.58643763112329239,0.74239827721082885,-0.67048866604102486,-1.1625186326560086,0.27469603108413665,1.776215625879827,1
-0.21913049354909286,0.3865067365949969,0.64297162966230381,0.73040170078291278,1.4283873372921418,-1.0648355882283338,-0.034820505132471403,-1.6013615753246537,-0.37535097104572601,-0.3037347916131532,-0.064202310266033624,0.37209375593120247,1.0324024525719973,2.6249186249896446,-0.50844710750413868,-1.6720402261124039,-0.029170767977079744,-1.0525797675837283,-0.59443318280305901,0.36271475755276672,0.11431202483668849,2.6746722236757816,-0.17377769386892544,-0.91849233210874714,0.42890081692445342,-0.091707780338590422,0.16486284769512552,1.3091775033373347,-0.50404523806250523,0.38919429381250403,0.28888864318080121,1
-0.36618835238551745,-0.64317894245922136,-1.7166269511086563,0.73893905257069037,-0.23142113866771918,-0.28573614452587426,-0.95534412775101474,0.9243187382288417,-1.1190124032474245,-0.45601740366294369,0.31890535238841855,0.71598070065264163,1.1010970285661148,-3.1971876802929518,0.17367453513946646,-1.0833411133647222,-0.78834916252697895,0.80300298713190921,-0.63977877799633986,0.11650256642588527,0.33342344237709154,-1.9681235412674993,0.8394155846341107,1.0523263952632966,-1.6420782525247801,-0.90631727259223493,0.63272251437400417,0.21625288108956259,0.1683989156166936,-0.63426108838607664,0.78036299411264587,1
-1.3630923131672532,-1.6308327668107392,-0.78294504345899862,-1.6783216622511048,-0.70495511558234314,-0.02555779438414384,0.5565926793420426,-1.0255490501017235,-0.41215211922445738,0.18725930105141061,1.4780648149547397,-0.24570687594780047,-1.0082872837892138,-0.34939695808428795,-0.64905237862764209,-0.44422685655720945,1.577917077297357,1.0878902549638438,-1.2568445426589234,-1.3506478678918847,1.0515066424958197,1.6037670723253692,0.95054447259462993,0.98000451247198672,1.4774658349801764,-1.2720060292762807,-0.46819056094715311,1.4675089867840878,1.9478358977601904,1.0752871913135735,2.79198565555747,1
-1.9151955826483726,-1.9036810503158925,0.4414750363044862,-0.094818948797533886,-1.7419699853241577,-1.1477779487802291,0.32165512449023304,0.063948292412666224,0.12849777635361884,0.8674332474766423,1.059128634383206,0.27960433486759367,-0.93098662308624858,-0.37271695289479922,0.75641395253520649,-0.15353192653033051,-1.4763289985960923,0.072688044665836157,1.7058786694977963,0.93362789471449648,-0.19259986740858792,0.27001940058644391,-0.05336450821001984,-0.27819592454382058,-0.19790519959759026,0.073392901104297678,2.2152475629359416,-0.094686262676986516,-0.065805873235093848,-1.8413713921264681,0.14289838365338783,1
1.0494940188828914,-0.96260083237890903,-0.1539360940889907,-1.4433797459479225,0.16028036018506192,0.33860556636445682,-0.7152454519229563,1.5650977716761254,2.0671223178072458,1.086924886091676,-0.74093697816097592,0.9477710528072002,-0.42565416907951376,1.3286675413351297,0.16298382663219321,-1.3179640223694289,0.42976933274555379,0.12925260958888363,-0.93231377414519678,-0.35872069961862096,0.33957255573647982,0.46291724002002449,-1.221552191829723,-0.83036265901291617,0.32810545482435588,1.1838173860082792,0.66259187130895969,0.3793237431914494,-2.0110092096961343,-1.7675957350728928,0.17169036925266262,0
0.75268751583476634,-0.27512196187320342,0.40803207533096481,-0.09865819943875162,1.9968283956230106,1.6485260149237837,1.2104500712738739,-0.37029604275735434,-1.4223553133552747,0.43885227614571298,-1.2690067027978271,0.89496166315235937,0.050832887367275481,-1.0148106765922753,-0.16097700099316284,1.5458205665384919,-1.3811684537446343,-0.7662908999033976,0.27660636542012412,-0.082533931130428714,-0.67799165403005557,0.3625568264088973,-1.2036628593088354,0.10443682936631705,-1.4610638790531647,-0.90187184939686049,-0.39586330773090689,1.0329428364707087,-0.73565124558601036,-1.8689714392991055,0.66618998757926806,0
-0.16474446852840641,-0.81312918672777734,-1.1734155065712362,0.92001201791518439,-0.26244081470925529,-0.048029525144492144,1.7386987145529169,1.8553941841240011,0.54335355163440702,-0.57630255971343525,-0.34179600640879204,1.2570883914007784,1.3153026376540167,0.056169044070525052,-0.60210076823809833,0.66546418121069995,-0.7413007555606278,0.63524145127671572,0.079264298700182659,-0.63027268274196069,0.72329059933748796,0.726803995259377,0.18864075934230051,1.6897297412001155,1.630944410204255,0.80421335914322278,0.89183476037530773,0.63776272701037906,0.43409219320109382,-0.87315545486164048,0.21635582817570681,1
-0.26015807202126517,1.2377639754860283,1.0731863138584579,-1.1026682831810712,1.2293182700518062,-1.6536160209095381,0.1741895656128887,-0.544780827441391,-0.78540795467045066,0.060152861372427417,2.1915274691932516,1.8384262817660537,-0.61776831538553634,2.1624004150174674,1.0993427417383441,1.3496217728163362,-0.93823786931574515,-0.66890767700596809,-0.77284947850825669,-0.35361628406152101,-1.3554032617358551,-0.25868462333743547,1.5628342107484339,-0.6966596451205217,-1.1735628824830711,1.619393829744411,-0.85578774118118406,1.6849297326122668,0.052348699671226538,-0.65167037424785024,4.6780408020857021,1
-0.4735813333914477,0.10805565540900484,1.1417270383484537,1.4260896881785243,-0.6701470660125266,1.3510366842788488,0.10449947653230243,-0.3861745042093746,0.18312333698453517,0.34649757973189943,-0.8268396018605112,-1.125611364316357,0.88063763590230359,-0.505706972830261,-0.17123986708622657,0.79778112897302367,-0.69397623203095382,0.9912549979482711,1.8577185057331023,0.24980740473127008,0.63378749433928661,0.40330851596739692,-0.94620580854249703,1.7366554978137585,-0.83912367456755332,-0.58379509552753039,1.8789847070016115,-0.20580599015306611,-2.1339091217100741,-0.36142652180265988,0.10588135931536641,1
0.037919207198566091,-0.97190469762594678,0.73864806510160441,-0.21050655876740484,0.52207947174097313,0.64988695169818766,-0.30425713972722684,-0.23935696034952847,1.7202810816202854,1.4542746250976448,0.052617052736793624,-1.7663148777571411,-0.87935025981351023,1.0153579656510141,0.061046694930138708,0.57259123174220106,0.50041947175765766,-1.1856768501653103,-0.13816672477190736,0.014784634931433827,0.65354864529925916,-2.5596052511427421,-0.13801126175656775,0.27427051896197718,0.090408176432703782,-1.9919840714494048,-0.48654817047084981,-1.1202902294241328,1.2654082960813116,-0.51412170398219459,1.0961970995350658,1
0.84963714397679513,-0.92445530367166073,-1.5913169471432422,-0.086313373977483093,0.76822475540864876,2.0428075191358062,0.74549195425420345,-1.7695154305439811,1.6600984580483311,-0.070098703293935249,-0.46012818163078917,0.13465237520716863,-1.0398531486449845,0.041542534418678383,0.39819903747487961,0.58263660404024453,0.68037926427203499,-0.65416122783409991,1.3843551299547243,-0.072593077770103973,1.2395902157644043,0.034561448580414454,-0.54398289590353655,-0.69695330157385449,1.5357552077387422,-0.28121467321408039,0.43801529689184526,0.38611318417486312,-0.57701345141063098,0.51683433976351623,0.20967410709383727,1
1.0413941788364576,-0.41687706219309756,-1.1088612920097445,-0.57522706454667161,-0.32461617522642044,0.56027114305345271,-0.003077570667574673,0.92369787551512228,0.72557028187409145,0.070631485404198155,0.76936937110349068,-0.45939745969777651,1.1577110075778863,0.15302108459693786,-0.2409752495536584,0.021558155080751727,-0.64984069015482426,0.50973765748705935,-1.8787661934184483,2.1413135615906946,-0.39817625854535854,0.65090811502333368,-2.1304204349698437,-0.18932218804680753,0.92868730796717047,0.14280278066272095,-1.112449306227987,-0.30122242884343686,-1.9391444652534922,0.24303680989442089,0.12911837465414633,0
-0.072579054634668308,0.59893726063104691,-0.93940202984123411,-0.31510223268393872,0.72376916111888245,0.58529165689421148,-0.36061920527078384,-1.4961053975346386,0.99851734656772173,1.141700695610431,-1.4908397506750808,-0.43337145729624976,-1.7769800645918223,0.28546900392670405,0.48476310537093392,-1.2229930486293752,-0.60253720833439073,-1.6144810134124334,1.0448313048222138,0.66872145697743501,-1.6660708668375239,-0.19289907933852393,-0.87129235092034463,-0.61786461885714983,-0.41134845209384152,0.24317439242811231,1.0009765480985104,-0.63229228240473012,0.94951234472948109,1.1105895635687941,0.070390753933116793,1
-1.5419797950388199,-0.59508551124790199,1.8622026062436863,2.1502808743227728,0.83392328127058191,-1.6437469571770695,1.276355673153647,-0.50306187803874292,-0.67306458392187507,0.52778779965897626,-0.88270180173594448,0.69943066698729339,0.22305535930115569,1.8846368479549547,0.10404664042891965,-1.6191717621320483,1.3764553664692896,0.14318211499187361,-1.3380526667698924,-0.43236713310838049,0.27264988117386357,-0.71128081921048714,-1.9316579780562213,-0.54795642168506353,-0.70944364796446735,-0.47419645279938932,-0.98075618184008273,1.4836694696804833,-1.0890188862807535,-0.029519234839960905,0.30432484678207444,1
-1.0562889305107139,-0.43207470971675072,0.1366075872041739,-1.3605719099013147,-1.0643217103373903,1.7222374428250726,1.6117412239395124,-1.4138727746855348,-1.4691383768282134,-1.4134540828082331,-0.18774605253499671,-0.064447657080188944,1.7034950209217206,-1.5672097668142209,1.3480242315973716,-1.2393228006356762,-0.961179178022317,0.84457502444814458,0.42410634233322392,-1.369640559757954,-0.63349858684762816,0.43737484161099033,-0.11285293974878324,0.52061846292797298,0.29235386076442077,-1.1144610803734911,0.44136193464355722,0.88438531390350639,-0.69783448919603164,-0.48679514864962653,1.1875386538048809,1
1.4276431625133572,-1.0465787044848707,3.0660536946784793,0.36927810295328778,-0.48287279151272633,-1.6633289758706844,1.1019081337548904,0.74420876764763555,0.63796089765412101,-1.2510459630507229,-0.73926200141616316,-0.92040124735671436,0.378904086373343,0.77111737903767219,-0.59540321974351373,0.39385294246034558,-1.8859055163944116,-0.097276481621093161,0.94937049892654279,1.0047150902332322,1.2265987327193699,-0.13194935015052567,-1.1475802848999657,-0.75680887013030929,1.4395644233659561,-0.85389133139792173,-1.3698482427005774,0.38499195522936436,-0.24704015185841088,1.1323771522034181,0.22218497881551263,1
-0.098736124034824749,1.4942119853445253,-0.35289023953218035,0.98076322185562148,-1.9146447362072363,-1.2609205732037581,0.089039647137659772,0.56917238021984351,-0.32680888678865283,0.39720362238492701,1.1932449212582286,-0.16790608231308599,-1.1138613489748805,0.1309094319468056,-0.19141018563019635,1.0274762359245975,0.54927256383977108,1.512974485293044,0.0026737223277011747,-0.75849876022568141,0.14555866911394633,0.91988631741327409,0.080279139502386812,-1.3071097568589964,-0.1809327644140872,-0.015210434388893541,0.49616631838255765,0.1327858716732728,-0.70588246734736648,1.9131737711174215,0.1001044909563593,1
-0.60239236317273115,-0.92777220793158632,-0.79578271319484917,-0.45782063493139152,1.10213192777067,-0.54132181003062674,-0.94139657605205818,-1.3476624735111413,-1.1936779671905027,-0.0022113195235780006,-0.67621209556013961,0.11379054180639439,0.50483020358910047,-1.1682709622361422,-1.4965097317186233,1.1830013857417807,0.48920075275839531,0.9813738184925882,-0.73404596355639806,-0.66448417976667573,-3.4018119370131581,0.25756624085443802,-1.2871041655372886,0.21673848122264416,0.0042074250944876511,1.0894293260487906,0.29421713337623856,-0.050562630376747478,0.50118132729009679,-0.87880054177114275,6.3644925646109902,0
0.42029686929345811,0.89988609716037316,-0.8750541727008464,1.0763655979283686,-0.12798375607519258,-1.6359218814754986,-0.49316845121356506,-0.41550123939563549,0.91761567430975977,0.093622580014983109,1.9513451575152954,-0.42688775095074694,-0.02726722652370956,-0.94031655197425745,0.98778429902066178,-0.71913984247530172,-1.3793101729488642,0.10313659555155588,0.12356964316167776,-0.41727280332093847,-0.76790385057040067,2.8877435656880723,-0.37621384271704811,-1.4787142950724905,0.034414039806210897,1.3072605856152983,-0.17410372276504996,1.4942086151652678,-1.1851759351860949,-0.13025612330455005,0.16613353577158904,0
1.2471855712165492,0.90676529209320467,-0.22919966881749085,-0.16559180657998568,0.18124515226365567,-0.82449961752802536,0.93355876785858827,-1.3025307977644156,1.041284682504851,-1.5052692101373331,0.21730648973609787,-0.0015770295414010093,-0.88841544693737595,-0.26951302147718442,1.3849683965060791,2.5399926849564252,0.37090568878148239,0.73664714298549494,-0.47632338285755238,0.78776532741183836,0.38078267667443882,-0.10220987488219231,0.49648249951180706,-0.43853612516546436,0.10795655895971401,1.7842727536567864,-0.81300143991072604,0.57271321838433142,0.62830192511711946,1.1263973390532458,0.20856555123374185,1
-1.0036964714333731,-2.4501712738113617,-0.24726598303397118,-0.60467399289486445,1.0642788555535256,-1.8803989593053965,0.64379507010579184,-1.8736382840596379,1.7187180922694589,0.37213391321898981,-0.25986627369350851,-0.62638142411815401,1.1058846657723671,-0.71142605252014113,-0.97746663556465152,-0.28211611712128659,0.7887541696918503,0.090059046047540101,1.0827470121063587,0.30064634769343462,-0.24570395347907936,-1.1297139396754277,0.13359786333683643,-0.22945684153028206,0.80196795715868474,-1.1943938459985088,-0.26578280466654902,2.0879768904725813,0.30195254030471669,-0.60032609332963538,0.092020897819222999,1
2.284383938808396,-1.0337698890106926,-1.5403255424479727,-1.0698614425127007,-1.2832775254659667,2.0337690075981438,-1.7961624981590234,-0.3452207343517395,0.028203546248403197,-1.312441327844442,-0.72176426752125944,-0.44410649039039984,-0.71824681581212024,1.4920900142406504,-0.5375520852471033,0.8351655221908294,-0.75874069065145033,-1.5049984625446904,0.22412531136456681,-0.19603782105494497,0.58585823301964957,-0.25413171277844732,-0.62998251435226171,-1.1085617571769535,-0.037054374498093678,-0.10135212052535612,0.47505408510538671,-0.22366676326506518,1.0700622522250502,0.31043422875817478,0.042789453333193929,1
-0.52362581687778109,-1.0569608354185542,1.6650501612431761,0.83449765464475356,-1.0017738847223516,0.58108725586638288,0.12444400351856055,0.26831878333405185,-0.62729127542621677,-0.75862394713711656,-1.0124049351890969,-0.049405434515259354,0.34852083092262398,-0.70283037268974857,-0.51560583758874956,-0.70739965642050706,1.3675097585388079,0.25483597892122534,-0.072846511823052601,-1.1588156306764266,-0.77912590956420869,-0.31154614445405332,1.4125859852498452,-1.8917095337251415,1.2450656137854084,-0.35747674369578547,0.91496045174379559,0.52797880838157729,-1.3977306958514835,0.049066780272039957,0.66787610831378064,1
0.51810529075683787,0.15592967991144507,0.065059253838617548,0.70747903603884144,0.70612121699430308,-1.3121016045232228,0.79329648460373114,0.216982413506176,-0.39409038687691722,-0.027496525561449749,1.4109207471196419,0.18493727314551273,-1.3031196318299356,1.616244272642867,-0.67838621352107364,-1.0947752615768964,0.18906872326757709,-2.2081679523632824,0.12383274070858157,-1.3025354615969025,-0.051457815346979838,-1.0011616078861512,0.2300695537020386,-0.088307847579162796,0.90322992065020125,1.2876562357366343,0.33337822681072277,-1.0233697721487762,0.12702965614740602,-0.86283711833660981,0.051982669339284797,0
0.44483243919906812,-0.45219435195592794,0.9390116700927551,1.4557872976271184,0.64209944315635237,-0.9176797869333565,2.3240546579285017,0.37451693455907065,1.2219930911747952,1.529798194064991,-0.72448194015337852,0.35504677550826397,1.4787085312050101,-0.10984845042772065,-0.38353427299801757,-0.15067371521692949,2.5447503460211407,0.79840613976166708,-0.049229581273388515,-0.47635552834442657,1.4017255667580568,0.94069580600615543,1.9807526942771041,-0.87583925545075214,-1.0739183390315337,-0.25997920675541619,-0.91730964153395178,0.59941102883403274,0.033013608229333198,0.96127417679776606,0.13265519561618611,0
-1.1112754637531406,-0.9858635750616267,1.2057514356188466,-2.9456255249520682,-0.6272662469409872,1.5185850141541,-0.71543584329858156,0.35258396542741599,-0.63106429387211871,-0.46229666153931392,-1.5434929608074968,-2.5136302734215858,-0.15391157839921013,-0.54504684132054215,0.64755647298990671,-0.69046355211561194,-0.63338106919738013,-0.3141924455913564,-0.25582331711483347,-0.3188812744034154,0.72640665254021408,0.51147728455297037,-1.2161988433079038,1.1864154234764874,-0.91303414340505495,-1.2262327120963321,0.56722395857684149,1.1566824243678719,1.2188126534301857,-1.5130335377843538,6.4638170786809361,0
0.88582267314597962,-0.29620296478202168,0.82793269685561999,-1.343792682748677,-0.0031617620181398198,-0.35860448851271076,0.25697781241522122,0.33543507419409113,0.032466470287399331,0.60747842396304663,0.80598007078474476,-0.52968181119254076,1.2378023329147494,0.67950071251707556,0.60578914096498104,-0.075770505171735031,-1.3686386516708964,-0.5926194709053455,0.52235757005576411,0.67569684919764306,0.23963253479434549,0.93514628894234408,0.27672626369516212,-0.70148065801038939,1.1435452352952977,-1.6068330329402771,0.19475354522489693,0.11206387833707299,-0.47413301038160099,1.3835280369043332,0.061889467064393563,1
1.8541524252657435,-0.12180793196965851,-0.23359064810369987,0.072747260363603516,1.0647769972353933,0.88853520685070686,0.67696868069123284,0.93881750242318085,0.75408565571139163,-0.58688381596286432,0.5097848617876416,-1.2371486995979364,-1.867935709093564,1.5993930869087651,0.10681705386390063,0.49192263272896103,-0.54525502742536558,1.3168860578365846,0.14924057327881346,-1.5732267853391071,-3.2848689867457543,0.91411744742331125,-0.84858978394555473,-1.0644915641442401,0.42322639213803226,-0.43046526147773811,0.25284957559003735,1.9264939879693002,-0.52818807658730216,0.25573225396373533,0.80509088106268856,1
-0.16497446022343576,-0.082186438975063905,1.6109964923722393,-0.60898150656994232,-1.1784342587265262,-1.3003615103938446,-0.67353282008634874,-0.99689841046577055,-0.51698213690564565,0.1480323369593142,1.864004205925061,-1.1014611681850055,0.852860418306993,-0.90632555415025762,0.52946382721709428,2.2434343772276479,1.814884912861715,0.80211450268303808,0.88588307187533188,-1.2444278325553573,-0.32457106860910029,2.6307258829597906,-0.1450508327283882,0.19344496093314162,0.12887630014844617,0.44836832466493837,0.55863131342259342,1.1359234122121871,0.40122082789689578,-0.51402694820547934,0.53276003408666761,1
1.1132939091374212,0.36345937103560461,0.36945700590466707,-1.9790005977855736,-0.30786852998731473,-0.98875142245601955,-0.82064914857559024,1.6914266312982051,-0.38657867309193567,0.75292597249213145,-0.079949390923350239,-0.47040958349691447,-0.12076337813150571,1.317070334653939,-1.2845167116189278,0.2715297164671443,-0.31138194261626162,-0.051294354963158137,-1.1496091523269856,0.41352747235382886,-2.2446908917396931,2.8210906448727848,-0.603548916145771,-0.48732021400677172,0.52761563797450051,-1.7463789697192627,1.2181065249563021,-0.22741872879678368,-1.3184525542635781,0.16662729817950853,0.68889617893418786,1
-0.20289371811401982,0.55432831833485596,-1.1230257306435933,-1.4677739610066602,1.0761469757599471,-0.87938928434435115,-1.1936977371519919,0.15778224289538686,-2.0717116959001487,0.42880346946349723,0.41422179383388752,-1.4306050537886228,0.15203298820937375,0.59499280160822987,-0.61214944124647197,0.55287147328242292,0.97278959647700947,3.0825994198898667e-05,1.2673851752560308,0.784277800892073,0.69512934220830469,-0.023910804638908982,-0.072484920853414223,-0.34626449098994738,0.70713865606257165,0.57831060898092501,-0.5256811673486762,0.044836970844942682,-0.010345804991393702,2.3930317108850216,0.82720183461352492,1
2.2194797817794547,0.15236663830045682,0.98067416862667112,-0.74105585391069484,0.82623458859594967,0.99477608081490754,-1.994412682660172,0.93127714251329852,-0.2642756597358083,-0.45101483850193141,1.704534324325599,0.87861003370539525,-2.4499793338955023,0.47707496186898335,0.18348277304926922,0.75268964825189422,-0.14871936797456853,-1.3370691323825166,0.12978580254806929,1.6224190477961802,-0.73173075319827885,-0.96094891204944544,1.5918979672247198,-0.16776899027809514,-0.036812771257172541,1.2655805700037248,-0.22552725452463707,-3.1557262799488104,-1.2175900830289574,0.51832598572623723,1.3810633948181448,1
-0.049343250231414726,0.27260323124765279,-0.66158650871034153,0.033716337109983389,0.3717692754130531,-0.13322556386798937,-0.081157619624833366,-1.5954548895812248,1.6983906027396432,0.66312114010356127,-0.4541589340999091,1.1518999097889524,0.7929816464642897,-0.16515491740167584,0.77747419057692513,-1.2452987661941279,-1.9106601221098305,-0.29291444333136452,1.2071625453587826,-0.36219121744652266,1.0105048299821011,0.088579140679009849,0.30177297729928415,0.068041823038198807,-0.55502302596815667,0.12530672636760348,0.41738755413456674,-0.9420760617003775,-0.84126471888791543,1.0656212924541364,0.21759968606300545,1
-0.87030390769111576,0.54736915557823818,-0.78548124526927132,0.71379666790201701,-0.26106811907572763,0.047938346959668261,-1.4287882774193392,1.1125107489059289,-0.9501058613271709,1.5144179625080894,-0.95715563033630713,-0.14474788468763364,2.1393942813465432,0.1572627900320043,-1.2232974452621881,1.4550753337286952,-0.023444127710941797,-0.026441191851934737,1.1012876718763533,-0.73774106926934679,0.016299052714061013,-1.0187694273728594,-0.091159718064983644,1.1627849793654403,0.90549847410821027,1.2796178944797738,0.4198712789245283,0.88733240874913744,0.79524936154975323,-0.1829916980684313,2.1329119215517651,0
1.5014449467431747,-0.81816074667503014,1.595747594084765,0.25918021014910636,0.078162771385197782,0.77916828459983545,-2.5631105826802454,-1.2981454921646263,-0.71019028398241102,-0.062883793733614995,-0.011426242216798513,-0.34003127433740066,1.0301195699009638,-0.75403648280467273,0.058924538010657994,1.0874504046902003,-0.63035504196211367,0.99538169716641289,1.3592537332206711,-0.58813730065823722,-0.44653369737939896,-0.91550799231230406,0.71255721794089111,0.10609307329770797,-0.25330405784757154,-0.011832340523208983,-0.55060297496152732,0.40923958655012344,0.77805236283169676,-0.71173829161573898,7.079986472596425,0
-1.1918360189883521,0.449977189061672,-0.69369097119655965,-1.9867814573314653,0.36852784398958544,0.57756487482272378,1.011419901543916,0.82305407744431636,1.0270462971162331,-0.42273389942668038,0.29871188384908487,1.2910896126131888,1.2760904811743048,-0.47542305824742892,1.609523951995429,-0.26800725451576168,0.071903317965202065,0.63261826889152939,-1.4162152064238982,-0.50378283135430135,-0.82348782518947172,-0.65809758676057117,-0.88551819420839939,-0.18098782712559741,1.4276906512831549,-0.53191737621198198,0.58926893216064413,1.4011283043737168,-0.053920008608870217,1.0883523406123268,1.8526081716846872,0
2.0451208138426904,0.39512508755775338,-0.23921313841902209,0.28843739006254293,1.0868524025290283,-0.27928191525285939,1.0193917613623782,-0.8943812191388425,0.30976845093670352,1.1453098757198126,1.011799923911999,-0.26743289993150188,-0.11717476977766179,-0.039235871133250395,0.40023274627029937,-0.77195027167192931,0.55772069955961923,1.2128267341743211,0.43425277139110824,0.77008351113307716,0.10167424406299613,0.57100018168738564,1.1979935425356982,0.15807192081206262,-0.31820140451033524,-0.0099682189112476303,-0.0061360073680883417,-1.1830149926653195,0.90438003357933694,-2.2065419929754704,0.76476778327039596,1
-1.6397043680292398,-1.8486169571462301,-1.2048796714805452,0.75133247734956132,1.3244796662432889,0.21440629223658539,-0.68982244177034135,-1.559178335228198,-0.046048458660734676,0.98089936622331442,-0.16871771582282791,0.86495158652923032,-0.86898767791292808,-0.50510636525630148,-0.509818000761176,1.1291827025223369,1.7541079808111921,-0.022191292851098967,1.2476371129536357,1.18610932776571,-0.10279510672209866,-0.48086389754065612,0.81399298126731046,0.76209274105281266,-0.95007062812478671,-0.8903337698048388,0.72442318396265315,-0.36347180369751003,0.3738292521082352,0.72249458340759587,0.3681100455322549,1
-0.93786798255695303,0.37211341373442586,-0.14451367882036728,0.20650203772843503,0.13830558634093437,0.15623207501079656,0.92046373166089612,-0.035711820756569285,1.1068475321618896,0.83005415381351577,-0.88983466314040116,0.93178462544456719,0.70001211917490536,-2.4498465399941249,-0.93325255755306991,-0.73523898696015266,1.2609218119037606,-0.71558309976609447,-3.8239235239058265,-1.8014890921484257,-0.21892330851031355,-0.14916071667942735,-1.1518394850672171,0.42283127690842465,0.30438746854462478,2.5043987374307055,-0.031489731155617921,1.9572118677666681,-0.78719862478934066,0.57041183254398409,0.95218427426171648,1
1.565011941153837,1.6888323106596297,0.10153109050421683,0.52922674605247955,1.0134949672588507,0.36898689276943408,-0.62299524606185908,-1.6375177505533756,-0.94503266465096059,0.8956070641125593,0.83697890791237417,0.38058859136148088,-0.82631603264354125,1.6584200823571857,1.1089971980893358,-0.63064877667556163,0.59372110510405163,-0.6789481870690548,0.65900904431707286,-0.83687925347543524,-1.5663866228158472,1.2663029683689309,-1.1119730081459631,0.53172914229383128,-0.97887666550656149,0.26144625380262843,-0.53295373916204525,0.11826368411033526,0.47504470083938288,1.6798478997751396,1.6519511255396642,1
1.3548072568722267,-0.78445585759010317,0.69728815512331943,-0.30512461117045803,-0.89529133750255063,1.1939362912793161,-1.2073025476236126,0.024001406999691475,-0.30203368756501436,1.4603375565302756,0.61380102088121313,0.71252139003135628,0.067494943471916646,0.55830519911356269,-1.1029239201700365,-0.65616490700040486,-1.702537281328184,0.55268624645328346,-0.31017225663691433,-0.82866774369067708,-0.83058096609870391,-0.70297314429604185,-0.39355115657030815,-1.7817687912013527,0.34846624323707825,1.277795143583542,-0.73639143154015585,0.92934061074840335,-0.15299152206595812,0.61573295838822262,0.036599157454724203,1
2.0987412511875769,0.16883624517363793,-0.85962978703886139,0.14896676793680183,-2.4108851783612191,1.7640845688699354,1.490796502205799,1.8567171285693798,-0.7764380058717999,-1.705218435211499,1.6780225270031008,-1.6238480581692152,0.19120768013624917,-0.23390826299958395,-1.6135123206800539,-0.65530347466351546,0.98889408477209206,-0.59724570880806638,0.74686151785383947,-0.7259186392728797,1.0521483986334879,0.99869172067040857,-0.27720849045632873,-0.81579453296942761,0.50048209571826852,-0.27533455269986667,0.98017216496746018,-0.34690764591336859,1.0247216444685998,-0.91717394249958972,0.090700878098188373,0
-0.70873717168941142,-1.3782083938002687,-1.2576071243998928,0.66745792528417958,-0.3344911139352047,-0.65958874796977163,0.61696654530779826,-0.16413299093758302,1.4141287679597079,0.12497170014928477,0.85908175328442316,0.098765267013362343,-0.068586028401471613,0.38466960103185105,-0.95455579892259124,-0.21838979433181119,2.0889183770876434,0.57089778216077158,-0.149568442222903,-0.74158871975125695,0.44113945126769394,0.75111081013717385,0.10585568291988642,0.82218909774893112,-0.74247017437133889,0.56858350212286368,-0.25467268495825018,-0.55529201732979738,-1.4294930683573253,-0.74921716635789959,0.025812289092964246,1
-0.38232827214694365,-1.6102158775830235,-0.67447726108395478,0.34302875568397845,0.18321228279140642,-0.30169877944092915,1.6035243426555443,0.061428483712147125,0.58171494689015957,-1.765498572031398,-0.74038621863789134,-1.2844671031681245,-0.94501474234828153,-1.0695926290916546,0.35433681195402816,-0.49833900280244886,1.1603320977041758,0.16216123446020619,-2.2262343620298699,0.82771379024925318,0.0073821373534110751,-0.073787218749660877,0.37584950823746399,0.13326712513479921,-0.42476181356021087,-1.0848367133802657,-0.7066835659881715,0.53447436348151833,0.78193814073482049,1.081658143621022,0.47441701022787103,0
2.0517381544627811,-1.3174028492555161,0.072292481970600911,-1.5925814212979905,0.096111211359138221,-0.74277697523162922,0.051265505732868623,0.28729943995951868,0.41771007218274092,-0.55485627744970611,-0.56245112079776294,-1.1320371985385957,0.6749005270412568,0.26281456984059837,-1.1686995027801703,-0.40400947849401231,1.7893595294666225,0.5335456748972881,-0.66492583660484117,-3.3686310315932491,-0.26664918192218268,-1.2450794555684228,0.46867498465597857,0.82947289657134504,1.0918523039324852,1.5813933050691593,0.59877237215890011,-1.2940405545395746,0.075928818945415671,0.11356345546495977,0.50932583222446182,1
0.76969812979595931,0.79931981302051203,0.35864216242645225,0.49793592993627744,-0.65647919582063186,3.2242452315976551,1.6184062707701665,-0.9365244082673887,-0.46671315007743785,0.21131992636692856,0.23106705856246401,-0.6439381928725636,-0.056403850507388512,-1.9947715311587892,1.8700436735950583,1.7709051604317314,1.1070459262451993,-0.53088536079836679,1.1053148979921319,0.32300851965343147,0.29719744023088474,0.61978654949505241,1.3259974651192155,1.3338248677606055,0.34875465866439431,-0.29182871712454217,-0.78161246561329778,-0.27098553951011739,0.80518946922009849,-1.6511772164842475,0.76375481650262189,1
-0.36424241043688227,1.2430006734048542,1.2043867526969749,0.74268355242151918,0.31414818944378364,-0.8961535317207826,-0.41572697146231763,1.3341656912655357,0.79186665449772065,-0.33280180417545369,-1.1140524109254608,0.21529214812515785,1.9210596685688581,1.0238380414690111,1.3255710057735641,1.7329448621474586,-0.94794149022960494,-0.52038812808252777,-0.25699609498275705,0.46754078322128867,-0.94226441452220966,1.3135124649308323,0.24104286038920175,0.75016678655148794,0.50550627226920231,-0.14886383204670833,0.867429746162795,-0.75622606809225379,0.21891463733462763,-0.7529052416096772,0.29785840737783953,1
-0.012557236179363836,-0.098235804490335088,-0.25509618117377281,-1.0095015034947055,-0.36772815585177726,1.3693770807662098,0.87227714237016818,0.93232936395122734,1.1373380939663151,-1.0692704772180694,0.68052134059725722,-0.38327749840372377,-0.044507118967452311,0.044505148441002833,-0.79687725019579048,0.78545998463772626,0.25608365385663645,0.13300931107011221,0.43709365299318587,0.29168025403893982,0.97088522013064849,-0.99105417288997433,0.23012615549776061,-1.3332991694889487,2.1033279115953838,0.74433676617381805,-1.7659670966972365,1.9452824491903928,-0.39112288414740115,0.73433803098703732,4.2912800252118632,0
-0.017008713002064999,0.2808950075840323,0.6227209947792921,1.1583644410817782,-0.30669167046382545,0.14612227376764292,1.3304075072369725,-0.035280284469560087,0.1616085841570806,-1.1462050428519903,-1.2432161917332107,-0.14251352626362546,-0.89485574250582578,-0.073489526560353458,0.56623224680553619,0.91263743154265575,-1.5229658840966074,1.4819547133984932,0.59874592474329402,0.32623244305154908,1.0072726436082797,-0.75391220471032494,-0.60558895725201711,-0.090886956489623985,0.58331042091354046,0.0025178089666933619,-2.7681850633240206,-0.53989131897763676,-0.83632550031451991,1.3475903601026649,0.84018794253233908,0
-1.853827528588468,2.3088236310625105,-0.43142105859992225,0.38590549225515419,1.0762263265686247,0.84837668978209257,-0.94569245696998283,-0.41450644240092821,-0.47948852759487393,0.47973606971774424,1.1533592112767959,-0.5184843363515319,-0.51684467449927129,-3.286295769297221,0.93638941244774054,0.32444702965751065,0.97834535507557896,0.084699272842833517,-1.5879992766364144,-0.22149694686694293,-0.35976366324345815,0.44256511177706703,-0.10692056876002301,1.2781968566717263,0.090166382929324551,1.4158544814398204,1.6337294962852971,-0.97607037251083328,-1.2211633796216801,-1.4254716912716672,23.431623067216098,1
-0.057204355388110049,-1.7190206129717618,-0.31428527091537112,0.42808410503997291,-0.9044415699395244,1.2066192313333954,-0.47920573545744066,-0.25143527111878022,2.3650298814040851,1.0094028026838262,-0.23010232929162103,0.80928827986531926,-0.87292828651094756,0.036830994150553222,0.78636869167344958,-0.96679613186906055,-0.4004806582258042,0.18741669148259657,0.70045561956156621,0.668515521766608,2.1401357836827177,-1.5610096535303968,0.71302841922282012,1.508375669071726,0.11362032013471295,-1.0669911269582506,-0.69414230860978099,-0.99145816871886172,0.036920567925917719,-0.55938478846462247,0.37723275879938334,0
0.96770238132330344,-0.59491024826653294,-0.67950804962588629,0.00084120799418224549,2.0741205265531457,2.1687782368377797,-1.1616973259941483,-0.96802720443536527,-0.17884941678373578,0.97806396906222692,0.72407083743425227,0.18870210561918199,-1.9283630826380889,-0.34132012095147635,0.73675778942426873,0.06261297488285246,-0.61344073612221317,1.3935028532011464,-0.120708452332547,-0.17456157830861496,1.3480226922159746,0.7796841812846983,-1.7237344052070762,0.25025425362225923,0.22984136568533128,0.69293524300630238,-1.0080571942950258,0.4676350860799553,0.98185883453961875,1.2218509984275838,1.0603186715609094,0
0.25052320660393013,0.29912918374918684,-0.71081359095107599,0.58574602607300896,-0.0068886655966155395,-1.3956718407514128,0.31441529765235149,-0.05327634011423376,-0.033261366955931224,1.0288087394309022,-1.1860654944363516,0.018340361416221973,0.47441176801759621,1.9645719318619539,-1.3306868270535241,-0.5702864064583707,1.4293744249562743,-0.46449197581667123,1.6697671697009939,2.2256555485173259,-1.5126510865053941,0.63240604756022356,0.38541834355213378,1.212285170084048,-0.94259892047031968,1.6445288301654699,-0.95407523823200446,0.4761855908790214,0.093332202294663782,-0.86001766856653283,0.60151384013126152,0
3.5842975929049299,1.7107604284950271,-0.14952911239517369,-1.6727075612448479,-1.6145010505324509,0.56971855153033257,0.48785068837352807,-1.3260877668700106,-0.71803886180714194,-1.3998226262885625,0.10138093728591857,-0.85846191777077552,-1.6045649269609326,-1.7476331258903712,-0.21749110463787452,0.84634732126636736,0.63040141068643174,1.8476570526030931,-1.2663875679639525,-1.1308026551079344,-0.9397398613903617,0.06592055616635048,1.042416989877788,1.1675656201060294,1.2313994039766758,-1.8848575316342868,-0.063299804917178112,0.48519818814099269,1.0443782332942937,-1.7583844153203032,1.0742258049118987,1
-1.2769569020208402,-1.1554167671594491,0.28520881097351058,-0.95364376277787577,0.18381916904842593,-1.3018462563647009,-1.3997739049656754,0.98717248737751861,1.6074015762686478,-0.95776104255067607,0.81007009841559818,-0.80399791563443768,-0.89149393850967773,-0.68141648778477937,-0.2211901676509056,-0.88601583491660296,0.46744895574391976,-1.459936857050316,-0.15485528641819296,-0.92108356504533051,0.87949462521412813,0.74651327516530797,-0.034610662681068181,0.16022127710797404,0.90361331961500091,-1.5769019247908254,-0.081603279125702019,0.97090781335005361,0.79582612828951627,-0.35823870166674443,0.52074413785126927,1
0.54914578558258498,1.7508568069217763,-1.3692551522361784,-0.19011908980417663,-1.439147864455085,0.1281378095444754,-0.55209184807100131,-1.1759865682297574,0.02800968938807066,-1.0920669732079122,1.5549028020612354,-0.10426823081149546,-0.20546033497836036,-0.83471912656392111,-0.89742133751984876,0.47349269318223575,-0.8680753675337044,-2.4365352607356128,0.29218315646611648,0.0064293049209555777,0.26401207158355883,1.9067556998809652,-0.3376798380125714,-0.28877372562794962,0.25310127702835988,-0.22885054266714341,0.10661378436934639,-1.7256187574448318,0.8156519158151615,-2.0448583021231821,1.1194843124633911,0
0.45470577080679764,0.66051677220511396,0.6043760379869958,-0.46214607275511049,-1.2517235143316752,0.48176043426107934,0.6163517464222803,-1.0937390053029952,-0.61639737893917879,0.5485304959349806,0.74845239722074497,-1.2187763455740386,-0.39133939069746626,1.3182956629052291,-0.14207703651833489,0.86559024442442822,1.5886600451645327,0.37664671107655961,-1.6109222430837353,1.8040886972873746,1.0836188623648422,-0.11409986539760365,0.72684896670577004,0.18423564244662857,0.033002049405749016,0.19305035126227815,0.47807982305240204,-0.88878173795365301,1.4857683267896276,0.22473615208481806,1.0663940656468993,1
-0.28521537589124679,0.5037866314792343,-0.17357887199040412,-0.0136387691284707,0.070001705468156372,0.21819483999905331,-0.71071474738080476,0.83809683580838779,-0.32753280208355395,-0.72645519889875831,0.39556625556657993,0.79905301810132201,1.8610078352280257,-0.17933196001782323,0.086454409025532863,0.21202748071518127,-2.0306661158145802,-1.4406730250110849,0.18396192295564551,1.6791513636984772,1.4730359128779511,0.45833967930174208,1.7189324314959347,-1.4372880961498629,-1.220397695528803,-0.62669574903163094,0.022168551384642781,1.3362915386886569,-0.1815957565236436,0.61878058913659695,0.18737976766845835,0
-0.41612669924416085,-0.55008196673289134,-0.54428001314499996,-0.90738556325826503,0.57471847738561221,1.1576395132466666,0.57750672131907588,-0.48859631644576174,-0.12846954612207509,-1.4617248055579906,0.28138965371330549,1.3794021123050111,0.41791424730432902,0.77616472103519063,1.1186863292547509,-0.54495685906012203,0.91666575968790998,-2.5089124768256759,-0.28770977216113924,-0.71029307154815724,-1.0783909325958421,-0.16165721309372075,0.86266028227286551,-1.8904544992251713,0.61098390016709192,-1.7496167251398032,0.064463410743207841,-2.8263931794805086,0.098225996637031909,-1.7114197991530451,0.84566565637951641,1
0.68578250870734603,0.39235169890689137,-3.7134982749399881,0.95220368029860458,0.72645563739777441,0.36758257825978935,-0.35559407050746594,-0.13191426287928634,0.84147707101748803,0.99700949234322278,-0.52270980944808443,0.36662970216584306,0.79758375244747204,1.3681415850520868,0.21350623288658849,-0.27024232519337527,0.65775470712052697,-0.22289563894921899,0.22856564280161079,0.82005065381346243,1.3255410169245045,-1.2322025910169652,0.35272281433082969,1.4404320394053003,-0.75540513668440201,-0.75191707949648101,0.65894475216265302,0.87035525469458541,-0.16863374191697272,0.5021450948620908,0.035569574748683018,0
0.47576487176234417,0.4747019306417401,0.17188407948282652,0.31772830565514087,0.94518247322611937,-0.94979824377778665,-0.32477844646096338,-0.022251072658457639,-1.6077787019716199,1.6830004669889018,0.12379405824410218,0.10394511879296457,2.3075960717310702,-0.25153204025189257,0.3441310900109234,-1.1934369940840974,0.82118991549399467,-0.54199298702966114,0.59985141719004753,0.85115939754724501,-0.29372671394460076,-0.0084673047627754697,-0.0404049320269185,-0.49080253950917346,-0.81389334311000527,0.5087744854378744,-0.34994326335893972,-0.13311152032206777,-1.6184260856411923,-0.66619138306553793,0.9017678963462652,1
1.8385322335953411,-0.16771256030152767,0.62465110479636221,-0.45807672733895405,-0.42356983495211448,-0.58155946349363152,0.4872082117820572,0.12956037788749492,0.5347645394511289,1.3940296879617295,0.8756392249182775,1.6114048188814611,0.23648009903801295,-0.44673860404779148,-1.5134389084079727,-1.3380509316628968,-0.066085799752921379,-0.40267969482210642,0.72170803711518516,0.53817146865845922,-0.44593778069162382,0.57043542430297556,-0.17694153980635613,0.066034298755549947,-0.89123268923899512,0.66860594733313217,0.93869493476212218,-1.1057599389587982,-0.47168263111586667,0.24017947248987145,0.039663294886845092,1
-0.90606056450018135,-0.72284717571090951,1.583400899521223,0.33697160626353584,1.6517596771412162,0.55604782567480537,0.61488917493744888,0.66367374630343368,-0.83589431442195516,-0.048485682241782187,-1.2516546430307962,-1.1704010011091135,0.98194464004648685,1.5155235826480871,0.79916896379579261,3.1430447316633332,0.5643436939995996,-0.18161516518535037,1.481893803894097,0.10868454573993849,1.7500070980518303,-0.24209987422978971,0.088889622521866371,1.4230033444446715,0.51738557260953033,-1.1341389972729361,-1.1357040007156358,0.53231524871244618,0.40711200374248996,0.23904028289216578,6.1921669107384911,1
-0.084278594493343129,-1.2978449972722663,-0.84169349511574765,0.39238770867493528,0.78163523689738035,0.39953599814805024,0.29881181155121217,-0.46025782152240757,-0.99827629947046104,-0.068007184476642016,-0.80759747245983693,-0.51472061360136501,0.50116783044973223,0.14788527788986261,-0.056094546353753515,0.21782250639468914,-1.7773461409746745,1.2274227842261005,-0.8914659466911643,0.37724153582500541,0.58919834546684713,-1.3092024326998413,-0.96362559492022837,-0.4319863072593349,-0.32203715299229507,0.9328586498248016,-0.73478417373734484,0.063239734067738224,-0.99149693459086186,0.29125814286823759,0.47206629817917434,1
-0.50464806619783387,0.3595769383577887,-2.9323012454090511,-0.12908653183210497,-0.58639414027877057,-2.0563151822972543,-0.97737171349044027,0.019272755854741398,-0.46889856022512932,0.0096802484705330247,1.3626803148053543,0.37910403184081665,1.3431545184054983,0.5704270663830362,0.52195190867544605,-0.13909600341185205,1.3350519200844093,0.45477095000496637,0.64140764049710763,1.7505915125422926,-0.71081501257962243,-0.66106264210424048,2.0497472745842615,-0.95891346907772301,0.016370477363889871,0.083151231228105998,-0.51996887367334332,1.7160677777171398,-0.52145217046041303,0.16577482767794949,0.2723368649295394,1
0.82773993218025832,1.229196420569304,-1.6382416218640743,0.38117857271786432,0.5184215398373192,-1.0386271338505415,1.0087626793466009,1.4405221329621953,1.3610485188869164,0.84887946362845201,-0.3348200457444771,0.89027117265937594,-1.6808718243010372,0.92600333667256318,1.0263916486481703,1.4343886763292055,0.3200696018566801,-0.041766634463610779,0.8666195168416253,0.81156588333027069,-1.5621193487818787,0.7807618949919708,-1.7195910147070144,-1.5784243701942635,1.8089516478772742,-2.025689737823047,-0.16267818523387187,-0.04965038397512634,-0.2935323235900954,-0.32001635722585858,0.002854153162220081,1
0.34614077434388368,1.5264011848417924,-0.20464089711678146,1.6838288138767414,-0.91506820870061512,-0.49178454618868922,-1.8410377584375017,0.91104945348379696,0.49773100081501764,-0.42975856011822899,-0.0658489126098592,-1.2294411416787521,0.76904218722026574,0.20765168130725803,1.2860794741486969,-1.4465729689259228,0.19738246166152204,0.60030528859996357,0.059965680744500593,-0.42220769099372568,0.84915726643231126,-1.6378804362648542,-0.1158060052862499,-1.0342336350829844,0.59913543583921636,-2.0843303464294718,0.1773696240217208,-0.10892693568973545,1.3495136748423453,1.0076451022647577,0.89055602499744935,1
-0.31712921518104203,-0.58602282275932172,-0.18412943452980282,2.0670891684360591,0.81113475322565409,0.09957006674618335,0.89542079425192089,0.427821899172797,0.83902112809469531,-0.086542927506947392,-0.15908994369068297,-0.40760294002822411,0.43780465148545888,0.80959182043726485,-0.014805260921225834,1.0019381939117742,-0.19599167587854385,0.45337157707681874,-0.30812772573981356,0.76688189001154972,-0.80389608847810134,-0.55461855514104696,0.15929245878157952,-0.79453589845909511,-1.4092210857479512,1.8656491636430239,-0.34143601956997349,-0.45578400187980778,-1.0739830044663172,-0.874362645833344,0.11704251179878807,1
-0.77794388640213452,-0.5915263194323187,1.1626016364788025,-1.0603680646672895,0.24573551159539059,0.48356938239602049,0.95212454369656008,-1.8868128737461132,0.43585334099282552,-0.31894209150467567,0.14984671918899828,0.45299062292421488,-0.23287886903992552,-0.65127977474069743,-2.4655053990294653,0.5165832786601039,0.58131600695123808,0.71534224884077136,-0.23513064132443823,-0.16199653004164843,-0.74335131318011871,-1.5229620802376809,-1.7069841500899556,0.26440539729130624,0.88595727266951629,-1.2115446567661632,0.82254313829240044,1.3375037451609133,-0.43673021292026659,-0.4721347164081503,3.8114562390093676,1
-1.8970705676199944,0.13375487725210125,0.32555767098587191,-0.37602798527162723,-2.2204786858568357,0.80822149370662233,0.89324938670936327,-0.47074266796663,0.25310364367136856,-0.65085948782064484,-0.14342474497989785,-1.7749408831159623,-0.70357296779986234,-0.5707572916453717,-0.21143300189795089,1.4634582963547424,-0.98273913188046158,0.86641877212571561,-0.078718490480391923,0.7581514972495903,0.56185003762273056,-1.9805127414324963,1.2359659979869104,-1.5409774179781985,0.13938378759634396,1.8289244291529809,-0.50430051516647245,-0.22130184365066338,2.8134654484631771,0.63202117097342614,0.04166639594279465,1
-0.10498270941297712,0.9594744482518559,0.64993217996075503,0.71525152633955813,-0.35502664214886182,-1.1447107055084538,0.39699077197146349,1.3353136990938781,-0.57859278243634482,0.085476681250692715,0.89857072293546281,-1.5189786665178364,0.04268553555866178,-0.84525699835261225,0.4078762549253942,-0.17048476709302934,-0.7772893648416298,0.18714322441740164,0.61214942991356525,-0.72785550471490723,1.7139369474708286,1.2437510023687182,-0.90036165339823104,-0.67894802803265486,-1.1645319078239837,-0.095634725483966232,0.24903765056227264,-0.22546117543942032,1.0104019831821296,0.31803402329557329,3.9916375610178663,1
-0.44367317351070745,0.42641931741019073,0.058611245587713592,-1.4190217571514732,0.075419191610607117,1.5232475147455269,-1.2536060591251643,0.89354499468594983,-1.1586977792881179,0.74810132400256402,-0.82266442420367458,1.2485502565984414,-1.6129421140667966,-0.54545006126115325,0.98340164823715093,-0.68160383755474163,-0.88594740266122241,0.54054550685379965,-1.2045291476886044,-0.33568270185469345,-0.97216138485040993,0.37693603160374006,-0.33457678759695375,1.2705173128570355,-0.015330584713216197,0.70785832623725264,-0.18463442104284469,0.61112460210059838,-1.6628899710139586,-0.15628763695421929,7.2104891596185476,1
0.085872358484573794,-1.4213046695881502,-2.7165489647017749,-2.0037951587661986,-0.0059398380159034125,0.67078752248315676,2.4503158273317918,-1.3844412676486693,-1.4167191924585787,-1.1804788893964089,-0.7665742690977293,0.258171334613023,0.3740098475342154,-0.27659840673730435,0.32409093289194285,-0.9150902791321015,0.80841286361471798,-0.96827924791412401,-0.8096953062901322,0.82424753139944307,-0.16111342837953724,-0.18989317220163107,-1.1985888730619894,0.31708176663151616,0.74664563987749466,1.5917819364496493,0.055722055530757077,-1.1877852240227125,0.6035660752432076,-1.0159057623173564,3.6590912180104191,1
-0.010360407817900772,-1.1335465056413627,-0.26349689687921962,-0.15519082122713443,0.62920877489458382,0.47011980968047246,-2.0707807109631768,-0.16970492283574048,-0.92598108026355763,-0.66922180522423969,-0.92759909837000032,-1.2661811966932421,0.20157478789125988,0.67285834455136606,0.66227788253263153,-2.550482887950055,0.082920643631904087,0.62524743028499385,-0.96412958233563073,-1.3895186260424666,-0.4116924109366577,0.90652085161273832,0.47201532517236355,0.39075743836589871,-1.3971645254059817,-0.54382353260311389,-0.43717499361277939,0.97345535837068342,-0.90081411311776005,0.49104290394406003,2.4619243679275193,0
-0.65410104738255015,1.5260047871233724,0.36102121330887993,-0.68906995882537103,-0.58489407274146732,-0.13910929486239706,1.0510163851101644,0.13704108573223389,0.085161977815719783,0.71026453499981779,1.6611157467001554,0.073022960870270007,1.7548393921091494,-0.62698522016147495,0.08365001327273687,1.0852068037624873,0.67527909330978131,2.3976498083716891,-0.93355562305590978,-0.1954512436263014,-0.63261835623326834,-1.7389038326292228,-1.5503782633032452,0.034413041801389328,-1.4438254182552981,0.66621003298290837,0.25325187870016719,0.39232104594380712,-0.96331947785537086,0.11729343265901082,1.707734218674982,1
1.0512675464167602,-1.4091940666363718,0.26347840707278108,0.20982768531877385,0.49812941040422937,0.90385075751305011,0.19558646437532609,-0.39880755800044504,-0.077159165929565232,0.03388749401114878,-0.41121057045835818,0.20643927571624973,-0.70880342403603558,0.68332972119898061,0.38536007066286121,-0.80176297676980979,0.42766908402307746,0.56603326435976453,1.2141423802272391,0.017989550948354097,1.4051455914058395,-0.97434030316763232,-0.98065912358256657,1.308326418913341,1.5451105321648273,0.87679030068987129,0.60884139327301134,0.63056266188270504,1.2666873400481236,-1.0827976728161361,1.5762094350304352,1
1.1563682049869999,-0.45234154792507142,2.0956377714478327,-1.4085788647404547,-0.028617181639167998,0.083104721720338462,-0.21225335524821887,0.53417203083198816,0.08640211005108217,1.3979659081226301,1.1836293905254707,0.43604430968782876,-0.76307391827105187,0.6038732757168761,0.81707968995767832,1.2137490280392649,0.26254239391472173,0.94658994573614752,-0.25173864730142687,-0.58430088361913934,-1.093543335629523,0.52627293647991558,0.69843176154607733,-1.805277354879171,-0.0066524433948936231,2.426069996431842,1.2469834254609549,1.1655493531022092,0.80538102670900691,0.084807867441817411,1.2940237927340812,1
0.44330910015125674,-0.8522082691646331,-1.2144693126623762,0.59471770080903952,-0.31214655074481595,-0.95488463352441277,-0.60496189962440361,-0.70305571806632683,-1.3983528035761021,0.037790676775313059,-1.3102505520530376,1.6122693601617908,2.0424204512252286,-0.43253171795703599,-0.58731912542016551,1.556336302575918,-0.53718591920654335,0.27139532067050537,-0.65772509137502932,1.6803849141852654,-0.66427455045867578,-1.4128029504437296,-1.5792521910773025,-1.1275163070169405,-2.0082943501130619,1.1680258050111372,-0.94038518402945082,-0.71012793708613509,0.41573282243699711,-0.81228192487777384,0.40694980299374556,1
-1.2331599235258537,0.68878324300579752,1.2521186050331137,-1.8667201986856137,0.36142734033488527,0.35838146231305457,0.77754577155668991,1.1547215791743632,-0.25056461566792959,1.1367442497526536,1.076128341096372,-0.82660620589954137,-0.047898808901109466,0.12466382091288591,-1.044405778405499,-0.20004580744367542,1.2323264004928745,-0.53540165282623386,1.1064938014648804,-0.61165122040078923,0.72549831037970647,-0.45809558726829486,0.27676720288897982,0.025194311736400861,-1.7642834756507251,0.37515991060181531,1.4131581128857333,-1.4865536203472847,0.52629798359713553,2.893464657987924,5.8701200554562556,1
0.78595511258002404,1.09567885861432,-1.2424373638025479,0.78914284006182167,0.5315197481432018,1.1524011271206245,0.18095607859679047,0.80740022848054482,-0.41741195656070634,-0.36006003928098934,0.46223095587310942,-0.73750173941379016,-0.65547901231940853,1.4608713143707421,1.5000649112518649,0.14277583794208171,0.45662707727776891,-0.70935192722055984,-0.90969634577187897,-0.93438184921591982,-0.069120420522061521,1.3548681286474307,0.87899603700159035,-0.33867214021549324,-1.5477269814290564,-0.38966847501831453,0.68460313857344091,1.1739163381323898,0.35792893398741232,0.046467893818377209,0.72721868684126256,1
0.55062359469303057,0.48247222059026112,0.50658391177721462,1.6912200983955274,0.089907921126709117,1.5651918296403307,1.7432284654878922,-0.69044794407637822,-2.4944451083099062,0.53362073745133454,0.18666035935075667,-0.11285029853278047,0.68309458658052247,0.069981072135324354,-0.43825654679735965,-0.16686615952090605,-0.33660954224240258,0.83515467571461566,0.64111070636043832,-0.073292325133991448,-0.27389802014235654,-0.66736048725465869,0.83786830080621544,0.10052646929023119,0.5279935571049178,1.4060544103179335,0.41768180684942025,0.061199575230674957,1.2401306679475528,0.59807114733201228,1.8220342778873744,1
0.2544918915326887,-1.1742073207948664,1.2828850776201932,1.6365357080055003,-1.3452879649463167,2.1162375363784216,-0.32076847784591417,0.78332756171097961,-0.12174785898803439,-0.565720808003217,0.043608739206306334,-0.13161439758491986,-0.54394527982055807,-0.032513500653625002,1.2969964875539051,-0.13692038607441212,0.26684508707653726,0.48867456126383824,0.58906163370111186,0.21133429968380046,0.76278923046938363,0.090569546776167825,-1.0390568148178769,-0.01244624687000853,0.36266789959088974,0.68467585390423213,0.38959617558110898,1.5427246337058289,1.3409111546281114,0.2047494273986756,2.5278113187052798,1
-0.59767976784668631,-0.097731468899902085,-0.19636099865632595,-0.14204009808671131,-0.57416683582413675,-0.37306761964143076,0.2998319952228124,0.78271184241113623,-0.39647224478032589,-0.68038262187790244,1.2510109588725991,-1.0716854136651883,-1.3824901033085368,1.3696387072059582,-0.026860121161654392,-2.0526476200264141,-0.90008122406956426,2.5639315323872083,0.37264349746090836,-1.1088454758383324,-2.5166938439020829,-0.91299502600135152,0.014879994711671105,-0.091564603570069333,-0.92324916408465874,0.29516843609727073,1.5314757741931175,1.1595628579794575,0.45658954387977124,-0.59780447602177889,3.1850212376641527,1
0.96059523554999104,1.7478968919575346,-0.54160829755317275,0.77165462428182108,1.0218681644018379,1.8219693355714468,-0.12736372800902077,1.5550213151075605,-0.85705247870943813,1.0107120207464162,-1.0465257906582976,-1.296595679424738,1.098506131953692,0.37715309604511355,-0.34861226532021883,-1.3360978176244183,0.30284838836024253,0.037800414006001391,-0.71882263808334179,0.5685364837259157,0.32343674424327418,-0.83988079795513204,-0.032454390569362015,-0.52709652583316791,1.5663698555311667,-0.99541061289382282,1.6044313688756151,1.4822581254397786,-0.084563606566466179,1.6119805218526284,2.1401653785889216,1
1.5845216749569055,0.65779859573145727,2.1256522751150664,-1.8397160396364745,1.3023807005526098,1.3887227104194102,1.1776602605727637,-1.0448162662746021,0.3958551110138368,1.5218387083784131,0.41275581880524159,-0.20102584640821336,-1.0548679871064783,1.5718044863100917,0.68631099200579826,1.3453636333914312,-1.4453309288360352,-1.2566862524494129,1.274898176588922,-1.4676359360614799,-1.9387859041462543,0.37660364981112537,-0.93785670975690583,1.7771437502778313,0.029175105690564911,-1.1758424383266526,-0.17766572329157476,0.1899581241434222,0.97847449349365145,0.048475219460661717,1.0385606085192245,1
0.89997165346355068,-1.2385253048171023,0.0097948579441297749,-2.2275660407314115,0.32446976847522435,0.48416882049488169,-0.77137258902493766,0.11490920500774202,-0.63313648158020142,-0.35217227392021588,-1.0564191251301653,-0.33320639573450117,-0.82686631378850917,1.3290770419491071,-0.4953209991627206,-0.6041034054345561,1.5636527857548048,-0.13284146519252824,-0.53185727621342627,1.0906461925638595,2.1992110194619587,0.1212384791775275,-0.0060471775397175484,-0.014671405046580412,1.3233101138039398,0.97799236884147911,1.2699074967022033,-2.2456653420283308,1.1607623741867443,-0.22705994356553846,1.2650796402345512,0
-1.0308459449444762,2.4659041663758665,0.086149225124549644,-2.1829069712015223,1.4044407107300643,-1.1475167988963049,-2.4794215093644429,-0.64051572465580486,-0.33122086829450298,-0.65396735943551132,-0.32061727856686678,-1.8481488211416324,0.0025800698422182434,0.36130174182702846,-1.0214917643917236,-0.76004842475703915,0.32099041126209699,-1.3857185361678572,0.19312558984893943,0.21712930417849544,-0.98738168419263028,-0.81887958370907732,-0.22411064345334239,0.22426412428455578,0.063553777762781496,-0.86402914356546778,1.045744012754162,-1.0936950321889343,1.1171714945002127,1.0051171732379534,6.1756806949545018,0
-2.1132850688263116,1.1943983196240802,-0.42720952980491611,0.835283921947227,-1.6352886912866142,-0.11209993641932575,0.47812291303721888,-0.27023603250019074,-0.22695293161947122,-1.3938399547545741,-1.3403792582542158,1.8898232115819504,-0.68210081941623568,1.9684087962980714,0.051502210743055804,-0.56416459887670911,-0.50047445188122286,0.542634211007055,0.72002185755898007,-0.33741141399330404,-0.001531985178899546,0.68377809586316018,2.1666170252050212,0.12666010720829138,-1.6892643595953869,1.0367764235205554,1.4282771554416298,0.065478944776564768,-0.13668987032739557,-1.2327963570439811,0.10244475623992791,1
1.138363317168519,0.32490399765759975,-0.44997849640543208,-0.62730535283126199,0.76381104397115041,-0.038677461059727927,-0.51822468504861896,-0.058072115406223791,1.1235279331938288,0.91966565527929067,0.98162078954609733,0.95098616943240577,-0.30054237047581678,0.94907335482192889,0.09731277632319052,-1.8089315458012603,-1.3053020036660745,-0.71335704610970252,-0.034943790170685531,-1.371285890784478,1.4718049842471255,-1.1633799194721319,-1.2035325412527964,0.38479294060718744,0.27063553879255758,-0.19154577094517428,-0.45232385695020211,-1.2650268038396213,0.13298450933303221,-1.8437755128528934,0.13943688038468616,1
-0.5652643666833812,-0.76071583662799103,0.045959625447282063,-0.23573018825288139,-1.3957155969109685,-1.840480411541394,-0.039784641899590037,0.45289762815541523,0.81799024654420649,-0.7552216505581878,-1.2949845115264067,1.6736582322474347,0.34180063283047879,-0.58161353395944348,-1.1171539257856,0.50775079258833578,0.015709652896504219,-0.36443885790906966,-1.515511006778171,0.18027127753655667,0.5435735361113998,-0.20268535057386511,0.88737219091695885,0.29934803557905587,-0.73548439924851894,-1.4899803857481375,1.4598315624329699,1.4083497950030168,-0.023953267480426272,-0.74298429704346103,0.050463536133147774,1
-2.0590019693679347,0.58166240766866695,0.64922987392326437,-0.43344052869645683,0.9596810246907983,-2.553573145647253,-0.081464879674327167,-0.48820034057185685,-0.8986933946451936,-0.67830440351045074,1.164043397066211,0.53693709015075552,0.57442123619119634,0.25788685730479588,-0.21914651745513139,0.74474868084192303,-0.55389421474796774,-1.0891588536919519,1.2584672842437863,-0.62503619874236793,-0.19717376914812743,0.11892027760431713,-0.084205955505858077,-0.28107600495150281,-0.38711023332385164,-1.1338092266562967,-0.75702894643017549,-0.9220822041135428,-0.58122464503859761,1.4457213687415862,9.4513744456511901,0
-0.35153220788704115,-0.11214571255425947,-0.24550350140316141,0.61934494762733394,-0.91526779124270308,-1.554718244730702,0.13870955970397189,-0.70938116900186421,-0.54502279511063045,1.3127491875624273,-0.49911772767370072,1.0821766475246615,-1.0563263448002334,0.050522464390472192,-1.3772089079633587,-2.0932112599617274,-1.4255463911918675,2.05219434283413,-0.024137219078209909,0.076211757221525248,-0.37207390017207698,-2.3051746058315241,0.33616088048320769,-1.378952569194849,0.30761554399857699,0.89835204925843082,-0.24630637014020726,-0.7049007238403181,-1.7666491402726923,-0.29027147781799062,0.26204246444945334,1
-0.28270341933651588,-0.95617829365938167,1.0366603594331938,0.35020044076639811,-0.34628434829434046,0.067637849174707748,1.0889878609018908,-0.21969224885515409,-0.58018150275720792,-0.16622412196186634,0.39319166529172073,0.8817609852898074,-1.4758218734682857,-2.0737422893085062,1.2849160784317051,-1.4133648042238176,0.23664753634580582,-0.81059996800970069,-1.0430879928070271,0.25568927658282126,-1.8391931813816076,1.1504617017226126,1.7641036275046669,-0.3294326146380141,1.0447291292506908,0.25147702013790435,-0.97318853169370234,0.16982464230085254,0.72198484517559525,0.72314731066374771,1.1616772770165078,1
2.5297578308274611,1.1879036095341471,3.2703846620195529,0.78768802588317388,-1.1951812300782614,0.21777042732164956,1.8295790952572448,-0.27210339640030023,-0.40314745095532695,-0.72575115876504581,0.099125144344775276,-0.26779398714376179,0.10506555578157195,-0.91353876586429106,-0.35245439532528167,-0.87090306673982865,-1.13365567958405,-2.0355494608642086,2.0395058354165614,0.80847253157528043,-1.2127335378040927,-0.26597562668482838,0.17243197540928315,0.79502631250288103,1.5676259768602887,-0.92882115581176339,-0.2782852912462786,-1.1517611713552347,0.65788683204827814,-0.053328392165694107,0.70721176705674482,0
0.5893450438742619,-0.70702024572585431,0.96218331377143473,-0.044266752093928392,0.27634313133078175,-0.50222598755518655,0.32883028996428559,-0.20174903812027026,0.51107778926135605,-0.22446962269245846,-0.36361117653119274,-1.2214889875325758,-1.8109482822061476,-0.84927634157416365,-0.43580209479993276,-0.445804591389793,-0.88056469851444741,-0.11642082052293913,-0.19932656475047258,0.36657930499979346,-1.4016555594966071,-1.1068993646761802,1.7823897101115975,0.23603309463586172,-0.36811521684601717,-1.2089541885934574,-0.19026576500765321,0.62093103457417531,-2.1805594853791894,0.96089715602672332,0.10666314177397669,1
-0.45260928703080694,-0.36645964394261393,0.80949937756917834,-0.1738030119634234,0.89787461402061031,1.2849193601043976,-0.403367443529633,0.38277049152493359,-0.66105864398816738,2.6800662489918481,-1.7234490384283705,-1.1567023300279708,1.5716910559999215,-1.4251847437731757,-0.9072417794716704,-0.75090172225988516,-1.1177879390166909,0.86348733759020357,0.07691472171985024,-0.088857109115270713,0.49980177081521537,-1.7232058723201291,0.96225661366577819,0.339345805755707,-1.4396109630516001,0.12062768817617495,-1.3755350114302707,1.1572143632967711,-1.0766450175836539,0.43916057132108677,9.4537975503221716,1
1.2327502230430134,-2.8131714189755064,0.14519469441359817,1.3182648326561239,-0.10837660638884543,-1.7767107787203893,0.6449384447629487,-0.11484668261881581,-0.29658125777438532,-1.1872010600977831,0.84402196016484454,-0.20145503265832326,0.72947121620352873,1.4378790832936605,0.39110244866767618,0.65717334962648433,1.1602940385811826,0.060452187759616263,0.98268837857440394,-0.18329832818488825,-0.4267206596892909,-1.3605900294310251,-0.22329863208821241,1.5088496327586165,0.72029043191895659,1.1090685444255028,0.42459080750400685,0.39807320257591938,-0.64652848656368311,-2.1157104053041116,0.074737123459284252,1
-0.10262343478158366,-0.35735366679367048,-0.29460044253954482,0.45318983369553806,-1.1841539572310882,-0.81743105539213012,1.4191923589882356,-1.7731565360890793,0.85348325800795166,-2.3129984283233402,-0.078989669316897534,1.1916680321542634,-1.1497250296453574,-0.44312671025747385,-0.4716233029134787,1.1777311040573699,1.26460925057577,-0.49116569157977225,0.76907738642469747,-0.17515093714487057,-0.63440219046776058,-1.3358631152673082,0.54427400672907655,1.9262256045134725,0.060697166674131477,-0.60641997109967793,0.58319637835446292,0.14345437734675612,1.6799775036432978,-0.094215190761683693,0.44054423846790269,1
1.0346597289649935,0.64247765646530708,1.1359321517091068,-1.2160019553022745,-0.28517544535498202,-0.18451698890268586,1.6220087007887911,-1.1614657834140563,0.17140007193307985,0.53974393941191257,0.60257823222541318,0.69454664737639893,0.17157400271226403,-0.55829485459879868,0.50790890852392256,0.32141306559711963,-1.5108613544865819,0.16133921986208102,-1.7989636574479524,-0.54558244550427426,1.1748172933523255,1.1615016148306376,0.69294253606576861,0.44475777316480036,0.17849701339606386,0.78667201332177006,1.6392673781412261,1.3130535384650666,-1.2594435625010201,-0.97840642018638035,0.047228468403326486,1
-0.48201971536741756,0.24243138886954788,0.30679963747827893,-0.0044190633016410706,0.22486687419746806,-0.82855869228384549,0.59361580708140982,1.6309404611971392,0.65213645571225287,0.12050643354015053,1.6518346746073247,-0.50295905808817898,0.078636899959720688,0.56331681211557572,-0.28756898039606732,1.4568209571721111,1.8791022997591593,-0.36751216423467553,-0.57065777031401876,-0.21711322922871687,0.75684527298458359,0.58555806964466939,-0.26872209197370994,0.48955848749817638,1.439805543156897,0.71471599038450317,2.1304675779739495,-0.28011315350534077,-0.65276512938658593,-1.2418822500910249,1.3613654154383594,0
0.45533932592442916,-0.20082438518884066,0.30731622680515991,-1.0439711036254098,1.0208372990451224,0.92425793592149963,0.74503360160733001,1.0961610080948327,-0.093657101392210729,-0.39047149751624949,0.82294234367302344,0.004506245366045521,0.2485173414247269,-1.3725395792303807,-2.3714153798293482,-0.051727839365811407,-1.4391978875267359,0.55177692098266728,1.3229129405617044,1.5469719572350549,0.88495418212588151,0.64398133463171914,0.82556799830065564,-1.8351237255391764,0.028308289725998081,0.26629063007400616,1.6751411522175639,-0.47752413063377447,-1.1254325770806306,0.4410549800882656,0.99600973186927921,1
1.2817511210828416,-1.0196021253480636,1.1363284455801128,0.27747628229812643,1.4760724553160272,0.21894559449131279,2.2900899161680188,0.03486291209052475,-0.64302509106263406,0.49619201363936954,0.51032028755140024,0.59157408907047948,0.62548750563774991,-0.19248166670646064,0.53433345990090586,0.48844612957600453,-2.3366142078938021,-0.62051357254220685,-0.36254888595370593,-0.26114123105273035,-0.33653869511729656,0.90242432623440694,-1.8434729746731668,-0.006490576375420813,0.36931331720182642,0.017425458958419425,0.22773280674814983,-0.56948524072286633,0.82613693220661699,-0.76610469541323811,0.41191756015962444,1
0.21868371858998012,0.50416068605837328,-0.57912077329130951,-1.2516201133495688,0.34025870371584777,0.92360252689365463,-0.082033058815457346,-1.069916686202188,1.0859998998185272,0.36855713002629747,-1.0437230781302014,1.4783032355387349,0.025152899729482262,1.2099671850863449,0.83691512339327034,-1.3861063136603906,0.75872522286727195,2.092656928710467,-1.96634096359717,1.1277403292522175,0.6769527570594347,1.2066795278738673,1.1500324470664107,0.44337432189976983,0.86977499129591618,1.2524476602365497,1.2249257309545598,-0.36799015382188288,-2.3336455443017914,1.6429222520044671,2.4004844256691942,0
-0.36507273262471557,-0.48328630696430586,0.43215476059473512,1.2110411842939834,-0.18994232776301426,-0.26111457672050503,0.9283754021616174,-1.5909524455452138,-0.10602599301083548,0.046515116895865939,-0.24633273383213924,0.4149511453325514,-0.65407907078290506,-1.4061124926190736,1.0868607422293195,-0.63683690297009721,-0.17000016124762116,-0.43186725234075873,-1.6632025285683334,-0.06558996295246311,-0.30618392371081932,-0.46435920945857351,0.6729019090416023,-0.075203270943549713,-0.60525399995701978,-1.0333704132513115,-0.64109057098358202,1.496086018362851,-0.97288907726393636,-0.21650762341559207,2.2735674009780844,1
-1.9301216254424791,1.3128187425465192,-0.35663549408735734,-1.0586714377063291,-3.5341429425186135,-1.8277043589377384,0.97073665716172475,0.0021421032105115884,-0.67865109370233723,-0.27994440086667521,-2.2869512615908278,-0.10826330344596574,-0.14632024098594709,-2.0781650183242388,0.17544949798655288,-2.3675845835950531,-0.25922929496465436,-0.74704519179865658,0.41311944073124046,1.1861211895201187,-1.0301673530675266,-1.2077636307944917,-0.015213796761452559,-1.4248864108322605,1.1797227712735718,-0.54575082343730219,0.40193123206756054,0.36608959916351169,1.270535759351898,-0.10493854713442409,0.52791458456127305,1
1.0078247644249878,0.35300104569059626,-0.64770446667896386,-0.66807715042576343,0.12877570279143272,0.3256053896714361,0.19279431471152261,-0.37260271255014188,-0.59258620576414411,-1.2243662385825183,0.53621604846458759,0.62533370887472295,1.0928875975232555,0.1487510482193368,1.4120155999261959,-0.87512994723472493,-0.18377844613906588,-0.62760433444247232,-0.30796676427569858,0.56493923243605071,-0.82403649919980881,1.5136485665947741,-0.84371867658794097,-0.52677003191434146,-1.6320738769636045,2.1918274897176984,-0.63742239620467278,-1.6340711575712259,1.3561541350985342,-0.01411284613993923,0.53431819477929476,1
-2.1362244597555136,-1.2751896434301515,-1.0362366729038679,-0.80547883322178837,1.407466590411774,1.532811210862832,-1.2148544879063075,0.57628334554539995,1.8195379293236611,-0.96614048743281411,-0.95064850397021383,-0.31006712297734884,-1.1789865482647013,0.4556530301332869,-0.97299124521721869,0.19259492185107105,-1.0938922764901662,-1.710946113903713,1.070445629621559,-0.065952791980726719,-0.95511891171479546,-0.053233200168588145,-1.3046653450771617,0.16959624400846646,-0.72236481048423185,0.62597962645336203,1.4085518934393286,0.79852223239850406,-1.4615324255726949,-0.50232953301956618,15.750749766334424,1
-0.10547379573542277,0.58026746823489894,0.51019683210800981,-2.1012959187548996,1.0078233310245193,1.5312298501955126,-0.44266629518518558,-0.40947749321083837,0.051787865170499964,0.29188827958521918,0.43495273274691282,0.76943338765230462,0.47427250540562493,1.1161148514561108,-0.48392245183027655,1.07552432258276,1.0122881677799049,0.18982684824395959,0.1442049355541187,-0.76087826020921012,-1.3296711041389755,-0.83268490735234046,-0.32437701269811614,1.260577691702663,0.25707783002109497,1.0217931932448603,0.3976434649104808,0.8215237633224225,0.76273568565903316,-0.58445200361804572,4.008453898163717,1
-0.47420476838707182,1.0038289871868333,0.23888099420984449,3.2933105163868284,-0.87683959333099959,0.8300279016162776,-0.83689374267758843,1.3372667137593577,2.1553483962302575,-0.22975324120872823,-1.0553034520697384,0.887505549125989,-0.22582538227906149,0.505562854687574,-0.82452153534087957,1.5136895726540289,-1.0795020025618747,-1.6459547927870699,0.57042088778153188,-0.98677724011348822,-1.1121105151271446,0.24499727745580666,-0.42996763204084659,-0.82233476392959015,-2.5400421759046421,-0.76600061823593468,0.03481436210647014,0.27198829474303715,0.99503960665580793,0.76167317978548432,0.24639184776399381,1
1.0329002139962447,-0.74851055309815384,0.50628326100654975,-0.59098126187628242,0.31863855380231348,1.1649697277221269,0.66882003750744234,0.93068635681020806,0.55690126625798553,-1.1697907807239087,1.5677931983502296,-0.66988517287331906,-3.0159789453678996,0.71606600554121791,0.79775734804494525,0.66901343519156997,-1.4954611241737636,-0.075503253976094933,0.61209030407994969,0.080333235837785108,-1.8740012623611289,0.80824828151435824,1.8493443236095359,0.71959683398968588,-0.39737608420736398,0.051841589751959474,1.5208411295558772,-1.4961236268717064,-1.4434961403426425,0.13073052335983706,0.13782433745295963,1
1.8776804148092416,-1.0194956032171263,-1.1567845312939324,-0.94759548836398111,0.84236375613204972,-1.9595255981134483,0.1775668076364349,0.62215477855696766,0.2900698982312126,-0.61427309876049685,-0.65305076530159178,0.19003404762358711,-0.40623233908442952,-0.30631201103688416,0.67983805036067579,-0.36471217836220415,-0.78098351740042982,2.4982629254251276,-0.77806260979977682,-0.17339311858774253,-2.3312743562946481,-1.4260771090915716,1.0002594219409728,2.0241229274144832,-0.33210921516298059,1.2659756737922729,-0.64408193561697513,-1.0980595175232013,-0.68551880924051833,-0.60606917787134407,0.044860038504327578,1
-0.093166859810388761,1.2820664570887847,-1.24070173139266,-0.42470726140734971,-0.3649792878692405,-0.0044368818009053526,-0.40130517305851798,0.11746825192327755,1.5422597362611146,-0.62220733144238716,0.20363799227032692,0.14631775200802577,-0.15144611812298511,1.0642225305465478,-0.81076229450988146,-0.072015369396516996,-0.59855788272670107,1.7417886876071158,0.93699414530336833,0.07668810997314561,0.99651395864970171,0.57874427821531427,-0.95160315115320071,-1.285071965765312,0.59470307307254588,-1.5455168187060333,0.88558182799624352,0.9486080854425647,2.1816038927363608,0.040375748834694185,0.091982847254451702,1
-1.3951733613163184,0.2875185157091979,-0.050806128890422471,-0.4238586673715169,1.6673379500986591,-0.19192728920850252,0.031782905502476429,-0.12818527163516327,-0.74516434310605673,-0.57131016181345717,-0.66022062608818366,1.5873683592066781,-0.69309957257211907,-0.28501060824274416,-3.7258964618869337,0.17959072833446391,0.20450901584171782,-0.73885525697915189,-0.48395598897379982,1.6719059168005592,0.4915358040696664,-0.50699749105470904,0.52752064029959822,0.79379291216222558,1.1356457734764176,0.025424089527379935,-0.77699567957496729,0.76630383986440165,0.17286602684337452,-0.21189259349822698,1.2794535011983066,1
-0.53902567642592814,0.802597945751515,-0.50902287668878499,0.43864452988372915,1.632637469021212,-0.63993082574075588,-0.350855048842735,-0.055833854132421638,0.52914967485969289,-0.71314452831631781,-0.36220357320224289,1.204731477880425,-0.045914366061001438,-0.64747090300044108,-0.1810036927867158,-1.2101092576352483,-1.3265723121364104,0.74292579393390223,1.7701489688047654,0.38618794489205299,-1.4616108338797051,0.25935314745068,-1.9207785548957279,0.2219182998582786,0.55114983064536116,0.9611065500636502,-1.6317813420235698,0.078915556018400557,1.0720607047997754,1.7207703964050196,0.35946087716092429,1
1.9447488456344382,-2.3710581623922136,-0.12965141864147947,-2.4191030580313679,-0.22669423685934501,0.20961873166849149,-1.1415862941696979,0.22712558253842199,-1.9940864893458998,0.3282984956291552,0.50478987626053129,0.87081823573827188,0.3093488370075605,1.0825951808031737,0.15137509143857603,-1.2494891857451702,-1.3808736543396487,0.63966472125165874,0.92631830682261429,0.090577103779157633,0.82990530809392449,-1.8259265859159104,0.32888448433646505,0.26166405235776269,0.47225066659614079,-0.12264918027117475,0.52409082323988843,0.66446291316698858,-1.6259207228052877,-0.40318095405980509,6.5844488363770912,0
-0.29389441540551725,0.56882252393545496,0.42326097260605999,-0.29129985479733939,-0.49791843750532622,0.85144207394715021,0.607704476582276,-0.72372614609258767,1.2173230021579098,-0.45065814355476791,-0.36615058360311031,-0.23329101603617139,-0.96651605999297752,-0.78366638804614075,-1.3866812198281622,0.93555052434283903,1.168012212484645,-0.24963534579310034,-0.027046846623412051,0.056267189700858838,-0.53627373756896846,2.1989386781328393,-1.3199324802031054,-0.47407892198592244,0.07079929194012359,2.4923994603132433,0.042928750713007488,1.2670681638372521,1.234305883732673,-1.892144315046574,2.7871081289404613,0
0.15528304983478847,0.30713234049653698,-1.2013711766768955,-0.026325893009673328,-1.6587545154503198,0.44002578939922155,-0.16004007335288623,-1.7650773728139308,0.053499716403505093,1.2730461208622075,0.34017280595205024,1.2067102817311748,-2.3243734655757242,-1.4438726499633689,-0.032928039212077841,-0.28541583573691198,-1.5172499458452993,0.80489258427279764,-0.69239019445524375,0.27407431225328294,-1.0422160770747313,0.70481618804414192,-0.93160026430948384,-0.80620037202697814,1.8011736531032261,0.64057814378379552,0.31166664631572671,0.83821533080074684,-0.55990674093791915,-0.86045645806792048,0.022315258554261586,0
-1.7579995608032528,0.58733527710075517,-0.94865368117151971,0.66585041207724505,0.59827843667816216,-0.46186492923375377,0.066628604844737607,0.34517381573753325,-1.2194321478498598,0.67254839150564572,1.0397935095912969,-0.90890662876216466,0.18750182644157393,0.27127777449977081,0.25972415120100367,-0.37989042597879646,-1.0635550477228624,-1.0978916868628827,0.64072031926677497,-1.3088346960348216,0.13604802650678777,0.23989779120026303,0.28572970408014575,-0.60175880505638901,-0.0080921736998564326,1.8370053070979793,-0.34214102631906484,1.0404915798051306,-0.11364609810656925,0.93716037489112969,0.83689200307475198,1
-0.73795865892395562,1.454624748943101,-0.67304076691571924,0.22612575284711248,0.79204985603191302,-0.17371589814074234,-0.96474513131327644,2.0060589267354683,-0.99138925403677702,-1.0530339524345218,-0.85013431825737218,-0.057692869191783611,0.96401389650384661,-0.52972945811646621,0.58811268952225348,0.55161202328994596,0.9454929448735534,1.4646959982733019,0.76537196493410553,1.7595288222785557,-2.3635852683515992,-1.1227689761665378,0.29225291512618451,-1.9428404965772583,0.41953404032756947,-0.27828789697914491,0.32022968686138575,0.95037622681231171,2.5001937771476102,-2.2920535405411613,1.7987570584757127,1
1.725926183329374,-0.5401267056681609,1.5933102520113838,-0.39032458898776395,-0.64653012768676554,1.8248828758569309,-0.85657523479621722,-1.0738449569018771,0.63107960228736915,-0.97168526964746549,-0.26730323247086807,0.11975778075141015,-0.55662726873054258,-1.0863502587157494,-0.15548190020572922,-0.14562369986621307,-0.096750081485288797,-0.49324521623626472,0.65924757538637335,1.0809326751535706,-0.58640174664946709,-0.38171607818577852,1.2125442039610257,-0.0095937430649967372,0.5280050796921939,-0.6287813794632372,-0.36721252057657017,1.4989832436226143,-1.5321171538602065,1.4433413478173083,2.8711780415929455,1
0.83856924356378171,-0.16183736163261991,3.0876996099466982,1.9889311646539847,-0.56969846985807904,1.5909241185664165,-0.7435807423231483,1.2948752917441393,-0.44659251999478167,1.1680461480270141,-1.9555888726210706,0.79505271473040628,1.9621023526223187,-0.81263545369326318,-0.18015301773900674,0.063064913096554029,-0.41246418097425996,-0.98256813141386856,-1.6422605608180798,0.57274380963989446,1.1741738607499941,-0.94443334662310841,-0.69695841774983425,1.3956238007424671,-1.1386895169745148,-0.011297130579772885,0.094771895439554485,-0.6966414596538153,-0.7027201245190573,0.50486629731482213,2.8824016575112892,1
0.52503052970665098,-0.28968771937442406,0.23066804931609636,0.45354125393480016,-0.02032647103551723,0.21917280874327189,0.43644608324449929,-0.40249847547249923,0.78397560468310645,-0.099369833337824592,-0.086324303849749651,0.38553260580446619,2.26158286118079,0.12644165797256868,-1.1316991843302742,-0.57914645475128523,-1.134347546020358,-0.90685982776610596,-0.14889871757377693,-0.53633148565173505,0.39481089818632659,-0.1944212315463146,1.1806640329511313,-0.68186306005790642,-1.9902385428260514,1.1968386350054172,-0.9282427402758896,1.9551794243417877,-0.051982061547746018,0.88354506141431144,0.40076116633690695,1
-0.19375788178082823,0.034911622105302874,-0.20032993454317691,-0.075348086862924116,-1.099527313145183,-0.10222366969631755,-1.9122834367958528,-1.1397713842668835,1.4005646262980609,1.2505338668260098,-2.5105145576712538,0.0006024279053000631,0.9899966325361752,0.42579973458306075,1.6071689277110519,0.59729547448261067,-0.78774787641193611,0.53646164059813817,0.077453202987100692,0.056594220552924394,-1.1208403829863818,-1.6376031815077481,-0.16341744954946719,0.8206221732524035,0.058746480048369971,1.9386931714881186,-0.52182126538425788,-0.54436952553026519,0.61067965499705557,1.3894519232376839,0.399758412680987,0
-0.56889473528976464,0.045761661534223501,0.10849638648227755,0.51530629749002999,0.15486113888995282,-0.79693925226558526,-0.7186777840737566,0.18301724777762934,0.69886552591579887,0.073003069839128742,0.072967883509587397,1.3048501733341535,-0.54725282069919712,-1.5256276276723839,-0.35995087303307716,0.39692824983886665,-0.24556776157916238,0.10887146198645718,-0.26850571292646419,0.84611519156593418,1.3948745056772369,0.17660352944973914,1.119994755589415,0.39312096764830029,-1.4017834682283803,1.2835469447476169,-0.99143239174557019,-0.67778331197663177,0.10778697118259055,-0.75530433786628215,1.3902225615335184,1
-0.46532301018948591,0.86572427680537767,-0.20352806027682349,0.24095430292031239,-0.267055690116689,0.13665026723966961,-0.82479105644555795,1.5766490176181098,-2.3897538574109976,-0.94089712640817214,-0.8690563346571758,-0.39575633440935831,0.41258497785797449,-1.7053082441145182,0.41810884458021341,1.0115244527357674,0.34092963470019105,0.5801877263749321,0.62135938726922479,-0.30633732851739587,0.55395169891598295,-0.59397038588347251,-1.8228520865157261,0.30746903018948085,-0.033765805451272168,-0.2179869898243382,2.3817814815041625,-1.0298882021310172,0.24746717920388661,-1.7979637055278634,8.5026897611929275,1
-0.029455425437496477,0.99491092045106411,-0.29753023283030572,-0.35575633271635776,-0.29671270649452924,0.63530061106249081,0.26169850633008657,0.98521320323959904,0.4734427538495648,0.29571302426191376,-0.2796140664113666,0.18075713559412881,1.7943080142404781,1.904825252260856,-0.24356714656258238,1.0074005980304985,-1.3742203363267993,0.52975054257385645,0.056361957530244325,1.0454854453411642,-1.3020028149049898,-1.1550751316950332,1.1243616155230942,1.4027099386126074,1.4397946381079607,-2.8353770885313518,0.012619721184054324,-0.75308302702456531,0.35990200363780284,0.39092762192737102,0.40336022180151154,0
0.99838739953937161,-0.48056649622018816,-0.89889393068472367,-1.1616380517646885,1.3735811319349602,-1.295718256850209,0.714392673065123,-0.91326197401560538,0.10427406103185205,-0.60454292010069999,0.46615039480534592,-1.7050944849992933,-1.2894526416673291,1.144158991525001,-1.126558009855734,0.45579704029864321,-0.07632808633642349,-0.36683353481715997,1.0395917636397152,-0.28060517361807147,1.1944085878723092,1.0298483966621639,-1.2943645399660546,1.0294663848043395,0.58360809688474768,-0.30130226623033307,-2.1264534452917259,0.97474314290710229,-1.0605359382494262,0.81678700398211601,0.23288669547033228,1
-1.5347786172160953,0.02923136514003476,-0.43808846138272556,1.1163721378951732,1.3064539884417947,0.51622589234740168,0.36516602503053308,2.1509556239541645,-0.18144131274559561,-0.66507124014261187,-1.3050206119169772,-1.3717863805952006,-1.1214418871446692,0.7649493183324364,-1.0787469667958429,1.7043064549659126,-0.036109041103393261,0.19678685702751531,-0.37920055777627093,1.7019053601503003,-1.2143437215003861,1.4169666751248062,0.62461540770917734,-0.56147010607865377,0.09970214347175746,-0.58184890998976357,2.0703313383879229,-0.331829236871374,-1.1935206819570054,2.0595907771193298,5.0138900238267263,1
-1.2300394058436961,-0.87653230687363959,1.0976910861855684,-0.036343661762410433,0.076764342350563453,1.8183571313715643,0.23363154177114881,1.4437327411130922,1.3939203106930775,1.0478939826007492,-0.24491619773851023,0.86616263912078539,-1.0937770624586975,0.12747243490564678,1.3588244844656538,-1.82505726292852,-1.0420959049383314,1.4483462067171913,0.6905286934777578,-1.3475506841188127,0.012680647571692225,-0.2916831256262179,-0.83289244364069326,0.49466707849491631,0.80298252611973675,1.851814783427195,-0.34993483029130479,0.91501140319549368,0.85969227582943752,0.58822660769407631,1.2604834721664104,1
-1.0575204811098791,1.6613416301154773,0.23855793352426616,1.4659220362384049,-1.4036711473682155,1.1152683226393936,-1.2965778255002527,-0.40605806376939974,2.0332602951490131,-1.6950626363667614,1.0380146306425524,0.88602799735657067,-0.057157262447600651,2.664460555307107,0.85910263987293389,-0.42937805472913215,-2.0266929350025635,-0.32928928273150687,-0.19000693717717193,0.73905856073423082,-0.83826878760099743,0.77597245127602488,1.2261387683725711,-0.50802365892776202,-1.3367066316476142,-0.80128656750557936,-0.35737493525290231,-0.86289586739774626,0.17786192535896028,0.04641818884935596,9.3703214441731806,1
-1.2028365567668533,-1.1742796382626766,0.11420147718917806,-0.018935672339802263,0.13253664101886795,-1.2575467614487845,-0.46788653274322178,0.99243224885345183,-0.72437993294194702,-0.50700072660990014,1.1893324340853713,0.82157931883466551,-0.41069398242444694,1.7169888007196594,-0.82624005302911929,-0.0069924295898159119,-1.0636082790593857,0.95939128761474968,-0.13950294302695368,-1.0865435144180597,-0.034648457001243298,0.72343225012623513,1.9755544197889241,0.2183206095067918,-0.11056002441438066,1.7236917252975219,2.4864913946437102,-0.83876660807459757,-1.7567434964434692,1.2262079611473244,0.2672516558431583,1
-0.44289113772017646,0.77324774234951954,1.5169537780977524,0.62334875326597938,-0.13706936820642646,-1.7686923292727064,-0.32749148259355487,-0.83311357380722206,0.98919948287973269,0.20165562509519275,1.212223223731828,1.2045927832621086,-0.31948371645681367,1.2275559339343209,-0.45732002343236861,-2.227210214684368,-1.5639124566640463,1.246233206533564,0.16145520942227568,-1.0363540014688295,-0.65017243484000142,-0.10880832759452182,2.3845146377797795,1.063290455968372,1.3155428618595724,-0.1145863466345898,-0.17435766749684534,0.11493952832402854,-0.92488373597295603,-0.36845054639179486,0.93951406414413163,1
1.5895330234616334,0.71607515831191515,-0.92498777116098396,-0.15939623901640915,1.5583355480856373,-0.81461565278007875,-0.5462763352418093,-0.63680659081664226,0.14978172875811044,-0.77213816194080731,0.64605880841355923,-0.29286001368038272,0.89909458755810023,-0.96990699519555135,-0.34640896724190517,0.63315184174033012,-0.69825648485016711,0.38474280835020486,-1.933781307250217,-1.2200048172443652,2.2446904743925384,0.53197570104331282,1.0287440860298829,-1.5282282931939035,0.75048444103218515,-0.55293992906583578,-0.64554268719644481,-0.076882808863265886,0.7991330357307318,-0.66972473567455226,0.25027376161848375,1
0.69688645955157158,1.9398938914544546,-0.73707371941234989,-1.5155740204973254,1.9196333005446207,-1.0196395090220025,0.45755679995528209,0.4056904105928168,-1.0202000107497056,1.1393573908052637,0.45803742484479515,0.53426827817554112,0.80700205069593567,-0.85664791350757563,0.86329617295614902,-0.26376262967899666,0.29803755592539183,0.057782781780525511,-0.42750457852132789,0.03393380251213108,2.8946829914465129,-0.27236055407319859,-0.54540429099555454,-0.43589137934837835,0.33477874391084017,0.55602084739248814,-0.51025248602822448,0.72404304838243982,1.1868751483592241,1.1946322056543046,0.43949312917838423,0
-0.69859376998268252,0.75344322620858484,0.53387656188581889,-0.32061253708471926,1.9131216345789801,-0.29644567284537587,-0.96076359259778465,-1.1429889390268488,-0.36277458916459165,1.5183925129465403,1.3102429637089805,-0.49641811098883332,1.1914091915845666,0.049296326378618222,-0.3865503472363862,-0.9578997583983867,-0.9469261186999135,0.66392363766768114,0.55523316189081862,-0.9596904301278899,-1.4782527620164698,2.3286103329077719,-0.087875423982203923,-0.97148552222029938,0.54787197153456468,-0.28229598265346884,0.13494581705918329,-0.067392490939032559,1.0000152679282008,-1.3973446241089857,4.8737439386578965,0
-0.054232725587334156,-0.79812482139617669,1.2890242163739252,0.29998188850573243,0.29167337765925133,0.28986967347628223,0.80948285049622914,-0.59810957675272536,0.35562134827987496,1.7587213681338172,-0.83328562361390401,-0.035862987682515723,-0.73997828209970185,-0.21867694027496584,-1.0639869681883036,0.23637626511998258,0.98041752520864955,-0.52450819435455875,-1.2370542772176234,-0.67532258803334066,0.64350096907703846,-1.8274377689063892,1.4195342249147167,0.72440327346734801,0.34386188905487941,-0.31543975558672588,1.3737380313717895,-0.18354516388078101,-0.76496811738927706,-1.0506215658274616,1.9135442649019225,1
-1.5738217768721188,-1.0132560175630279,-0.59658739773741021,0.46530168704829761,-0.52337458407255544,0.10574656387635629,0.64970475356334978,-0.71913809701472675,0.62417750150194584,-0.34970704315261819,1.532924842329334,-0.21767927418168742,-2.9966796133714522,-0.51088344528293361,-1.1111102058415845,0.16505714019762022,0.10832650228386999,1.5089396469558611,-0.15874520322028182,-1.422687150639852,0.19259677974836123,-0.6889022942182349,0.50803017034576203,0.48793190651948082,-1.7330166902375528,-0.69362402864379669,0.38322011536313877,-0.55000216117530498,-0.76766877208706463,-0.79446666863961801,0.014544184253331174,0
1.993778412248522,1.6909429481647631,-0.58756467708880145,0.96101391096265676,-0.85714461244020501,0.5641479035006306,-0.8360535381268096,-2.4600956793010722,0.67030451095277865,-1.4848184184473703,0.22636161800703358,0.1045373483972203,-0.85390255446785812,1.6519732743528406,-1.0138365196620587,-0.3007038438277671,-1.0674308555101404,-0.53562319190032859,0.3299242130739497,0.15036850212603725,-1.7619023034963686,-0.18702257017955537,-0.04760082663415232,-0.47472116516234597,-1.1333626743792036,1.1470302598541722,0.84112514373650482,0.91751220768866359,1.6798681786815395,0.93881739769261541,0.14481143478957362,0
0.54281266889170754,0.40317612562412597,0.31299568786617815,0.61411087016454036,-1.1058341965292977,1.2531285614111951,-0.080526665791573318,1.6292417630479306,-0.94682119157773992,-0.56348963742903957,-0.88061873345499275,0.21696830059511296,-0.4853070786886125,0.76618929206940423,-1.2706330013150948,0.77477552718351994,-0.61219732203713551,-0.51690360095028853,-0.66951133525664441,-0.70702700435188492,-0.39903644017081696,-0.64207597103629943,0.22739024362161533,-0.37373625537644872,0.63546345072424659,-0.62285363737059218,0.80074774129649062,1.1660173037488044,-2.3461081729377926,0.017680041409858537,4.0409524745799912,1
-1.1364753918401105,-1.2675923592046092,-1.3369630854163745,-0.70203541646448298,0.95715527148499013,0.67476222762533755,1.5125806129271788,-1.3232713596953856,1.7794139529292088,-0.53610846639948162,0.43668810494616134,1.2472602553667904,-0.7332020442676298,-0.0013945705416513801,-0.81676872078538809,0.71019549103999657,2.1409574627068255,-0.81983156499258203,1.3653503795649611,-0.17444443319515221,-0.27832692706718254,1.385387129664996,-0.6706556110675751,0.63225122442625503,1.7327886325826842,0.68247833243096001,-0.092069632832914847,-1.2147228711919753,-0.8107113100664437,1.3719457812924691,0.93320394857476985,0
-0.52130171428377492,0.97425901065915166,-0.45712403790712525,1.5458896079725108,-1.542039189574236,-0.24155643502576962,-0.90741403092531825,0.45220387367074266,2.2808071000290484,1.7672173931119934,-0.74487798999153787,-0.32086030307060803,0.48319662654119799,-0.31063640763647532,-0.91004468481124279,0.62557886933206941,-0.56430883024293654,0.30188711623749859,0.83424859977280941,-0.3269462507533985,1.0461991791138283,-0.0046890192575630395,-0.1211700616439553,-1.4457624551914265,0.15464375827364835,-0.41132796169052693,0.13783660491211316,0.82389086768806385,0.97099702407673683,1.1557313299896006,0.23564954851386335,1
0.19854200265610125,0.36188328661756491,-0.29831185701936697,-0.043740203824178314,1.5806185828588848,-1.7142520605779774,0.38294147867634892,1.693476579515687,0.79763781001804213,1.0165748702707273,0.38559518722616537,-0.32074950380992717,-1.1472708749586518,-1.3096868597348785,-1.012544798761583,-0.57077975989221497,0.21577356334984918,-1.5086500787040127,1.4502488598227115,0.5284579987964021,-0.22342596383365299,0.092286770494938442,-0.48935281002818348,0.19141696397836219,2.1058735174765899,1.0060870259693302,0.068626008535866825,-0.18359274135601464,0.73675804667300526,0.08650824824947391,0.2191924415601075,1
1.1942483956571188,-0.06927384057249579,-0.26739412527247425,1.0687291543450943,-0.30382784235659976,1.9598891295151097,-0.50141614637966436,-1.7637421463020817,-0.44398463495401869,-0.95733631533349162,-0.42413332211490473,-0.075362408401982398,0.79533596699236564,0.14714451667521311,2.0315965699452354,0.080752491455984191,1.186081355151634,0.42647242050192291,0.53125337810423412,0.19040486750580357,0.19435350728026102,0.76231815951384307,0.5046945985943172,0.055130127080205697,0.22255836951183641,-0.14518584294585904,0.76123284601499996,0.19509877885891647,-0.10334833633108111,-1.729262607479283,2.5366593016670511,1
-1.2752944589581094,0.53205860444245678,-1.3319805923912353,-0.78883296725386032,-1.7981941944946527,-0.27007634979104966,0.64486061694110763,0.59606608822895268,1.0014275410108049,-0.52949716945988701,1.4451991344534254,0.54394442956976241,-0.1218109375324795,-0.37594242592293992,1.0928558443323435,0.13491781787949081,-0.1970830994002368,-1.9351726203770483,-0.20375075350648578,0.77935142385786582,-1.5200112585082302,-1.206262680196198,-0.90693654339514063,-0.79545127929647796,1.4815723586907596,2.1247505998649912,0.39647084388245257,0.095116780417089417,1.2460305381964805,-1.486217181818535,0.012380255490311616,1
0.0031652533787710287,-0.030143727624516309,-2.3956356941119168,0.18445681478729514,1.2205084790964997,-0.36721105919509012,-0.09779175412797507,1.0391460141542217,-0.48320206307833691,-1.4214801559275978,-2.1940155713189529,-0.97205234984443034,-0.047743087687042482,-0.25519396015260309,0.97389070272311395,-0.65204114093560395,-0.32978290538393967,0.49868463043201394,0.23815924309039391,0.15981612320238131,-0.5409488334443936,-0.23632083838817525,-0.83907202587854135,0.57844609247056378,-0.000731680136188979,1.192874914049715,1.0608952933145039,-1.4130311960036295,0.75701349916431948,0.010624522302416129,1.3838315900170386,1
-0.2628360997966282,-0.35198966104832335,0.41804691159767987,-0.25837482548237328,0.25955940955549128,1.4472026476779001,0.72794150707288041,-0.9827181238750381,-1.1038643245106452,0.99254261034679048,-0.77918544683912438,1.2929663656414476,-0.50626142379782313,-0.34578138322693663,-0.37937618690156732,-1.9363975323840257,-0.075091077280855345,-0.77776924779797108,0.23823346041846621,1.8048328369700295,-2.9927378112780914,-0.26164163187140349,2.4609482825284021,0.53209984763101026,-1.5653856522114153,-1.5024161679833841,-0.62057664300373072,1.1317166687119633,0.27627817631969426,0.66533139818371179,1.6011908599309221,0
-0.092902620314702367,1.3733888280449145,0.80508829475024557,-1.1127246149444878,0.45846560344883214,0.021176137986213997,0.94476914270304679,-1.4733993967571508,0.30013747293413207,0.31495017339882309,0.22294245944689764,0.2223646637218411,-1.4676993414806596,-0.64023031036325018,0.93661870783370782,1.5589407673586899,-0.50151996405307142,0.37106783355019457,0.93983858609240023,-1.0277881428306133,0.52725165024579723,-0.88809908781322,0.28135157253767185,0.39081094001831873,0.79098746204490544,-1.5059437426260001,-0.94096922644946779,0.31112959898225934,-0.70712447625384012,0.32769837541215019,3.1948171953943243,1
1.8924472948822944,-0.59071254741514834,-0.76978663707792561,-1.0169640372649196,-0.061353436702407248,0.16021662499701647,1.7722941034631807,-0.403598855543574,-0.43028121217957072,-1.4554281088561716,-0.5231656261241362,0.7725332976762852,0.47458354171218997,-0.63069332953266666,1.190915395286539,1.2188254856719634,-0.76238562509867702,-1.0808323228174153,-0.12565024275645317,-0.73454947372304191,1.5887056058379254,0.046930494170853737,-1.4124677066549765,1.1395133802308857,0.53321001403246404,0.1112289156243453,0.19586648318152847,-0.23517156350189361,0.24466173720051654,-1.1407009221054709,0.1179585334642838,1
-0.85430929957493451,-1.4633044822456143,-0.39237424939417226,-0.14558901407209837,-0.42321058207998136,-0.66874408752853698,0.56546349899482684,0.40864265996793386,0.14585821939370316,1.0108059057360645,-2.7360954175409478,0.40421622878603575,-0.85796202029037627,-1.6436397741312958,-0.72949263829949096,1.0924444098030268,-0.25433359136555078,0.79112364554331094,-0.65500917936025949,-1.7467342304486859,0.46556354201489036,-0.62069468165859354,1.1599295722258445,-0.10450800876032225,0.27049905255899964,-0.091269627703316647,0.70758632804938981,1.0739502539691723,0.2420614031014835,-0.50045245108536152,0.66151484915626446,1
-0.040737325928252903,0.33971969737159036,-1.3103637192153976,-0.5659901684800881,-0.010071293826966419,-0.60840462336854395,-0.89067198870078335,-0.36871243071548709,0.046639149501999357,-1.8370852944867058,1.0842472381381159,-0.67855124663620447,0.44179202142880053,0.14796947399362526,-0.61244328989344066,1.2830200602287927,0.22887920245657548,-1.3328066602777664,-0.72135381138044141,-1.1630215387396157,-1.014311413171882,-0.88463700140807999,-1.9893771024650999,-0.50485396820029593,1.5902005473112988,-1.0700628605074889,0.95857763363469017,-0.81348527481565913,0.90995983741395015,-0.7117975934364229,0.39848873706581572,1
0.2495937948709572,1.7985211292708627,-1.7933761322893156,1.0470367885250405,-0.0049603992973839038,-0.85323888367287881,-1.4145465714025698,1.5918007445204456,0.1310518727660385,-0.67918895837464288,1.417541609250051,0.14581724418819381,0.014940329598636549,-1.3212830332914727,0.77340535633698437,-1.2214938944284206,0.22330037408128064,0.14688049587807522,0.30566400812198019,-0.63378880192300546,1.5858618561032773,-0.21298859557813532,-0.039190792429494907,-0.86810383454195394,1.2035501298827518,1.3759922709428911,-0.35758842690917753,-0.282833201145824,-0.53319559781672554,0.98004622083156134,0.15818818913757837,1
-2.7258152044098876,0.51975009251763005,2.1083544953715072,-0.95109508943982446,-0.39759374432408612,1.0414680647827563,-0.93662859410680144,0.36543983249811712,0.93369993703787924,0.39795639221776385,-0.84766023793833456,0.49981556403001121,-1.3728812906059447,-0.20043336960436001,-0.19603242248773986,0.84493103925252844,0.3062520111216977,0.99954647882657821,-0.023888516526364437,-1.6182215382910639,0.84154134123861823,-0.049168499807657917,-1.241428988470805,0.78839102570686148,1.0416344640191391,-0.89015706806158723,0.21428363158371488,-0.51875977676831253,0.99755240202651085,0.68633651863395229,0.12164183687515237,1
-2.5132092856965875,0.54519157170664745,0.61640855689483731,-0.85261497945024545,-0.011211565076727228,-0.03904316681867244,-0.94426209081133128,1.3058745792055222,-0.94149789998679989,-0.93342294281486271,0.50084856433992742,0.07004379681525888,-0.56407788935817504,-0.11180901981632306,1.023734516634242,0.68454222045357083,-0.0072887097526383266,1.6083926104204056,1.2711144435567205,-0.93182662890509438,-0.16215678736340938,-0.5112488017684752,-0.35244474220651051,-0.62028870410151038,0.35203024732106042,1.2084072503011052,0.16078162656465098,1.6245665548955261,-1.468762653016366,-1.4965020049898925,23.174370987467658,1
0.35378097072247594,0.85923380197071486,-0.050170048951254667,-1.445266890705472,1.1827261672592213,-1.5609354104648199,0.56070033792632024,-0.016848235776354369,-0.37464277004936791,-1.0543584091257217,0.2319020185127304,-1.7717170146359869,0.76949266899462831,-0.22723888066734294,-2.6810284030621445,-0.0095344709483975998,0.59346029820034685,-0.53870274847084665,1.6213378561312355,-0.23767784071082329,0.76029254252050593,0.064677548148197483,1.8379493284274637,-0.39441408401222011,-0.89779237727933381,-0.21082460920503909,1.5565954740412025,0.47463090044935169,-0.82504795896044014,0.34342327557504865,0.44117136282866531,1
0.83162676308879779,0.77391763279644277,1.251815116722389,1.5262177722111763,-0.40541296525809445,0.34910339998307038,-0.11231338628999712,1.9216441690801966,0.46405050117800767,-1.4811665882227742,0.78974459140406394,-2.1816984479519004,-0.36253547220565252,-0.27114389795050614,0.36068379399211431,-0.17674425655692788,-1.6951216594207106,0.13338166462299916,-0.10180266732590375,-1.4044431003005633,0.63062238190620135,0.84029519607789782,1.2660342329831258,-0.41404644602989765,-0.32818253419561272,1.5408395194429012,0.22434333003491025,1.8020897231905928,-1.0439361489725663,0.61636927174368106,0.36689391818043732,1
-0.66756996980112271,0.52456182418779407,-0.77064804779907869,-0.13403763423887341,0.74219800425404425,-1.1123260940763089,0.61615622146864935,-0.89417561190958117,1.9325561451145454,1.3833825230952328,-1.4618274382768912,-0.89680940828641542,-0.53869176459776302,-0.3785553402806352,-0.0019082517298843618,-0.078271149362517306,0.8888635447667188,0.29185688376919555,-0.82508418752727741,1.4793949625212621,-0.35867962288045829,0.22710154825806531,0.08654923814292767,-0.44432122161785131,-0.83298383911860396,0.33521686589394734,-0.6485906473557036,0.84859714172300516,0.63403560307888485,-0.42148306339234332,0.22142349391074931,0
-2.7206869492697363,1.0716501039732824,-0.20121098448455238,0.9123066340935656,0.55088366016356405,-0.90280695253538468,-0.51686018943044487,1.1377549800973212,-1.3247130409481322,-0.79258283557782394,0.20862619713120192,-1.075082031705809,-0.64222948674442581,1.1752708933493685,-1.2283703347153898,2.2302083590121615,0.46835752089415583,-0.62423989529619883,0.5538944198064768,-1.2362534492842427,-0.18656666454275569,-1.610448247775736,-0.3978523438421962,0.80507013328061994,-0.93477920888552191,-0.11789926548919553,-0.31261367968475767,1.4585607332423627,0.40388430079669824,-0.052272858535057899,5.2272528493403509,1
-0.073854473841607926,0.90356195109825865,-1.3423367769439052,0.10723958147086431,0.51598218071793567,0.9468244439968011,-1.2683484892698114,0.24884217558903748,0.20890529361740046,-1.3129443764973674,0.29985090727656383,0.98909446682438684,-0.51703585170498589,0.64776086325843407,0.49211698393508957,0.66365222911257959,-1.7365759047293152,-0.65061556602778547,-0.87647277458573525,1.9253305144330088,1.2558112522665137,-1.4983157973723353,1.4069538723646766,-0.34843506661204093,2.3184404612296148,0.30241080440458967,0.45480138635175033,-0.1263836410444413,0.49610671342209844,-1.0296665258443007,0.16884701432518395,1
-0.56279094579448607,-1.6965655769097532,0.67700107112341423,-0.058616757803682057,-0.2514191521951441,-1.6408093365942835,-0.48084180993338749,0.088420634519531832,1.1996833315197915,-0.3565666774969552,1.17711308293508,0.43473858037387447,-2.3351004095295145,-0.98266487969204985,0.84227771979813781,-0.29955139164736005,-0.12935780171880354,-0.49261226845210387,0.19585569581758522,0.83552479889204034,1.943705102206706,0.28770227484135974,-0.73098089980227965,-1.729130016243793,-1.2039768948475917,-0.23858412012321534,-0.37664196637940783,-0.31627063916711179,0.58715288820993794,-0.93681702292146707,0.1510433817933631,1
-0.63935433309817979,0.74679671264289993,0.2214218000174745,-0.24981743805915935,-0.56802364519091497,0.65095938054943414,1.0836304899696756,2.2557586573063548,0.78175775785335389,0.85354150493346392,0.10889129594772477,-1.14473841985354,1.4792863063793109,-0.39217471763326933,-0.30723360672880945,1.049894469014647,0.75490293762937255,1.2488074643827849,-0.39066176914875561,-0.7394735114968497,-1.0817338800048073,1.024337400399989,-0.23023744704885418,0.50575863930333698,1.1473379910257273,-0.081659672496207938,0.44106652980864663,-0.48971354804661166,-1.6135397865364558,0.17407010061016087,1.0459359881608321,1
0.17066542361062439,-0.68830152111191989,1.1765588624538232,0.0018024397856845661,0.0050756327171563682,-0.14922730034004514,0.99515924547570722,0.13812664447811546,0.21337957693353204,-1.3456926619011289,-0.41017494085745643,-0.089206402728920497,-0.85064906330191092,-0.56839911255784448,-2.0104450128935669,-0.91128203958233944,-0.75365416950978614,2.2872661639130061,-0.46722103791535452,0.88674613358231102,-0.38004936142404466,1.9372812308170915,-0.471324093347808,1.2490206939981268,-0.12849015581274059,0.083469638599650148,-0.32822061017636911,-0.88017067492848733,-0.43505681514117051,-0.29005582211010139,1.3074211889732545,1
1.7641469957390568,-0.85149683280449884,-0.0051603882997976556,0.15790113520966081,0.033677967338469672,0.29056068815232489,-0.11466770032013852,0.87401946344134607,-0.79160426614677826,0.72779216075738928,-0.33605172619542684,0.25489323572061834,0.92996463120028849,0.95933464209885722,-1.1450973387692505,0.48416957276786815,-1.2304729557071672,0.10078857635125038,0.67942148628561871,1.1380478725795236,0.2298144454270446,-0.069656592966005015,2.5510071105722676,0.6694058445981147,-1.4917643174905868,1.2536917050132768,0.94928173870815979,-0.84177508282359381,-0.50101982983101079,0.54448216394135129,0.46928663334144816,0
0.92968342675404203,0.41365487684724117,1.7151614026820594,-0.60764944702846468,-1.938391832532862,1.1127824960629529,0.53961187934752852,0.4577789035413849,-1.060291169056238,-1.1645791876310425,-0.23641374612076818,1.3061293673414984,0.5393786326002723,-0.34826733550152311,0.26655678663915233,0.016879696040102688,-1.9413909123172302,0.7768711541398462,1.5208479389376539,0.40289963794466371,-0.22464471919567977,0.70395184504840413,-0.10114742259245947,2.263560503925834,-1.0354047361256944,-0.25124883465296649,-1.934683930050092,-1.2339025251182554,0.25661649725851304,-0.80391900709495367,2.8845115499902731,0
1.4336543110010762,1.3110140352261894,1.3506988624422329,1.498994619386798,-1.7403815060978598,-0.094597468052815964,-0.11492813275003834,-0.032464500967977733,0.56693010185841619,-0.55638496425370465,-0.13212456498188685,-0.69551529114109001,0.40305494466323732,-0.67107420232319204,1.2669719395495291,-1.3485011933864217,-0.4800743140770653,1.6903377318569177,-1.8966504777328339,1.1686107759702666,-0.29838443872651088,2.1432583140527601,-0.80217906452186405,2.2352082991435314,0.67298585066751038,0.11428049771095576,1.3130239384851479,0.48022638786716904,0.14823659936646777,-0.34405856206208058,0.041135474837474331,1
2.003520210288054,0.93466392805397502,1.1764274894107261,-1.7425746381991434,-0.14331547262909411,-0.050205601868300614,1.2001897175560603,1.9947914172224614,1.5523626329309932,-0.12931551201858618,-1.3479094056277758,1.0237088676137565,-1.2130058122111236,-0.54252389564100312,0.64496176693345886,0.46436844706689051,1.4151111713961866,1.0777171573270845,-0.63598658414016396,1.5371028857217233,-0.18511001710530095,0.80766441610616913,-0.13315202960975067,-1.5728122497072818,0.42803741222088004,0.52565839376538392,1.6871972229906909,1.6677078320051117,-0.83572521101506314,0.15895638078809959,0.10421364362448908,0
0.50997205838620441,1.2445067487651109,0.69566604572080326,-0.46520288028617179,-2.2962732890937305,1.0910055800937835,1.0263653392383856,-0.88219878049684797,0.17135859394942024,-0.44848646839866435,-0.53055589698208472,1.5514102756734016,0.46863377160199554,-1.9918846694421115,0.23701658334454886,0.99772459260152502,-0.37739488469746202,1.8131461651994629,1.2284448504398506,-1.4463755956141919,-1.3198227196316359,-0.36102838814674476,-0.63681943481314618,-0.18795514046898723,0.12408210351115827,0.22289432334399578,-0.65621508721650601,1.8617570697271479,1.2958727732075828,-0.69475351013962061,0.317092544953476,1
-0.62610706033496433,0.63917679340359712,1.1441143386160986,0.11139266388326517,0.58184979684732063,0.37748819779684289,2.9197388414340901,0.26591152207852969,-1.6054115229903823,0.41925750821265889,0.56557299626479873,-2.0265996300531604,-0.46699139491242225,0.47533675085645527,1.3807187982537386,0.50515647935989527,0.66243041862875218,1.3256493791489325,2.0637990545549503,0.027951433599751083,-0.97215451901787464,-0.72907769214754692,2.4754955853962053,-0.1941345317666196,0.36658851556457606,-0.14130887733591835,1.54741650904478,0.29256617150132036,0.22682720702715839,-0.72276251487383092,1.944684268932781,1
-0.356249085483544,-0.76906631830948669,-0.18878291068066572,0.82102377290247053,-0.20971747101302926,-1.2019323400767525,-1.6906765540704112,0.46630084082647316,-0.15285496187811051,-1.5336811617936192,0.90345278384043948,0.26628347445490846,1.1289496990022199,1.3769356843009866,1.176302942168129,1.2556390230043792,-0.026042451566097316,-0.6494232063486054,-0.72450471060385191,1.2438640087140667,-0.040352706431843036,-1.41357015962036,0.030776206194435815,-0.096617513696799245,-0.89972141726348986,1.5101544553997928,1.1405839823755948,-1.2143247547973137,-0.054127338823417671,-0.50817028141638843,2.0339134809352455,1
0.32513720710407401,0.97440343151549924,-0.13726164466289448,-0.89821319561518509,1.8879182600443214,-1.1577353747621018,-0.99622198225972736,1.6117623161007768,0.3306528458757319,0.70380574012496666,0.77245570155858201,-0.976521809789476,-0.48507852129717755,-1.4190593832600928,-0.98657850428505578,0.59793677966014358,0.77787797524505098,-0.1448419190654886,0.15654983282606336,0.51659197337030394,-0.12649831526703254,0.74571346049287279,-0.95275085021485983,-0.80705524351654045,-1.5690413428778112,0.88039971024176034,-0.67167700217216242,1.0629158081118024,0.51073972351317598,-1.4304565676947063,0.58950452551626864,1
1.3929162135798099,0.30077856447991308,1.3501775131107365,-1.2753135563941862,-0.082382583489595956,-0.89347555378575283,-1.437941944006587,-0.17315981116483953,1.4245822331460165,-0.21322975505790073,-0.09303093307649965,-1.4913253804767486,0.19024661562688003,0.68028168070868111,0.089007731263657491,1.9923578774033304,0.86816203092256627,-1.0668921794346149,0.82877067114224745,-0.83019710120371426,-0.73144046998685264,0.53070312149003829,-0.70137338158616924,0.3730779422984225,-0.58506356272077253,-0.24031268252595064,-1.2048347954294025,-1.2288623790797082,-0.1810337572739176,-1.133077944278861,0.28250043495163868,1
-0.25143755765478876,1.2032927167301544,-1.2640335247265835,-0.14935970285759395,0.18164817825607649,-1.1674887376179734,-0.9161881700094795,-0.67949437825946701,2.7146254744426908,-1.2983907541018633,0.32392031841456065,0.22646686519308282,1.0287049691994268,-0.53121867380522125,1.2571231720524754,1.0990149293366773,-1.4878606803384711,-0.58862279567639297,-0.54880825681074508,-1.8516259392992598,-0.2639070705334714,0.73300614519613083,1.2484738108349767,0.095572039954045451,-0.73661518023370753,0.30840214741385574,-1.088523414324168,0.026308067284981095,0.26193110244850182,-1.3933290404117249,0.363950453978721,1
-2.4579243176730068,0.091991116833366193,0.12459960754340003,0.64099104826729336,-0.72088895793067509,-1.0492449395340289,0.18714575619077145,-0.23720966937694832,-0.45947250743395079,-1.9558193857282373,-1.1146329537672193,-0.64753776694659948,0.96479786796964118,-0.2441630806821998,0.38289730553093382,0.48240561175268282,1.8739429177095908,-0.19684149280688551,0.88983068574655144,1.5971837380001381,1.3112673603396761,2.1192680797109635,-0.77715450606926728,-1.0772158884001173,-0.75316308848597635,0.26389405714775621,1.2823525500042539,0.77196847718242667,0.27725415159074718,-0.81389665320185367,0.74518842934627672,0
0.32217131970407181,1.6814433726013838,-1.0454312744398702,1.1795972688756364,0.37324889762159497,0.1496175720247529,-0.30561478744767628,-0.7185729052362313,0.66043211005711711,-0.73747325267353447,-1.3316292516178458,-1.9965022871662288,1.3058838446510004,-0.69234440648044571,1.5851028711269426,0.98631324306314594,1.1630459950739787,0.16986870065933624,0.92373635462339221,0.060737105964383267,-0.25476104382074066,0.5042335582126225,0.61223764172067396,0.79267074885247713,-0.71034833967952105,-0.91519788100136512,-2.459554519350573,-0.23508911324819992,1.4099872621321945,1.0898809429323715,2.3041754537748234,1
0.48636787675747273,-0.4389431962680343,2.7497170624310794,-0.0064294871036358996,-0.47996241774704068,-2.1516115822974462,-0.26632747188468675,0.93871991049700931,-1.004636232771515,1.6657748509325001,-1.1669359082084083,-1.4268987654978125,0.042486716203226561,-0.20630691508693333,0.8225302050129375,1.068587965230078,1.2815303790075099,0.58566093582048229,0.1846852628605746,1.064349575117373,-0.3908430634904756,0.83650292302788332,-0.73167837436021854,-1.3593487837632239,-0.37883670722371804,-0.36885928370265203,1.2236508863999565,-2.1760673317993113,0.45174541423492731,-0.31758771085469911,0.12354975531349122,1
0.086952659645026548,-0.33286725997330913,-1.2406331931578671,0.063673190483704706,0.3084453974002066,-1.451018714556304,0.95352638220891583,-1.3976380705052742,0.11690303372288703,1.6900369302832776,-0.45546415246191224,-1.9583001203628634,0.23700132338394223,0.11427436991857232,1.0365995855054155,0.9217648769597464,-0.25446819746665605,0.068294407636555365,0.7063043747366623,-0.31924283412151028,0.2694711924107217,-2.1172090288696634,-0.41573728185227882,0.38766225434361901,-0.45583279301851193,0.2037275854032958,-0.35513262647716609,0.32021389861589661,-0.50523155008315468,0.1692169910679916,0.015443299346388372,1
-0.40072092571267237,-0.28057162668824259,-0.30989003253800601,0.90599674347090331,0.27104169187019583,-0.72467257880489222,1.7669549020127719,0.063417724367131889,-1.8519817239578678,2.2549020610326651,-0.09741999338268556,-0.48871988880077866,1.67751844153991,1.702916786490835,-0.22397646351727149,-0.81599837270102726,0.79646586571366706,-0.3171578798422624,0.69692875471218441,-0.46914936625927761,-0.50667499882357925,-0.19658348322881405,0.22749432679586859,-1.1304643901002807,-0.49810341064226765,-0.29443253921348683,-1.6876440260481738,-1.0709846842053994,-0.079851230396456654,-0.53198797405918319,0.014908953101235863,0
1.5460089458563033,2.431608695617248,0.029365379894382943,0.24738227530091689,-1.4700283214287215,1.6901951849788661,-0.80124092784417433,-0.61672699561943067,1.2941196360777434,0.66263111593430768,-1.0713591547176284,0.26798681626634102,0.48045241102952324,-0.40877464113626955,0.18228886895676891,1.9136014347434012,-0.51184481538111271,-0.07123957002584376,0.22976687876718194,1.1805554505336662,-0.65458975342283321,-0.30288784489444603,0.54233139477982073,0.35189563143203834,-1.0878442950887399,1.7142111162207092,0.25480962861654993,1.0318056890392691,-1.5641473569934035,1.1041981969651165,0.45543776572315103,1
-0.52524830609209938,0.53477453753444304,0.95356255720313277,1.5832226707187349,0.54033134991771781,0.65753106041866094,-0.64389551418029323,0.65501463160673123,-0.11505391795458701,0.0097705319166468962,3.0486744962325294,-0.13487223816104529,1.8419662357062128,0.95574433475934972,0.48790061319447181,-0.38858628132627065,0.81460702947909014,0.087414769296954978,1.3353557492514125,-0.39363526902763502,1.3537361019200578,-2.0637349938479743,-0.36122955149781943,0.46655007106210394,-0.7110995382923686,-0.0097545298928407905,1.2267147217732799,1.168528780895016,-1.6681151234880909,-0.79450066721023793,0.33273630817104766,1
0.53977349706905131,0.36712012827897089,-0.38365750528846615,1.5508474742388807,-0.99114904910540214,0.43050188324728522,-0.5645073611302831,-1.0122964703363007,0.47858499213012418,0.28911431000966886,-2.3218412899094329,0.23160308323344964,0.18989110558834865,0.60767734277091545,-0.035399777417076436,2.3099704466938276,-0.039718894026822209,0.92116754208287388,-2.6460807711092875,0.24222540544885388,-1.1815913537936122,-1.1498699395693108,0.33855031019258608,1.7195486533039055,0.33402082674884531,0.95987854394925665,-1.0815421195720425,-0.66404824551045527,-0.59194121388299281,0.18065391363078426,0.78805573845904076,1
0.63705392269666128,-1.8116790999829628,0.72391042623319868,-0.66743459464095722,-1.681845416326158,-0.99961050431179099,1.8891579685490736,-0.73473578582453591,-0.73335239586037249,1.0642059956167569,0.20675316540634817,1.3354400670056041,-0.071098378015560987,2.3594036424571616,0.81530152001850442,1.8599601323580643,0.73428170760678202,0.36511517624225659,-0.37867925721200107,-1.160077169282371,0.86690613938488947,-0.56328069541292003,-1.0112829936191707,1.0023295139393062,-0.56907904090487882,-0.50182803899560413,1.5933427923830461,0.074348648841329107,0.52785384945943781,1.4123173894542926,0.3971096165516344,0
-0.53736771425675178,1.6628402017586621,1.0777691049020386,-0.59560846090348796,-0.089046868875899549,0.022714857136367464,-0.24612207057894392,-0.98228460807099027,-1.1577318375522894,0.6092637183927625,-1.4742348687847304,-1.3268093571593349,-0.67957027120576885,0.57216028822843423,-1.6489315275298946,0.71172082480795229,0.37878994672035887,-0.68456394251546504,1.4589909149775335,1.7321449409916414,0.18375876211152692,-0.48770941222401681,0.64068329093086518,0.64781999943200586,0.43158450634527623,-0.21549003388534735,0.68877943472524361,-1.3203548413670383,-0.70066537470936208,0.45540098811374902,5.9816599430365995,1
0.27213335584596565,0.92904965768998249,0.76861458901537361,1.2354165021897201,-0.037285995228160042,0.38864958803680516,-0.29905841293996643,0.10028251491546364,-1.2501031165520802,-1.0741050854469816,1.1963291447408881,-0.96867510173678617,-1.1354204242354711,-0.54521885503823964,-2.8780948752493303,0.68444616226751998,0.37054031474961202,-0.77876364182927149,1.6435136159930883,1.7682593248812513,0.61697537414710724,-0.82981468612335196,-1.9120984800109433,1.8601722452874625,-1.2798413849817563,0.50602409296572326,-0.38913816286288727,-0.40646792507628438,1.0347877648609638,-0.72497927442671373,1.9747228556335545,1
1.5823835973897173,0.0070157253104173667,0.22718116132119878,0.88496445987386785,1.3867735224116042,0.56791162110898474,-0.91316946913523089,0.15690413683406604,0.59184150614783537,-0.050787977996819181,0.88079940518863131,-0.3149859416908794,0.059803208479919934,-1.1692782489827662,-1.6015894516557194,-0.080120231753922244,1.843199974480882,-1.1274476555998039,-0.64416847080852147,-0.97039869912174848,-0.2097450249841962,-0.53015300439998003,0.091274851552976044,0.55725497561965343,0.80487374038495485,0.08721292578211863,-0.39207650753222645,-0.45445856094871212,0.38672352091724305,-0.12450194538374147,0.88175102386128312,1
0.11829074728965716,0.96893137987746614,0.06608796736856451,-0.55919970677996034,0.31113251976209649,0.73344718107347517,0.39220764021992266,-0.16281216612424554,-0.79024801269720524,0.32897853728864335,-1.4375814263866056,-0.74871359562096795,-0.69883696684851815,1.7423698924118898,2.502697051499958,0.11171306428921403,-1.0069741386797684,1.6076410100856489,-1.0104413241733949,1.6035186236355756,-1.3701983182899993,-1.7792813048245044,-0.50274704450756591,0.65867177107099895,0.0034423014783474541,-0.051847657595605563,0.54573538581518577,1.0271428046384088,2.4033365154993351,0.049111850258843542,4.5122503838717281,0
0.65009668909684937,-0.20790417535444092,0.61990397843968525,1.1443145848336231,-0.95499785376518498,1.7694977483502714,0.44972462786731987,-0.18381954749706392,-0.68121258088851278,0.3629278679270978,-0.69245590859727635,1.2687161454125699,-2.8678627222416537,-0.5490438340793955,-1.2058274430716867,1.3228252930229214,-1.6730183734786563,0.07078277976287925,-1.9062419267142789,-0.20302867725611121,-1.413082265735579,-1.1266271395642473,-0.1515442498860313,1.125882658780526,0.28256593440286693,0.94984056442634079,0.095860474598017165,-1.4317716484257796,-1.3147601068571257,0.30606582205951283,0.48146489165842521,0
0.74763355316219482,0.7119184866766427,3.0110643297197908,-0.62551516765163118,-0.98575687800362022,-1.3008704243357689,-0.41602063897681124,1.2971219444207716,-2.798956629528762,-0.3499429227705978,0.31887775032436549,-0.29046151969415135,-0.13666533781822759,0.16172803380931822,-0.20677281453487681,0.64880304828754543,0.032757379305957339,0.35199997360375329,-0.20298731616337046,-1.2498760097972803,-1.4564772128697456,-1.1835844082426468,-0.73103169427961279,0.89126100301747646,-0.54459192192514871,0.40397539702582347,0.20241115027827727,-0.27939457671980961,0.9977741699313829,0.63189793135333006,7.1821556090769745,1
-0.73972838674165453,-0.16044494586439176,1.6557148225213596,-1.353228303461316,-0.75783285900062214,0.82285960477700737,0.024518856961721805,1.5037393736200348,-0.38119990554914929,0.89143655790062226,-0.5548545465868443,1.4020741797388538,1.2568426447582499,-1.4256564156701874,1.1698602802794114,0.79624533136450604,-1.4877090255637302,1.8224660746880135,0.62669486167986499,0.2170336529291568,-0.45336013695055721,0.56816590866007455,-0.28972150024052107,-1.3274317658131118,0.42001549005957395,-0.63345514550614834,0.12904059388275588,-0.047430432940248922,-0.098729086418803347,0.70569428929862277,0.30456355748188629,1
-0.68274383884922418,-0.40415420575986655,-0.03717692420365714,-0.90022794748518142,0.23311561480869877,1.800082021888664,1.7095194245706766,-0.35702054450520782,-2.2331542462132541,0.78568233009083144,0.073741599369959263,0.53453974379510183,0.7948896386555806,0.61125560036628479,-1.0940124767801582,-0.88355486305280839,-0.40450861312373748,-0.86979162123889053,-0.0086667367496766536,-0.78607873379493409,-0.18431690180139118,1.5867517072985284,0.12777291175338978,-0.83644664882524766,-1.0624165952806941,-0.36799817118175726,-0.59696318584047647,-0.44928157884637882,-0.3089464009289315,0.079075154130772346,15.241892430760561,1
-0.50122167513497118,-0.65930935163073234,-0.20423638101846781,-0.56403663205397903,1.6276387827029217,0.14794172485144441,-1.1898750101218749,0.78903270215208265,-1.0833008333167906,-1.5468441998807745,-0.51344848228067297,0.54859445807373464,-0.43695588726086448,-0.45174951380913347,-0.19798844849063546,-0.97803890726723941,-1.8234758063855427,1.578842123212244,-1.3215395927795504,-0.052195890954121221,0.94202525034365769,-2.8334272285595516,1.7702964384071296,0.33080175251391181,1.0020841681858494,0.57481421108383446,-2.4556813574436225,0.79488219337938726,-0.3162834470214988,0.85615680821724893,7.2839275320914014,0
1.1009645874228373,0.51209324644153997,0.31985820713164698,-0.32993764752551374,0.1583807990170483,0.12261253685962729,2.0354874499928757,0.18638921005327361,1.1871727022095806,-0.85836426891821194,0.42549578998649262,-0.954206063766871,0.43271088356362725,0.57980636259348706,-1.9126498346100589,-1.1095759285094737,0.59221233128997119,0.57002243288538945,0.26897894627188745,-2.3899050034225175,1.7883997472960398,0.37703814747556375,0.81622851407214025,-0.30211200894262413,-0.7105160827014384,0.1486399647075006,-1.9300108339432633,-0.44604077862741726,0.5473877893613105,0.57618319012363761,0.37147028311377084,1
0.53193375371374541,-0.48406196812048236,0.0031759752225014905,0.18627654104778682,0.3155938902199531,1.1093215862254611,0.64565614545033323,-0.58778537098452199,0.71634803957828863,-0.41931173421654128,1.2536495338497837,-0.74881581943355591,-3.3541747728750098,-0.6033537925607142,-0.19779022647093841,-0.92253944469270377,1.9117998826605052,-0.66852241722567007,-0.22038803323542633,0.29170905104659595,-1.6959523605670639,-0.0023164273767886782,-1.2852468873759146,-1.921878388369969,0.35345173769267146,0.15172218658509262,-1.0783783596629384,0.61647945540246663,0.024652842542611634,0.29966639866526984,2.6778687346111827,0
-0.063791010731374859,2.0072470837065519,0.36282531540395052,-2.0426870985515704,-1.3828408630096813,-0.011734647162115768,0.87042683580119817,-0.41270214838478314,1.4346727621027802,-0.12586829243360353,-1.4599726665327375,-0.85904818241345005,1.200757215077477,1.0531758185626625,0.074292423323167767,-2.2513985688274274,-0.93998783421470666,0.46875352010517785,0.17704161728326792,-0.21682925288145843,1.8910034934226012,-1.2868841365983323,-0.38596260273818433,-1.0937891497852759,-0.086426991713713999,0.79249506816974524,-1.7964950182237815,0.068139308745953836,-0.79064057208158156,0.77525920350030364,0.14623667373158206,0
1.2107468115337494,-0.11933402505256765,0.77376574612060445,-0.27396464880746979,0.52077045184742865,-0.58454826707341301,0.84859709565627039,0.79255535402064525,-0.93807458936353361,-0.30019311992140019,1.4086642816535557,-1.6696385617252769,-2.8444369141310668,-1.0617933831424264,-0.90955104181360646,1.8624889662276527,-0.67136873254104223,0.63626471300473841,-1.7997887015578982,-1.1129572037520394,-1.6326175570404744,-1.2888462286890452,1.2843030558365236,-0.22734229972264455,-0.26661635776743964,-2.1621375004039791,-0.57056938464172402,0.85126347746571274,-0.60895668765673983,1.8044701408504384,0.36631965568770819,1
1.2443769340472395,0.35366672410293792,-1.5881715035256867,0.22699846246775957,1.318780703734755,0.48722381111371527,-0.63682118296101131,-0.72286323631105087,-0.12559258463141421,0.41487689338625816,-0.57650779786142092,1.5253640098994481,-2.1332514256140591,0.65952773307494672,0.17393731727654893,-1.0294462801448911,-1.1088488222299098,0.26512179703250677,1.1205889118841477,-1.7211406757138756,0.99860573182033818,1.8118002846088268,-0.90527601320671469,0.20826652542896848,1.0011111924510905,-0.80144614898965483,0.097157167699471345,-1.2333488647756858,-0.25214106792270191,2.1832124743464765,0.83131944735107,0
-0.68214210042974854,-0.11705110800833417,2.057868286853954,-1.967995720249933,-0.27011034179573695,0.97391736886831881,0.90793977935826187,-0.57895370995423956,0.69216270497547394,-0.15868696743422234,0.18625002279416536,-0.84980326359882752,-0.84169036849262269,-0.23962036440442172,1.0263420062890565,0.090543733898413747,-1.3207886695259197,1.3316768723355596,1.298391139914487,-0.2866996484355771,0.059094929339286374,-1.1177946947935244,1.102469329729568,1.410099565168208,-0.39028793565045033,-0.47640250379558591,1.6497574293512727,-1.8037019240673902,0.3343049079400448,-1.0034161244803936,2.2954211789867234,0
1.1089390724448469,-0.65880463957503921,-2.0988260599873931,0.97597789664045964,0.2977228749543307,0.10915166547406566,-0.060745029155386751,1.0097394798661714,2.0086152702431059,1.2383831628743722,0.92844434473547199,0.76160696199450317,-0.099522234063037493,0.27497773219805038,0.48095088204117897,-0.42549324652812959,-1.035835409510647,-0.30034614064045539,-1.2266858414054429,0.60222595869195283,-0.28902621857711636,0.0068682304423076422,0.097556771600348022,1.2934841758831552,2.1975788009287878,0.23843825397644644,-0.41224491475126013,0.33593415698445012,-0.44044657093122469,-1.6745327999981736,0.0061561976456875776,1
0.13261977438873787,-0.59957267709265949,0.63368113969470574,1.370909910621676,-0.00050051667657344853,0.5509630265870441,-0.71034542179857529,0.40672505127268588,-0.24226132352595359,-0.052245423018846888,-0.10998832221803184,0.91381811899642962,0.26194824639233044,0.67325606792319581,1.4678734682830556,-0.083433943884499234,-1.7815670262302012,-1.1970414075421694,-2.3488324245669387,0.096349834758216499,0.44049476723777825,0.30905559192611448,1.2307544080989929,0.23504470706202413,-1.9534159591553866,-0.80344315512237163,0.61204244394318641,1.7220837349812017,-0.21433256526094863,1.329526718142787,0.15813654558203277,1
1.0677353187800906,0.35039357853552866,-0.29297067348022915,0.14217745866284784,-0.42425122421171524,1.0482140324769158,-1.1915637285613829,-0.43121827508941446,0.19719961672685959,1.9897417542690152,0.83449490279462291,-0.10697181679553112,-1.5799352456214966,1.8027694675527977,0.18843045192007329,0.20768983477076541,0.89913794276840409,0.32164646158237858,-0.26274419771369534,-3.3524946084292742,0.87622341331580245,-0.13479147711241926,0.73230906204084267,0.17050132701670231,1.1185804911601795,0.024478383818523873,-0.47669312291217314,0.41764782557383356,-1.3039110427409,1.3869125090764332,0.51601589045512442,1
-0.29065349542713714,0.13553054661894867,0.14592388667412667,0.90535827676407787,1.5049581634000089,0.55467920898760004,-0.070314773140507922,0.54354598214942274,-0.45505335743897052,-0.70686516665373844,-1.7411565737961452,-0.51667736183691371,-0.66366923876183548,0.46862546076773576,0.043423101277526667,0.027860905215607211,0.11107972522897337,1.7755663167264886,0.73962284713323723,0.75318761009013535,-0.35290896605995553,-2.6553979497065616,0.2895694635926731,0.71077163215830386,-0.067661449416346608,1.4415643061744474,-2.185744326340155,0.93493093412937556,-1.3796803832738813,0.26102084929504932,0.40365220797378909,1
-0.71508011800221827,0.15872789744816621,-1.5009620232197058,1.019450129001445,-0.35900388426977514,-0.79767937468322425,0.074749846573772413,0.90531414005322997,0.098118814955805433,-0.23771877538817107,0.56014882151937229,-1.289723717825576,-0.08222370486467602,-0.21403005254687241,1.5148999326177948,-1.7927879731627252,-0.048446977158585057,0.056011384015552418,0.52382039114698509,0.17212098804268286,-0.96175383743331955,0.21703489938659479,1.4412420756170337,1.3669690617586538,-0.38134899744523426,-1.9952991217752836,-0.24544122761267834,-0.54825747491178622,-0.51619240003597167,-1.0970759480563195,0.17511024423994168,0
0.13868923442534759,0.81950036893334977,0.75783772619365752,-0.57891888958561888,-0.64305403374087333,-0.65362094124065706,-0.23034179573846778,-0.57131786167507848,-0.45958714479591822,-0.85250966193087208,1.1073296262635743,-0.24189829652728675,0.17665127089960905,0.31542648774119031,1.1163748128215711,-0.82104549027125373,0.093626429915321344,1.223221332135447,2.300812403047404,-1.2748205519414166,1.6400983211173321,0.76078854651971228,-0.41564938086636372,-0.37389495293188035,-0.28213622789951803,1.3721047139598324,-0.19884306547755476,-1.1761292081381503,-0.26393398537681106,-0.47456913292160607,1.3587353661469419,1
1.8751913401512328,0.58128454859380763,2.5658934319098381,0.51956672437330553,-0.50440250326180425,0.76393119712589153,-0.46845794716731837,-0.69989645161456293,-0.18473305357011291,-2.2775263624737536,1.1739704598740228,0.47040846898385236,-0.023755986783118313,-0.12173447855108992,-0.40905605269906403,0.34248588076574854,0.67244381595058433,-0.73136883967250732,-1.1802015230159211,1.0463188700384976,-0.85708029812486242,-1.0155718259831201,1.3138508774037325,-0.80712908326494914,0.39892513453892864,-1.7312572508872812,0.58724524460827354,-0.057855883088790847,-0.026322419666508595,2.3378664866741121,0.77372023418446489,1
-2.3412800921300891,-0.5154004784896784,-0.18820101183365917,-0.09673807295156836,0.14729563419102687,0.14168697713370804,-0.31650351992122067,-0.28301127228315642,-0.45540601608606446,0.32771738004835571,-0.43245829766676863,0.97375142810581428,3.1285025759382536,1.3618983331172667,-1.1145595603277718,1.0548809498766589,-1.779316825716158,0.81225312755461199,-0.67616439549566099,-0.98449391483322568,-0.85216003228204462,-1.6677758436279237,0.96945799245862307,-0.84403277396004261,-0.48788533441134257,-2.168322020551336,0.1159175140270983,-0.43733939242626696,0.59978085177635665,0.63637746271002238,0.49031438599713284,1
0.63428814655709065,-0.43954309743632086,0.93659338700677419,-0.6763545287760343,-0.07617868063980178,1.8709433044021941,-0.34645960994647995,2.2956802965004135,-0.64880860740817037,0.42827761483196525,0.95907334976878023,-1.1152528144319751,0.51254313114997674,0.2958824252977092,0.21479248526569925,-0.7117639590954673,-1.4618561647642434,0.60720823628536291,-1.0734997112167612,0.1428939896864444,0.14032731281342189,0.61018515684750141,0.10247179599435224,-1.6272884167949953,1.2863830776503355,0.47912434118314146,-0.81088900547534237,0.095268122300718669,0.81509688495632471,0.19116058340557079,4.0366462085429688,1
0.25332046137767528,-1.3597487599874707,-0.86718621628896175,0.090624489816865592,0.6808053139882454,1.1812829780745997,-0.72416398336090448,0.89365036950821808,1.5161933729680597,0.1586207764522865,-0.16066538468104094,-0.35617347460201343,0.56432712203245927,0.28322687721977796,-0.95545612095934462,0.41662211456245185,0.14713930604753217,2.430430479118955,1.2494687727689497,-0.84667809231052371,-1.0381082270516133,-0.4694222209105261,0.57774242424377398,0.87081251658402137,1.0670126443902987,1.3479678108133917,0.96615589756096332,1.3053766456954465,-0.22301878068761727,1.0376134190256849,1.4660502222547327,0
0.91725436166293628,-1.0631448357512521,0.91892164797786247,-1.1354549338248221,-0.42812039309910294,0.5056213029330282,0.56149522717078926,0.72506504885527701,-0.73110557862313674,0.87864560066074338,0.41755953216824337,-0.0093543078049570759,-1.2542980625327813,0.86788055941064646,-1.0369339441722198,-3.0701015719421889,1.0844575519995503,0.58577316421197179,-0.92637139563692483,-0.3834581747146581,0.98523968322571953,-1.4046275658194418,-0.22558215596728595,0.78220325002748703,0.10736358628957103,-1.7571083343600169,0.73462694253847849,0.34853025757270029,-0.93906864632286891,0.031933073198127299,0.14744274562405871,1
0.39574642239861862,2.0233012860646564,0.072479839303707008,0.67258195084283889,0.2029187878372482,1.2998941066558931,-0.85962590018439433,-0.3187378172792259,0.21301121336884771,1.5271489540313059,-0.95595465689924153,0.97843915169637052,-0.96750273411650833,-1.2245634390953706,-1.4132159228561445,-0.52962243197518366,-1.2269503189830611,-0.11893581014057046,-0.71883584040285298,0.25149861940835505,-1.5161009871551174,1.579052734298841,2.4067674857985657,-0.63091794529579803,-1.322157218741814,0.10195787353009378,-1.8017832972475345,-0.99128369925613125,0.71935286593606473,-1.497072731275169,0.54512084036840247,1
1.116243710882038,-1.1069313077489493,0.087334654102769541,1.2311933881490231,-0.59119983412370547,-0.24279307440051082,0.9835410466657476,-0.76645913853763215,1.2708260986612214,-0.9123826625614786,-0.70309247581453227,-2.1703437195748201,0.17420784162162384,1.8864865211023922,2.1068697432980894,-0.35273208937540168,-0.46840559468870763,-1.6855646260391139,-0.29735132243143408,-0.49238028621388585,-0.62800273028482045,0.62068780812117674,0.82316860619301302,-1.3875820743992233,1.93777643912761,-1.2253201374746594,-0.42514959855375217,-0.057354279555376281,1.7149815864705429,-0.10904598388039996,0.18832583390359237,1
-1.3700454613919033,0.0094121046207789587,0.38449930531457971,0.47525515291655696,-0.17004664250179249,-0.24621614671320358,0.63121313291901704,-1.3905612973713912,0.70626708752896028,0.49006598826833614,0.49741146339638603,-1.4702486852542993,-1.0238714943014233,0.21029419090065182,-0.1928812284713019,0.1322354528146813,0.64845614468415835,1.3542274507748993,-0.67565112539569738,-0.16896522395065874,0.21453255339106489,-0.21745017487143614,-0.88262856399879774,-2.0535015303974449,0.36498967599331433,-1.0380054252239876,-0.41650109272664121,1.0964592202362564,-1.1708455841753083,-0.84662436145519271,0.45306257442035042,0
-0.39364360725989539,1.3769292271217735,0.47365629235396162,0.066716875260899963,0.09366728469568017,-1.7662743507566609,0.13172948608395502,-0.049068038238382523,1.0762367667705661,0.15741845726275416,1.2028672585275175,0.47505638227059716,-0.65546903241052945,1.7852288442767221,-1.3000996469876793,-0.64313070109949644,-1.0817299344671962,-0.68104129072810438,1.1324034916942538,-0.6199166750410442,-0.23245428483508185,-1.8663897888199847,0.27380878533935515,1.2187889093932083,-1.0473573319800489,0.62824198946946541,0.25887539193529502,-1.0922885466276202,-1.9574947549850137,-0.18175899439403287,0.24267812032729122,1
-0.29919215858916565,1.0819965869888972,-0.48645206632356391,-0.64466993284019047,0.18038166384098572,0.79388208492851597,-0.71914725420069359,-0.014407997077068043,1.9405391047851173,0.36096909179374603,0.56621513797714973,0.24814386747319492,-1.2299271678187511,0.14115439714396127,-0.21530553039716949,-0.52203483819085283,0.53586965599678993,1.4835839648209959,-1.4562281357465865,-0.33655649704058321,1.1643886347619501,0.98132103811965443,0.042434431176573237,-0.18442351620809863,1.3729922181189878,0.86066256019438769,-0.98949498992827856,-0.48367033455278713,-1.0296731842505411,-1.1383437226508633,1.5923209789074215,1
1.6553985571782133,0.68956723543363474,-0.85103449738835679,0.021518027060770058,-1.4223892921073285,2.3339517659912246,-1.1087119338739277,-0.94483172582535191,0.087359338287995469,-0.68563065492939879,-1.4607677241781902,-0.41876220874768433,-1.3742323302472099,-1.4067914438249727,0.65628039379698333,2.0969221756944405,-0.2744915763604131,0.13100395589091324,-2.0437345347676508,-0.51318769582991497,-0.93757176921296737,-1.0903772589262235,-0.48416723780969873,0.30582349394265218,0.61031291184776959,0.37518009085487314,0.25453840858251026,0.71161169228483778,-1.5415195518237597,-0.40294112144389937,0.80773277781209718,0
0.14790551997876536,-1.2475228692583513,-1.460058921956255,-0.039625274223716062,0.27287775906729533,0.80717299018320565,0.077302804703438852,0.41707919737351107,-0.1079688208173494,-0.57470973753521237,0.25826078713423517,0.62040166284092979,0.75393630846215054,1.2943899702505652,-0.52585728661954112,-2.4994735290648005,-0.82476564104808592,-0.3606799004865705,0.82198602321010428,0.87126299032362686,-1.7629091709698412,0.24025110094631028,-1.3479308569953732,-1.3867638856509716,0.21652820141966514,-0.067248385966386728,-0.56187741695029914,-2.0520867503419415,-0.21329366540668845,0.3581242776975917,0.17707999573408917,0
-0.50608069090213836,1.2596887974459603,-1.7436394560854382,-1.1366021596072939,0.9849433827391495,1.3285287672221773,0.32300269402180937,-2.0456128196008279,-0.41949427831694353,0.029275369022547147,1.1910425168849033,1.2089649056593694,-0.091525810535097146,1.2525456411571629,-1.757257535242311,-0.054802734296486702,1.0716321237392981,-1.4542473222887651,-0.92631063979298955,0.29072268954289671,-0.24937662747808514,-1.0948302152010403,0.42663961281179397,0.70420935688266906,-2.6957257392470386,-0.30038309346688263,-0.68640591863988576,-0.055129867520169337,-0.36723772954633993,0.6007893455769816,0.30713181023035618,1
1.7075883924517614,1.7607244431563198,-0.077727134843745868,-0.4145581095519561,-0.16460546940722534,-0.28510535270261672,-0.57686097112282386,-0.62585460877449361,-1.8058456045978766,0.3928042042979028,-1.1819018724970682,0.30814944766517038,-1.9808677867313456,-0.20570080199735175,1.7893914057180278,-1.3468391918288172,-1.0456944666605896,0.085869847257979498,0.21788511111128112,0.0061142840934887369,0.19091439401997504,-0.76203980287690398,1.5079506356757244,-2.4096561756303632,-0.71356564073249562,0.43394869512501555,0.67338407799000555,-0.76788346795980478,0.11391492547205642,-0.19639074277678492,0.73767685708278063,1
-0.67051877010159744,-2.9475920765498711,-1.6989385488056989,0.23286972452881213,1.0072621055553128,1.1575730765777705,1.0370339110852018,-0.54202192960868201,0.96094592338767248,0.80563043111512422,1.3025239997451941,-1.2545902187309013,-0.79577205954042773,0.10450165006071438,-0.48862502021847803,0.87893917448929504,0.36606147083621521,-2.6335357171545275,-0.92982476560508198,-0.59605473593247249,-1.5673151046173683,-0.2415482226825913,-0.78274093108687715,1.2972093864062255,-0.67982654965744294,0.033298949349343736,-0.72791786330185515,1.1564959858942694,1.1467485490948783,-1.2705074671651984,0.42360674923312847,1
-0.39000917264659984,0.06051888164717982,0.37472081569798199,-0.61325385036590918,-1.2074795032854704,0.12357475026060302,-0.89632145989912393,0.39666728198978507,-0.58131167367315917,-1.5284743245514736,-0.35498863166072542,2.5087201326429094,-0.62021928544030025,-0.055749165054738425,0.6425054423350689,1.2853484434460858,-1.5307415822296411,0.78864377104904948,0.19411424880725087,1.3908552016702116,-0.13544450128680319,0.78287035147799655,0.48051269665472107,0.67986017466232662,-0.016377164260207248,-0.054427955325420677,1.7497163778976677,0.15500768611625759,-0.012021485412407204,0.95411787818102756,2.7068749464815482,0
0.31078251805567469,0.043235939357389473,0.83307611799937409,0.61815123264212091,1.5014160901697728,-0.41774867703457169,1.5732839157911129,-0.046575306212243782,0.11500456635802436,-0.63248701312270406,-0.33990135781405412,-0.6710940946083146,0.82935094884653127,-3.0651173456720144,2.32629121282026,1.0382872643045848,0.2865587134612681,-0.32766220367848675,-0.39388831433671478,1.3525282271007053,-0.22182420547206416,-0.36635894649352302,-0.31159121936694384,0.78993627148953771,0.017798720549677551,-0.68147513868143239,-0.57862394502315129,-0.11755862090834743,-1.1718955349081408,-0.82355941719195624,1.2123030528588299,1
-0.5186526638045813,0.16743425077673543,-1.814588749040174,0.054303854760507579,-0.51598913724516104,2.2130827315606272,-0.28908859237941015,0.37720680492924474,0.4188615503697688,-0.23343398838770671,-0.1490766706099981,0.57079360983844418,0.59254762222496971,-1.1677339473627948,1.0785167756778093,-0.67963114716902806,-0.8341225746110188,-0.15682756639196052,1.126204320270638,0.014747110144052975,0.39134560465355345,-1.1988552336969662,0.31740213050208455,1.8893510877649764,0.86741252419591175,0.3451223443733506,-1.0216358612745715,0.19385006225411588,-0.30120880939535755,0.53257766354954594,0.62824166399894954,0
1.5184257165896791,1.1349949880356167,-1.274278241449283,-0.21498593008031555,1.4260547576738913,-2.2508811849433052,-0.36099706463489001,-2.596642624564431,-1.9126581519405175,-0.40016047914550196,1.9391962580243851,-1.6070314665969543,-0.1288358695637927,1.5345368187836692,1.535261695773114,0.37626276748810156,-0.57477769430090508,1.3249781023792355,0.059122339799955938,1.1497499151054327,0.51396825741701202,1.1089139547032079,-0.0022409191742341771,-0.34023838219004954,-0.58964932847794083,1.3683078976997975,-0.87488117459943082,-1.5556624224000892,0.61183581568766143,0.68932436214119897,1.4541279642768901,0
-0.17684575518358589,-1.6148819489360111,-1.3540342127103735,1.2580944857158001,-0.53596555619278563,-0.67510911037898358,-0.21217388701360487,0.25857037090545915,0.34102940787863956,-0.059348110230240995,-0.57891827587324518,-0.20073689491487248,0.37686131343767953,1.149272277189846,0.22694933648141927,-0.35629818135798907,-0.28849251555536165,1.5193935356771973,1.1241289796238194,-2.0719294246768314,-0.98239419495308689,-0.36900206531592727,0.33470640518511263,-0.93185701660116338,-0.92651180039058956,0.51601436030562498,1.0422233091236111,0.034246292210799771,-1.6336169585970437,0.94350189882855595,0.039255097124937868,1
-0.099963550807815979,-0.86367512097575416,-1.6113405666086524,0.50827059562677279,-1.2200345348135031,-0.19227169337183175,-0.68376240115747466,2.0331728283226327,-0.55890106701216713,0.0025989610701646604,-0.58241298464206659,1.1842414700104564,0.96079455080818665,-1.0562344463442961,-0.26306658225363716,-1.1002743333272738,-1.2704884325676249,-0.077963106852560374,0.17600850997936224,0.32604594735654086,-0.36541142315175124,-0.8785501715776457,-0.74983981371086794,0.23611425643222347,-1.1229296382918823,1.4152854814831477,2.6749313452593095,-0.15008289640051187,0.33591662976217762,0.32311326310996258,1.5615196021569002,1
0.65092893685870867,0.95617748716078943,-0.17937898787894374,-1.027637688036722,-0.97884081732388672,0.29441166903372273,0.23546935988422557,-0.076287132758183815,0.50897824569624539,1.1023939710773145,1.3956773966953828,0.32653288908335082,-0.61575869195352018,0.51260092404106472,-0.62116894820721091,-0.85072524018335471,0.53187522013950406,0.78009260252791046,0.083309873353799357,-3.5323043121434541,-0.63476061439115383,0.64872493424472555,-0.13754029624678218,-1.8207958575841388,-0.025935130025786148,-0.39043352817945498,-0.95919984037537864,-1.3872406488555207,0.33101568508266721,0.62970029129822469,0.60014614391148835,1
1.1980130231767023,-1.0892286203465298,0.89501300608303835,0.012790824602443815,0.56230742470819306,0.36704325171364799,2.026580433649527,-1.2060999733671847,-0.16363909260608181,-1.0452150347147764,-0.49792976655908056,0.52111060238865625,0.034765525649150877,-0.92115077820953728,-1.7495056249699834,0.15074178814678257,0.53707045873390813,-1.1318490544273354,0.090848336405243896,-0.77949956921352814,-1.6518689925671428,-0.6243223267534872,1.1187468053331084,1.0217828949340575,-0.16744014441014954,-0.1177885547248879,0.7293032790561782,-0.7562129935496944,0.76964503634162407,0.55776594813538027,0.35485430748785851,0
-0.36987555167087549,0.42519707346585844,1.0046487039966345,-0.59386607240324618,0.60192001479391943,1.3684194815195083,-0.88204813139005811,-1.5308706760033088,0.81639914523144552,0.4148107496655189,-0.24317904785795444,-0.34597730326964471,0.076678257648905249,-0.84233552630818265,-0.61425274505680827,1.3696767992301351,0.26911859307105018,-1.7211119116172173,0.6500522989651828,1.1904687602555657,1.7546134759849938,0.33437699581460611,1.2972091310700855,0.55969512508630881,-0.61324446820776624,0.85108222500206354,-1.1263469830709143,-0.6597862836925682,0.7019088971810008,0.63183317519838555,1.6421216375396146,1
1.2683521850748967,-1.8910895500552822,-0.45765277843688645,0.66181112792089858,0.067645677769243032,-0.62533061312265315,-1.9391399680166366,-0.26883238824516908,0.90083968818040039,1.1237184714868573,-0.11603457851446215,-0.22956373953675399,-0.17091564050658795,-3.1275297715412109,0.52565842499354576,2.3960577610599034,-1.4558490033123113,0.28206789117507614,0.13289378256860296,0.52940281101839415,-0.0014657704860167185,0.70396800456665931,-1.2471694792527306,-0.026889723948486436,-0.1819406018421571,0.64812714652469117,-2.2060284031174158,-0.049257845387730995,-0.063548655387248534,0.62993847973697592,0.075553650945469147,1
0.07860820623985891,-0.46165908010390455,-0.94375810318878273,-0.74829397800791597,0.084303410058514647,-0.58648993865518217,-1.520963123805978,-1.5264633423432015,1.1911367265831536,1.3726564197756441,0.34599101142628391,2.0677599802097548,1.5809392909245021,1.0949537260303253,-0.036292601034144778,-1.3123299152987027,0.020515726126064251,-0.26236000894766537,-1.0170083941861963,-0.15773541170420718,-1.2288887508057718,-1.7338101024166928,0.077047313341442339,1.4036096244568592,-0.7782324176851062,-2.3832746336058745,0.5713737156797869,0.37562881533832498,0.60699868068682117,-0.25796408446690594,0.4888103239580382,1
1.3321326466872092,-0.10317371255851812,0.86269219021822974,-1.5943691898063508,0.66051445779612228,0.8033991098692147,1.0967056503738815,0.44669813439054223,-1.508612187629192,-0.10696693321210277,1.4311753279990227,-2.1706538129832613,0.012181666243697374,-0.8130405542605974,0.38694402039406689,-0.12263612956380671,-1.1406758364393512,0.51569418215591412,0.17769246116854143,-0.64579961231435079,0.40268943755684622,-0.46717726641893864,-1.6520421074360943,-0.13096562630192635,1.0169372107263444,0.40768891884188946,-2.0140506445813084,-1.8595947228720833,1.6812577832369713,-0.41566185332685013,2.4908066707932499,1
-0.059102645144246062,2.2858769284023883,-0.32165550119032837,-0.47576324558347566,-1.0561522443247704,-0.1069138560806758,-0.31717407034979389,-1.1894633208356407,-0.4662772800873079,0.14016449613905965,-0.16233955036250819,0.078370474521326519,1.7176361700072234,-0.93411297267481297,-0.45472087955612378,-1.1940703871155811,0.26401824581752442,-0.49638813140611548,2.1869456546697839,-0.41959744630390466,-0.87390781969446185,-0.90757666871505804,-0.11648407746661919,-1.5744454729870756,-0.27015501668639097,1.4892838147642942,-0.75459325077566464,-1.2298502034828671,1.7182042418747672,-2.1677446568981744,0.31741219576779373,1
0.101731733229877,0.83016584795930903,0.48794514553183721,0.13245733057433356,0.59514060209460873,0.031699896174626027,-0.69796459959988577,0.22183527284816007,-0.48437848515723853,1.6882031531317436,-0.59136990082969454,-0.08809791799894777,0.99450188237033132,0.47013827243502004,-0.39555337415904479,-0.60993592818279052,1.7751221045334846,-0.59714819645481598,0.33966591099280274,0.71405374482282835,-0.33532972289232305,-0.43651072488375225,-1.7721997787992296,-1.655712101758958,2.5350230610881677,-0.55092803110808064,-1.3632056223115949,0.4564072159693458,1.0208217841519289,0.055863785452620322,5.7972982483057622,1
-0.26327574814253152,-0.61312198677485508,0.24970050315441822,-0.27797485598689042,-1.6318028804400668,-1.2620189191661293,-0.25727897347069434,1.0953783062577451,0.95020218005867685,-0.39019006232764053,-0.29252578709660526,-1.4441051201076496,-1.8891782213985506,0.56431879226530102,-0.46928793052547363,0.56953430849377884,-0.84032108536730155,-0.89092621684173223,-0.84499794260683803,-0.61032619942746547,0.097778046282737244,-0.14991274251036124,0.87261507227167057,0.63504624228597117,0.73469740631801828,0.33020036483524329,0.20119175291861399,-0.29683742365877525,1.3063333407434261,-0.47309051910446898,0.20624872242617084,1
0.81183718173227659,-1.3612978268226648,-0.46900926018674921,-0.50456728217210534,-1.3808641412810498,-0.92236034903672992,0.54949157217007394,1.2863192233814871,-0.62929895069622532,1.0160573955713683,0.24399831851518153,1.8172785139669687,1.5599019864727866,0.55298775658721955,0.7189832103348831,-1.5341803040912441,0.54744187488754892,0.22751852696574457,1.5963667399028096,0.79476674858865703,-0.15136956988305289,-2.1009027027216138,0.46031530707353663,-1.5536785557692923,1.0463380416125327,-0.10653815742238744,0.2699252736688379,0.42063870078924859,1.5961862347513469,1.2855554213038027,0.046464062375358307,1
-0.808605715681047,0.95467999541167292,1.6053313902328177,0.61931083568279199,0.18966912592683507,0.32709325645119719,-0.42668726243075206,1.1964373331969993,-2.1061267265527839,0.4904032565508703,0.95565051666274214,-0.82863955472160489,0.40127767199378545,-0.91583905599662108,0.5552869474751746,0.4597998485661795,2.0356915844866115,0.90046112868826911,1.6803828205801929,-1.0788631073337152,-0.22307605760783902,-0.60343800031854089,0.29616203479726483,-1.8390501870607419,0.0041608356237420249,0.32188805907775214,-0.48258822816027325,-1.2744356361845441,0.15429925475752496,0.91392133649388463,4.9654740805320543,1
1.7572047973377443,-1.0882985414247308,-0.4756407059306445,-0.49970589282028655,0.12032280530356149,0.48201401772659347,-2.1480359059788476,-1.8005088488606842,-0.99175453829854676,-0.04405400428705996,0.64252204428500037,-0.32117857427391783,2.8835802720379728,-1.6246190127828863,-0.33687995209240995,0.65060175408634258,-0.76406978525942615,-0.27882585061774962,0.11531824852392634,-0.64820957896170361,-0.54054665168855209,1.2653377668490959,-1.1222353511083474,0.31551347167423721,-0.91318388475248147,-0.71686120646298057,2.1934108394662295,-0.23786960465822229,0.69919315788037739,-1.5102316251680958,0.78398894213002213,1
0.99803582689103232,-1.1276541003905329,0.56622108909113966,-0.85054708618525576,-1.2033742872344442,0.50204654484410649,-0.79302551710542291,0.65520232793026834,-0.24451527382611618,-1.8384259087209027,-0.54467993230717615,1.2523623056405184,1.9452099326162631,0.24028814962517375,-1.7888045512767494,1.17519923987605,-0.32124404415768021,0.075905803399389668,1.4414657113591349,1.7898701226051072,0.10977635852217391,0.61380238548682886,-0.60140483577544857,-0.070770954043323675,0.19423411348591785,0.0012711308680256146,1.5267047342723061,-0.0091292919658010532,-0.754654565751253,1.3836703225139309,3.3507417290302604,1
1.4880955859538312,-0.19434791272395199,0.11053254336733559,0.82979219866018261,-0.43594103411351692,0.15025940320381639,0.26220799542902823,0.16054949715067604,-0.74593175252677157,0.44504163711328876,-1.2270760649209682,0.049591241493870987,-0.69794050777205041,0.8656143872015899,-0.53826020678644482,0.84075946078278718,0.89853262524339406,-0.66344884060097553,0.49090966475848202,0.94262997249986791,-1.5938598367297627,0.096165955745165344,0.31768541510739129,0.92775524839587087,-6.3497148874246297e-05,-0.81943117371421126,0.16522385557377409,-0.035041502593241909,1.4291166751294555,-0.95759309218116484,0.72208855137806804,1
-0.015185956444267457,0.78821051878665682,0.88870313758394592,-0.78755391632620375,-0.72974372369608342,1.9842542058959549,-0.58951625896121906,1.2369471734780042,1.0776041918309949,-0.063061583080497835,-0.65029393027707627,-0.43549170736285092,0.87631190529733938,0.093582394545161096,0.18385132493623377,0.062581216643223844,-0.28639895773917218,0.65147113094673414,-0.36044636389337498,0.088026385595562834,0.334176983383693,0.11584237740600843,0.23624115523466688,0.82176762912586487,0.11452492012528033,0.26531329480549098,-0.50398733633582382,0.36214789422016069,0.1069287241034568,0.60106660806806433,0.41290831867796474,1
0.74764049650102149,-0.67355564385601319,0.311380388933787,1.8125038483454992,1.0626768555257387,-0.9318745632069505,-1.1343957252133439,1.8771958021835329,-1.1265553020675345,0.78370694680372022,0.76244138358309255,-0.89741685520782755,1.1199826740752759,0.0077429088689511564,0.92179165817105424,0.58178851794075259,0.82952468289178949,-0.18163255505542286,0.67030675365013981,0.50106320395158621,0.45114255252799101,-0.14296081755802059,-0.4995046553380687,-0.7672886929132966,1.0664043207466902,1.3748456686374559,-0.64237361710820973,0.71849996609653433,0.56741602887462295,0.88132484982259807,0.13453179006211444,1
0.88184589474695274,1.869647003339642,-0.65436807729879254,0.3933562143838838,0.92611174924913398,1.5237395800236806,-1.0191796671250173,-1.2084721766850386,-0.71528165704334357,-0.056512515524913189,0.56876751030936534,0.71103555306983801,-1.4391691199935996,1.8460514904737477,-0.57482083561617869,2.281017488838283,1.1813266012258743,-0.016679138878065155,-0.74319049260316661,0.22654546020479077,-0.61823118968978386,0.28285129593722208,-0.35250035806377256,-0.46252628242250937,0.71302996626133419,-0.84557676807451754,0.14462083429885408,-0.43946681405617766,0.15066352704579278,1.6285353809420735,4.7925003098016683,1
-0.02046122970224603,-0.50305423147358685,0.14554982066776295,2.0511315473556753,-0.78940796377174594,-2.1588307300144245,-0.41258544749571946,2.0412713698927352,-2.3455427614128426,-2.7787391421494276,0.89666510118271747,-0.57641440374896658,1.1868684320953506,0.12468552620742247,0.72542947388822898,2.0684969802682236,-0.43795430178770167,1.3025874306805683,0.16595704493875327,0.10613311090394564,-0.41668611933899602,0.33588716187505308,1.4106839031898037,1.1709640323440114,0.11373424998352161,-0.2177629317683315,-0.11011137099038949,2.9802117419753431,-1.4437406075962964,-0.5292592993583829,1.421651643516997,1
1.1983559580166245,1.399796211669849,0.30703425518575933,-0.98898823704632821,-0.36094224745305403,0.76578957060914343,0.18663213953473529,-0.34559564595589665,0.70951754771885633,1.4660770066553923,-0.73116219275200545,0.22477757466461978,0.61951970063687567,-0.66677266554136405,-0.62656567684182185,-0.098741599743085315,-0.37449316697131146,1.1636240589407647,1.5673102198569155,-0.52553699794911168,0.55065725101408913,0.78118690530094725,1.0393163131671468,-0.16727155708537089,-2.0530704981882044,0.2461386331087253,0.56515296496176026,-0.59265998609961423,-1.8515462587204585,0.85822212206141635,0.10550457391220715,0
1.3189967776630112,-0.34554149719289484,1.075495491412817,1.3024113672172482,-0.35537020028345334,-0.94545216886547834,1.3669105203841583,1.575626300069163,0.36636897044011091,-2.2586440533816932,1.1926589535473757,-0.86730463872034391,-0.024572552329012624,1.9645716952154773,0.23247369065934931,-0.51212693307327817,1.0845044736757321,0.73446493807202351,0.59264536452424321,1.8479317509003352,-0.48637962678950752,1.8180682646461945,1.1997890426856941,-0.034719504790834507,3.4329346832068359,-0.412297289178232,0.73137333993220854,-2.119432094999834,-0.49540302294598643,-0.50412712154756234,0.7727263687900624,0
-0.14827320305006386,-0.33253360063739468,1.436080229652233,1.1183021279682102,0.82060264013651074,0.79393544995047527,-0.60514344422965005,0.33859665438375325,0.39090090560619201,0.55408062190033036,-1.4733827935432759,-0.55580156386470292,-0.028134509939603966,-0.48641859962009382,1.2750626739766717,0.073544808768290684,-2.7248134941898448,-0.11289415475269092,-0.47584896253621634,1.0653714739987867,-2.5601257607489476,0.93883460534724839,-1.1041275464615248,-0.057334936141327411,-0.81876769738296606,-0.4548138205567388,-0.99449247743941671,-0.36325849234301355,-0.73896318803306171,-2.0021344360944759,1.201236547385367,1
-1.9537684293719098,0.54841826126730731,-1.5297049406748078,0.26994454705927151,-0.1744685590482207,0.34770715973056443,0.78309433755672575,0.21522999345833579,-0.40255385547918471,0.027883209794800873,-0.52103775354480886,1.8609289363567618,0.19128980442631838,-0.95517811844475986,0.30172582382834207,2.2435744657268022,1.6327384314103952,-0.41935830574591904,-0.22413278619417951,-0.74108206692224043,1.5241190877373967,-1.5823928074424045,-1.8120104206395968,0.267410592374897,-0.6345283307842452,-0.47592308993909932,-0.91071175564335782,1.2947730248758378,0.65279046802960405,-0.7686352554144128,2.68395687374873,0
0.7539346469889584,-1.0076320694283887,-1.5135823780072943,0.38936051311940378,1.2117375140424858,-0.72025675719944038,-0.32039337884130853,-1.4850169129648425,0.86835874656538836,-1.3866726992341343,-0.74269597431307843,-1.060794693479022,0.85447946099228378,-0.85383058030552494,-2.2476228750747285,-0.52425466014210897,-0.082464259629084866,0.34938357956097094,-0.53194484228639105,0.46895143193852595,-0.65606948779346352,0.38473785079871897,-0.51761128573615411,1.588569007668619,-0.07933276654514973,-1.2417038091613108,0.50024054329654744,1.945596729961649,-0.020673091169258691,0.97754667373154791,0.20854752025208331,1
-0.085734629569938395,0.065596421401498947,0.63343681430923493,-1.2280845313381237,0.2310313536086207,1.0799703940026366,-0.50737275729330999,-0.15210925196874892,0.38497633998903336,-1.5780648128253472,0.23405727135678725,-0.67468560047925752,0.6821854634994563,0.74504123723938209,-0.66374129710841945,0.47368715675974021,-1.1507842674660154,-0.84457975371837146,-0.73605422400201603,-0.23441423325664537,-0.23433846418326057,0.95600326231108568,-0.18675319512048827,1.0142537041506448,0.92334019308113557,0.0016939575766130386,1.4405816779150127,-0.49001789309944449,0.98717934960149856,-2.422019072722128,2.1590161498365128,0
-0.68379409027597204,0.20370478469874712,0.35122755132636629,0.49453071327907849,2.4887129807085633,0.052661404911559906,1.021524322917942,0.011278190652631009,-1.9823394623428701,-0.14927866395046896,0.14717758414043955,-1.5076948806207404,1.3485308028143927,-2.0054390408422482,0.18275267944504323,1.364959016924272,-0.086301521396582453,-0.025402138052617932,-0.22672637240486249,0.16479214708641723,-0.13023382710719053,0.20485412197349273,0.20272161973028741,-0.11527943481827334,0.035861889008746525,-0.33792483394334816,1.1953647772677938,0.2087049575253877,-0.94986187796507004,-0.51026142103675809,2.3195773407830598,1
-0.22758170365107588,-1.9825506577457537,0.33892693653175965,1.244349088681032,0.25396444745944086,-0.54333808516992232,-0.3240631505190732,1.4559363067675326,0.91886157893015619,1.6058791730941733,-0.039826801192079021,0.51847912860391909,1.1000179723883345,0.28157522521967937,1.132524226834434,0.61785793273802547,-2.7768685863531974,-1.0095953837529235,-2.6705214676360471,-0.44734478027605123,0.68282751003610087,1.1917305993382996,-1.1456082977583133,-1.0726786874625251,-0.16169754959338642,-0.043800586105765399,-0.1606360490370648,0.31308036603448552,-1.2048330765741724,1.9183030410551383,0.14560974767998069,1
-0.14393439052279386,-0.30964191466659902,0.30583433731886867,0.08803482327073657,1.777149769194349,0.040247244779930885,1.1152930017057394,0.31194110767294075,0.32029047704619407,0.55236769757213444,-0.45878375057552018,2.0551418065461755,-0.01974241823767884,2.3484931962113116,1.0966874287352304,-0.91144545754558537,-1.6359863516452715,-1.8711208343974792,0.23369966646115692,0.84754866312932986,-0.85713481183019724,1.3838076936142687,-1.1126581161920071,-0.75567880588804803,1.1563911174438306,-1.3850903641605166,-0.11853015380973428,-0.57831926931536948,0.66953201448693733,1.6236327337604013,0.92945036409990744,1
-0.54383836128108576,-0.44971479095409994,0.36557191234669806,0.16559879445626144,-0.13983014456975409,-1.6930530744493617,1.7021624422911081,1.0461467078731819,-0.92285382173761055,-0.73758294268905045,0.88632184577743389,-2.2731330739466089,-0.13734010262975449,-0.56152416754964585,-0.90817805456289558,0.77463829834945008,-0.8203282051824905,2.6662093758509351,-1.0941865221361422,-0.56246025084885254,2.1664188150003429,-0.35196683712720078,0.32490878845712357,0.35135388371062382,0.91283938413400223,0.90350086973228694,0.93442293367833329,-0.37676419699902469,-0.86973376633716903,-0.90205047819244499,0.1080100707549542,1
0.25319722297812325,-1.0729677845574159,0.079546941514648223,-0.28999578129765219,-0.4249092669181555,-1.5373835057784506,-0.36771807066828355,-0.66763005662084651,0.03684674913304286,-0.30299565886959701,1.7059573121743232,0.72258781581206832,0.80149197572520792,0.68650054749661382,1.7073590169355064,-0.23759233606696997,-0.72571714355139516,0.66303947306289235,-1.2787748749024366,-1.0162693092195096,0.026726487565731455,0.62881926501293461,1.201593067621803,1.5290380805503936,-0.068923551021871365,0.50440037246005254,0.80258399506521727,-0.22125158040193924,-0.47802211021068658,-0.019681016950710777,0.035635655729144775,0
-0.59060061101053896,0.1092443475469654,-0.68137772791291695,1.0985636556429663,0.77666610455954666,-0.20890122825564192,0.063030044638881941,-0.68725335860582182,-0.39408264091370615,0.022399317753487486,1.6814136875649923,-1.2766567795852386,1.1970985658375652,2.5447731760523675,-0.19638410401179413,0.89175090920824596,0.95487953351326105,1.3873457594735039,0.82335580110149875,-0.18455522826855353,-0.82342423488716843,0.7773107299860359,1.0227692791662559,-1.5628596188112411,0.83108632119264658,1.5950854215010954,1.483512324029155,0.4942022147177878,0.90097975128387175,1.2980337785964744,0.26261807540221133,0
0.0045534217535801655,-0.17275152976943159,-0.18915157939510654,-0.99176221103280782,1.7289292832833789,0.26116546626541637,-0.81680544793258258,0.066491038354086054,-0.090842836138701019,0.26512274683654591,0.7655444019475196,0.3744581723846625,-1.927625625787482,1.4577045615437116,1.1617267139330405,-0.71738028180928703,-0.68990923558397155,-0.17541014693401372,-0.38229252283596954,-2.3200767786918073,-1.3627200046963908,-0.63388506058557581,1.6965210390300738,0.63282107345670224,1.3867361685275974,0.62624201760793152,-0.22191127780011255,0.55769415657043142,0.50924461163813417,-1.3813518565339031,0.30521202614015114,1
0.75925910189977885,1.6533047094258226,1.4449560922113429,0.55487919112336348,0.12256699209628406,-0.46337754317924174,1.5069946418430065,-0.54627099189969019,-1.8355569690469484,-0.4466143125619651,0.81061733876767428,2.1030974058848555,-1.3863697319578689,0.26935221885821425,-0.1730319891295336,0.070623150527429623,0.20730704699804478,0.11339446843553289,0.0068507810617895321,-0.32650782434669595,1.1477419133260174,-0.33256033410250663,1.8566484842207713,0.38175849659195044,-0.86161613747103272,1.3075487564368258,-0.043308968134136067,-0.37108240951928528,-0.12185271619348803,1.5764114197743724,1.6323157257203178,0
-0.79244810480454875,-0.29770886060600305,0.17656906013196533,0.64556307331041618,0.66903763239312797,0.013556552869522488,-0.4037717743762943,-0.72650741920774686,0.17561879003364181,0.56248147670807769,0.84344752722085237,1.3174674825978852,0.25726004770823074,0.98241326379862148,0.35779691759761978,-0.70782067835616957,-1.0463600394416341,0.1352998577635845,0.728768279851009,0.65360915789044538,-0.70591679293285003,-0.46805684998175323,2.52548341077325,-1.8971821071016814,0.39180657311685457,1.4274607535635235,-0.01689476704332301,0.92764093499955735,1.3567929662389304,0.22637769676034467,0.52762194889408087,1
-1.6785005347694251,-0.5515404979297015,-1.6950428784986924,-1.2427753364219376,1.6978593732559424,-1.7762618377537389,0.71786588353570913,-1.3114017003071261,-1.061140256073865,-0.4844862983557654,0.019866474174030695,-1.1405311413629571,-0.89109729469557786,1.0681495870431785,0.12455674963390016,-0.50606313375470358,-0.061647683798100296,-0.30624521512380087,0.3400110662624039,-0.7628924146470929,-1.7401787776054263,1.5159421695669142,0.18068939638701673,0.62208461666548776,0.058732228364433404,1.7815774301390719,1.0028963286983843,-1.4979738740804813,1.0377373744008076,1.379183664077591,0.33847004536625019,1
0.59302412398703541,0.57328648362867241,1.5634284652856685,1.6293459429269457,-0.3160197963815401,-0.84347228506145111,-0.26010150894735395,-1.0055282442935556,1.4656354632437427,0.73605036914791877,0.63668192264487145,0.40941672672099372,-1.4370079278116439,-0.27970983360432394,-1.4269120373469537,0.99142269012079842,-0.68111116820902895,-0.37595732411421312,1.0850253609393585,0.21943872469231726,-0.68280244955469926,0.26886609775003611,-0.57530891594189204,0.40593891236594698,0.081640260176110202,0.7046433533373142,-0.33471647581995778,-1.0004519777039382,-0.64007641300636797,0.19511519757435797,0.25919278700184412,1
1.6589479916380661,-0.11983582522217834,-0.81544633373007602,-0.088223978743552242,0.25509184708463389,0.39775516564992264,0.14482206863423006,0.62242369987772261,-0.47033809714738961,-0.13304689408059756,0.20951766354400006,0.65379913713412363,0.64081753937763131,-0.12361207594825466,0.096292234306839558,0.26938541395546428,0.47363216505656774,-0.55246890779455349,1.3510557972919102,-0.69063312017190548,0.31199990793214388,-0.26327831682076858,0.27810902568765289,0.85841491998006125,-0.017959174468079698,-0.19055439268538399,0.6888702261064199,1.6397563051506123,-0.35575786133852677,-0.17364989908418435,0.92185381037736691,1
0.38360530659917264,-0.57985381191804308,0.011767962610260172,-0.57803931659527041,-0.61759853812996879,-0.1906289958937174,-1.1404246423260069,-1.5120892890646198,2.2588945045402133,0.016111852719311849,-1.7844629808674017,1.5289671475379918,1.3905470153236463,-1.0965909246869667,-1.6132056039791518,0.80917682941922098,1.4736053339097901,0.49628371717996639,-0.083428243597888183,-0.37911471304404337,1.5292921668013426,0.34215169857209843,-0.58251737160482919,0.96796706910359409,1.1683079754662371,-0.50707002196703077,0.68639717192274285,0.34533194170217618,-0.22654127296252916,0.29689756881511375,0.90821681035884672,1
-1.2219979891390083,1.6225123907241017,1.2489721905970523,0.030011722212754926,0.60487674654199752,1.4799853733035711,1.0512021587367633,-0.63278565833502542,0.63266726616907143,-1.0402837631217072,0.86539171939258441,-1.0804682271537325,-0.13570773520772589,1.5367751003966104,0.17927601710157226,2.5934678784681857,0.93927725615298452,0.42026303828514522,-0.75515026757374637,-1.00786186274058,0.32008154486333662,-0.25825231877780003,-2.948353333739389,0.3198470887779834,-1.4643279082976985,-1.0355054828152979,1.1579513181328078,-0.21071464166149448,0.52632428592339919,0.086515388361709591,0.66605934014757395,1
-0.79368000408198414,-0.66856628439697463,2.6347939250003902,0.49655271273158119,0.51347624403318448,-1.6465246666359288,0.30709901269234874,0.25790378848098738,-1.6412976756962343,-0.95286912822180314,-0.78073907848269108,0.20394985366675489,-0.13848013595971506,0.043396547670472345,-1.0120583287406177,-1.1594643741379613,-0.30777563220594523,2.4313668943694249,0.14917387714411062,1.1169865851691543,-0.68192397416185813,1.2304227791804419,0.14170902531339777,-0.64386163536687357,-0.44451190216933179,-1.77498275355948,0.9273716328027275,-0.12340031974539814,-1.2533914400678894,0.49585490025240408,2.2750819901474144,1
-0.48465897595322399,-1.2905558945539393,-1.2907606891504235,0.5764235530777142,0.52369050489458924,-0.76624985593511219,0.58529018037259728,0.606807825615024,0.37808345813983762,0.41707343455804152,1.3711406235816679,2.331542878508198,-0.58237312554855669,-0.69000980414474378,0.65667347787901598,0.64268669427732783,0.0056913129304105095,0.1708375369748571,1.7691415214766071,-0.38823512243268471,-1.2650817428452583,-0.72124915841664827,-1.4378195624374166,-0.55043438109553777,-0.42569505844408179,2.4353151397466526,0.7395242511614204,-0.90602551332472681,-0.0097262654221734815,1.1312675507822236,0.73539894051989041,0
-0.84623865831658129,1.4748456420491829,-0.81242457963191383,0.60242665194654599,-0.12117924782113516,0.68804495650660602,0.40528869415024282,-2.0963121138718002,-1.2130215830198428,-0.044827585275242401,0.40634494796343829,-1.3143988022802759,1.4413532555580553,-0.46233324310647628,0.58714927782331727,-1.3836447573296684,-1.0750762695798546,-1.4325295517707914,1.6304299623394707,-0.84635732410198117,0.47567577569332287,0.44699236637007422,0.69171879668114,-0.78909456739933737,0.73371429715384873,0.94601853769473743,-0.86608742627655999,1.6059294040956407,-0.067984317596016419,0.064842798891092873,1.3075008092938203,0
0.33341564433318804,0.032895011861022533,0.42613736041855338,0.13150905937919288,0.52786034894463907,-0.5219390538317551,0.025923882768480337,-0.010802965288379474,-0.97718661406265184,0.99221737485777428,-0.43475878163292953,-1.0784430675956569,-0.1090609271511679,0.18391498590840022,0.32360349865327109,0.051055262769289664,-0.70125635744069359,1.7335179220768149,-0.37547838869440958,-0.55060626204763607,-0.58983781976518723,1.727925587502249,-1.7312458975011391,-0.30956200470959233,1.2360270297691149,-1.4176093222552348,0.3037836955779768,0.10350395357123393,0.25031185578949983,0.70409009697394864,1.1612680694789435,1
-0.56166933845387323,0.87280321978882391,1.1727653827281501,-0.31957284086532195,-0.6589134461342635,-0.5635010930674571,0.38976284940287281,-0.46318973172312333,-0.47599965537338473,-0.64699451642829808,0.88721887177470415,0.08568769229116445,-0.066528314318366741,-1.6056855868036171,0.65004807757054373,-0.42238042697299899,0.35633115646676844,2.0216992689613567,-0.26834368541659243,-0.90414814861066317,-1.4604866670228467,1.5355236251516906,-1.2980024343223546,-0.9361489501927529,0.20882505807673116,1.2737520066391672,-0.91947812752684543,-0.7246049086632339,-0.92542125919944163,1.6903888147397648,0.78913151867896325,1
-1.7202222287172233,0.61876392977969252,-0.092439896467610139,1.1829560902017056,1.0701923029625522,-0.43571577667453526,0.96118949645043217,0.69036191959346305,-0.16515975614296219,0.69852293623299289,-0.39269452950724282,-0.81784555942005377,0.31606113115309248,-1.073199056234839,-0.41945588409045675,-0.07320566733783257,-1.4170556988161964,0.043130229654982095,0.84710514846844787,-0.51274354625490992,-0.10981623340760728,-1.4762536639992767,-1.1289580120161249,-0.021560770058698955,-0.0024660698520063752,0.64745237142405954,0.92137188823987559,0.086732560508533535,0.31357416139343125,0.18108569859110812,2.5358788447507341,1
-2.1231494508430688,1.9765769782057097,-0.62498979043482017,-1.1781137731684037,-2.2403718377963799,0.11534683293103958,0.2234378989904432,-0.2215279297028411,0.7113702653668722,0.76134928598578122,-0.13844276187687307,1.1994881107441673,-0.10191850526648423,0.78895026568802207,0.020101011355734451,1.0730401511248857,0.083368379514124735,0.055796176870707669,-2.9104068094307478,0.59924840440066174,-0.44451059129284753,0.11727339362822149,-1.2272344597275637,1.0366931539112643,-1.7627965068686833,0.74302019054924817,-0.037510208127801023,-1.7822647694560878,0.31879051376825673,-0.27083714186026081,7.2906375457707986,1
1.0571557454078606,-0.80879316083960551,1.0870857026946112,-0.15112668975803348,0.52281043088331691,0.76231164338880242,0.07023538196313292,-0.27748386859596441,-0.99279264687661373,-0.39970656047768283,-2.9907507232866224,0.56968952115966831,0.30658063768075605,1.8990185056847446,0.35243619843826351,0.10214100723573814,0.64074646545062142,0.62048222920342988,-0.3881503055005045,-2.00014518637968,1.0816437764352342,-0.55455344202828627,0.33550738547709225,1.3487781349441685,0.073673298969241338,-0.13357176185333319,-0.0088511124998644809,0.31352765892690149,-1.292933179040646,0.46230436867934277,0.14176458913797371,1
-0.16247771894313465,-0.74856532002820453,-0.95192124462367789,-0.074487357902655191,-1.205891798359501,0.49559996941785867,0.12555271615957744,-0.65662060059275906,-0.96076313671945879,0.27928941812035413,-0.31688841407741075,0.837860117675438,-1.22305127132988,0.5027372733218306,-1.2218226154619445,-0.060308056964394008,-0.78951627800171642,-0.46323625787607037,-1.2591178342761677,-0.27675723509887384,0.16605052955029265,-0.86394913296864051,-0.088150464605419213,-0.5290501275120939,-0.031058259323518311,1.1466071454442799,0.5768617787473721,-0.6819503622202161,1.1420026829283605,-0.79537215659467209,0.31964921823109843,1
-0.11585457291192107,0.79063662046987693,1.4662246623942683,-1.2301309344911346,-0.11367239751017055,-0.98743396597474098,-0.089265617652855123,0.075206403660569743,1.4063303399298961,1.4706246144320823,0.66528264772352863,-0.16672802480997254,-1.3014010208054987,0.95742075760026313,1.4770537124099341,-1.3753559599459975,0.86686172023857777,0.9359492314221336,2.5254744677672458,-0.53182031806389951,-0.58533018716694951,0.97268180009897365,0.3738049468619743,-0.42684116755348067,-1.0450746758782259,-0.11950797264872456,0.16705258208461723,0.057765062705550381,-0.68685835475654355,-1.3386200667856796,0.059821563002395814,0
-0.43101589122559131,0.87585645012896884,0.24003755343498001,-0.15092027422581619,0.80448478275552249,0.49473059719270068,-0.23209127636226135,1.8934890371729309,-0.35521218980628377,0.43269049584829444,-0.99266219316994642,-0.25228824394920241,0.8174850320791861,-0.83908508656097036,-0.3611149879272198,0.37215022518424362,2.1215572350820788,-0.4103932037340165,1.1124550901267787,0.86693591139513082,0.56626518326449116,0.61111192710915097,1.8918092305014036,-0.96613845274192534,-0.083932499307972391,-1.0749405438643518,1.1245776188312613,-0.6250587620927488,-0.76778373541914646,0.16167693875211545,2.0676347525773036,0
0.25100652118479,1.558743685219576,1.3184348311007197,1.2194259285975577,0.24035339659949018,0.030591068556973511,1.6923238075259941,0.19464723865820305,0.46289382061093309,0.57311661000037062,1.3481557668601543,-0.64820544582931705,2.7590983324059777,-0.20053553818533879,0.67981508380575517,1.1802477188910983,-2.3257202854805752,1.0663712344585419,1.4822021380479551,0.75476461847619281,-0.84353091569446148,0.24102451941717506,0.6983654140020229,-0.90378913844564013,0.94521606723238827,-0.53657110810201325,-2.0535556796047012,-0.38617236334076871,-1.1525672083569125,0.92504114966706219,0.80749823370016316,0
-0.48374852111065414,1.6868099993776078,1.732927078400686,1.5636315408043118,0.06190734546483527,-0.9387264676104895,-2.443124459770837,0.054440659914931688,0.084408398941238597,1.0425425811169664,1.7738399027191682,0.28552970209162143,0.45951022033027294,-0.56943979034362868,0.61310299899725085,1.0352265422473825,1.574024112176033,1.4913272519642942,-1.6017894073800676,-0.74014550367489551,1.2243131433286638,0.45385238429998381,-1.4591330804676266,-0.6848237176028753,-1.6021012607526188,-1.8348219600481064,0.7330999766929972,0.66581787132169579,-0.1023508486572362,1.0976016666022415,5.3283998808500357,0
-0.58165615728870967,2.2548631126607024,0.982344684233313,-1.3622866119274146,-2.4635194987509408,-0.4071099497749065,1.1732251705864867,-0.7402608998814374,1.5248420480627629,-0.91850349444706536,-0.32398986649307798,0.65325057832927291,-1.0410551876464313,-0.075846012578124636,-0.20223602365504453,0.3126921750072385,0.69261731039184982,-0.52389171489823194,-0.57020150047779061,-1.0722235664707691,-1.2037889012317855,0.79692948632711469,0.48462789865101608,1.7594527740664552,0.058217842883065807,-1.0931177966808279,-0.93110933833209664,0.084015888523203963,1.4291517543027252,-1.0919669335192852,0.37314115605908466,0
1.2268981131311858,-0.032765902870834591,-0.37773832771419141,-0.66554924428006157,0.40055742840764841,-0.31711109365586965,0.16271205586638784,-0.31808791377308093,-1.1260267180169512,-1.1116325065908497,1.4774813064801253,0.61696953577143343,-0.92730274460986806,-0.99584534061257313,-0.058542077499552043,-1.3393668539817882,1.3325471299651179,-0.47858766856020818,-0.36413683872702318,0.60003196991869878,-0.13620726374463374,-0.5930907162418847,-0.20280281984963131,0.96144418718169355,0.21805660842017924,0.40716311975232355,-0.15530115681937384,0.64736037050789741,0.21500777332484633,1.5249828945634387,1.1469729833956754,0
0.44690884425788363,-0.49798606694888503,1.5047563570836209,-0.42858472459513208,1.8494899502787254,-0.63420722188050227,-0.45042264917353769,1.445179503660607,-0.20947401002802385,0.57935000904270872,1.4352322384196103,-0.39383662612306153,2.0500037221466183,-0.65024655004929754,0.33414548375660258,-0.18382696129223677,0.43645627426343375,-0.90699337763588583,0.87811096659851451,2.3763447748161237,-0.89852659339648899,0.56140951105457781,-0.12093107922876806,-0.52004455717401221,0.49038358100935531,-0.74699577927405936,1.8295204805672389,-0.37897199448538565,-1.1126525113158656,-0.66941682899301092,0.8437081919069308,1
1.020796022789715,0.097200519406722127,0.94864825922756257,-0.8649332156114059,1.1835432065647298,-0.32662224290696368,-2.0500010359745544,-0.0013707018166270041,0.49252925898739314,1.7112014554349708,0.62362137568788178,0.11022119879770438,0.06773148179313819,1.037405948281154,0.46966054704248644,0.61252243955410079,0.36042629155073658,-0.17483724892944902,-0.52617358047525953,-0.7723028177241098,0.27734503630473578,-1.603637553016297,-1.0710675473326703,0.26412977031636009,-0.55048446761926617,0.021289795650623819,-0.63052239485591832,0.0068060961352807226,1.2039526264121148,-0.056708641825206914,0.085689368126822971,1
1.3859362260352699,-0.83497958870220224,-0.49440810426315362,-0.0023464669250803922,0.27728036543449042,-0.30908231300772776,-0.04086477927560421,-0.28414239507034261,-0.18995358454749617,-1.7107694421219088,-0.93920625717326944,1.294230778239631,-0.88275327608033805,0.55115118940273722,-1.2627030119627787,-0.87472154999572127,0.8770679058092844,-0.93113971446622668,-0.43055030318716309,0.063384772396955821,0.0076782697206161897,-0.011149857591915524,0.76978996901012298,0.0065184225891692536,-0.13777109799327306,0.21410659357317238,-0.60926566394940673,-0.052138288802073399,1.3464627658046089,-1.0336241083559849,0.45336286200163395,1
0.62080345768932654,0.072579448410294997,-1.1102997249689557,-1.5658162532943041,-0.53551633521685604,-1.2888339432269897,1.7213251211406881,1.177985060809934,0.47095517144101778,-0.27133410992645546,-0.14504538384972307,-1.7420913013896784,0.35233155546810374,-0.28889359675786552,0.89136655179771185,-0.35689305451284598,1.7671549452344306,1.4284664969368921,-0.82100332930013042,-1.7131451762627996,0.00031442256202067302,-1.2278068572104184,0.31141056862635913,0.74343914900893004,-0.77325763449188545,-0.20347148656036565,-0.49587778367845392,-0.72384256928083202,0.7932606752242477,0.61523772254975373,0.59266302743598676,0
-0.78298617761048284,1.1108941597497053,1.1804280036543835,-2.8680557136445288,1.4269992230020192,0.13622670886461785,0.57602003871056562,-0.48762346421775388,0.83830523039590277,1.2435741199165178,0.67246668597855752,-0.10795026887749661,0.83366040006987319,0.40831830367712429,-0.66546909086619599,1.1267096379580159,0.17582325935611923,-1.3063565245155933,-1.0483251129876543,-1.7961121013448043,0.13690283563571853,0.69605537033478437,1.3932142492272934,-0.19771139096935961,2.0791295892054351,-0.32248694766813812,1.08991464084839,-0.15091771370951843,-0.32959725368577836,-1.3001804869426523,1.0983035832852368,1
-0.28561745131963573,1.2590511421796879,-0.52737953752564648,-0.85974857583171105,-1.0751921295894433,-0.056755024582745311,0.53106851303619551,0.27435333283710811,0.061647285422197599,-0.40917799853385067,0.65257756611668427,0.033860717260472704,-0.054370885547038297,-0.1725509740289099,1.2837634292390838,-1.4866739454269504,1.2443468246746192,0.13929984910795803,0.055207917436894523,-0.28846275667825427,-0.53564207330158042,0.47533444907959443,-1.137613175489657,-0.50698490946670782,1.2103192579585795,0.32029828376309988,0.63636362229667531,-1.0169201171686006,0.81392288648968447,-0.55297328949084246,0.13975224280618581,1
-0.47039941862020096,-0.79859690396050032,-0.71664999606470903,-0.97500195556350511,-0.16693624391814754,-0.34906346035040708,-0.95390906684319721,1.2792975509462319,1.573286559370088,0.56495287370333991,0.55462880684414817,-0.0019686352812634759,0.20079137679073245,-0.50802110386090715,-0.78368311486180009,0.90901780367633778,1.2417875479092759,-0.84772714539582272,2.0368452630562124,0.27838556884631027,-0.79260372669520363,-1.0110051540573286,-0.13854838492435295,2.030746777839616,0.56139797638625333,1.375591253325831,-0.4526752135071539,0.20810156162536589,1.2646700502536656,1.0162557758025699,0.008895639054256263,1
0.72534036616977227,0.11956393074455188,0.094508319840526073,0.14723443327935992,-0.092480236295961527,0.67077171503025801,1.5654317877910138,-0.74991102026780376,0.8024269062006919,0.12626804172281259,0.3501666191893375,2.3417271787930076,-0.41210700738083261,0.17100164006785853,0.084186529374170149,-0.26894124194885399,-2.0128623351646548,-1.849319939048691,0.032604066591789327,2.0619256009775739,0.78354113977550954,-0.58918335403572331,1.3051072470992713,1.8697534109539566,-1.4412732560922965,-0.58030477765508126,0.80277103286511009,-1.026431752635137,-1.1726398136434355,-0.36941338702254783,0.0079388879668993301,1
-0.79453743290170309,-0.60851991802339633,-0.99576282992507925,-0.037706501549399446,-1.3457333891728456,0.9403320513114537,-0.3697499824152059,0.74547267007554818,0.46546117210554561,0.7853002765319661,1.9006987309910419,0.43744422826066998,0.072021627900744581,-1.1373763991090258,0.026319631479473454,-0.35435293580693317,-0.27068618137702938,1.220489701434688,0.28785882847565092,1.7782865166209139,1.634587711182939,-0.50153700061326845,-2.4897691602347254,-0.80619244414518787,0.80375170536806861,0.31549065300365076,0.061994506230912856,1.2871464761212337,0.79116656062662127,-0.24555564668281604,0.010557852774477482,0
1.2691502917744846,0.081336867121081596,-1.1557648000534189,1.7545336171482819,1.2140256212183094,0.64143332511991735,1.0884061165767283,0.07221066766438039,-1.4536026242685063,1.7775548281522879,-1.3152139282338824,-0.20643946384182482,0.91568454468339189,-0.91222469364260172,0.3946182320293985,-0.2099095518884935,1.9073748627078155,1.8874691876543352,-0.37265051124729476,0.28999347332878667,1.1133059281125337,0.73175543577610669,-0.57970744972390975,1.1613064642417374,-0.27213591792667646,1.863976326159257,-0.21764308197295576,0.51289254320604549,0.34197422779155245,0.066846233856370993,0.10385124384034437,0
0.26225821284943496,-0.96142159413108907,0.68784022070365813,-0.46445920161596826,0.94006074252360183,0.6641957729982787,-1.7824709302687647,-0.46615738103404797,-0.9862980212318041,-0.37374565823135208,0.18966163178029594,0.87682292756041025,-0.2989227006673848,-0.13592708203312023,-0.94037684585678938,0.034521292396181,-0.25900279574044127,0.34702710145859361,-0.22550601081092514,0.79054060501080603,0.95333481662578845,-0.015148419381722759,0.96501958760669648,0.45242965492232856,-0.59132034358605035,-0.89020186554906844,-1.6339740573083352,-0.74015439561441065,0.13005601208970999,2.3437374671592237,4.0989832660994638,1
-0.43972690745076648,0.018716054379024724,0.0068555993484946884,-0.32987055335862314,2.7993880317425459,-2.0654406395109977,-0.70695639368961916,-0.36870980708746165,-1.4064750871437552,0.81642683564795104,0.46427994020448127,0.0055637242073966441,-0.21201330130619533,-0.00060978741438588225,-1.7035016916558123,-0.31070993913592571,0.25091982503478744,1.5299437382521373,0.80537502575655295,0.53241891198026647,-1.3438313276074758,0.55589264873142108,-0.31486585618758517,-1.1076519391239332,-0.19804884201921485,-0.022391411715750438,0.85634300349279835,-0.10731110849080437,-0.43199086792790581,0.96306847096319248,1.3632518486671745,0
-0.68460238308160248,0.053377789637050567,-1.7843096058251355,1.2982796448121072,1.2105508506919118,-0.66888016744971368,-0.99687405551185304,0.25438668687344412,-0.066890271984986607,0.35604087167998782,-0.6823128830396672,0.72954627608789391,1.8110620606755512,3.0943550026251909,-0.45153434857044616,-1.2603857174358568,0.5122326796358645,-0.51876601335664352,1.4245341849953064,-1.0069633224895143,1.1494634121626099,-0.71881797000927594,-0.56046002149154595,0.74375327961156146,-0.3966444788200218,0.90607259224146808,-1.0851184066725472,0.61332617098522224,-0.67703767801350212,1.2276368195470375,0.88042121552153085,1
-0.472387879614451,-1.3857263843080871,-1.8748572817606399,0.88880249622272212,-0.12581454057210489,-1.3262238560740949,1.5455134247117308,0.44860010959510155,-0.063852335133498889,-0.46491222007749233,-0.91574432957315766,0.72144539083249237,0.25162286254124966,1.0569267421334663,2.2820244247096495,-0.51636161721087104,0.85705139493017923,0.8859913632358154,1.2397592988036148,-0.62699694189071942,0.17027500848812802,-0.83229674199971326,1.4079821304976374,0.10795323773303948,-0.90984541050749612,0.31253342138043122,0.13894842768386295,-0.38585159641391126,1.2572098732143107,-0.47291104657317573,0.063756690518627854,1
-0.56553712843549253,-0.36028181460676179,0.80798902591071042,0.77645491885553464,-0.73959476038040273,-0.042015915679355927,1.082567631718103,-1.0873969721147041,1.1724921953620824,-0.068677463783931122,1.6036676464849333,-0.23179177791204944,0.36685823902816495,1.2169509274712924,-1.4890556552089389,-1.1024268597297397,-0.29182414619880404,-0.085919732063247628,-0.040197344804014164,0.37322317353749734,-0.62496665032305443,-0.20054997501252203,1.2456518436021131,0.71640931106691341,0.19634737389844276,2.2421243026054496,0.97102632335327022,0.13008395818226653,0.39059386726145029,-0.024822624217720864,0.095919410587749221,1
-1.4096411848105335,-1.3704406691896256,-1.0010704023553763,-0.82960369440672699,-0.44585980447790852,1.6102230711451049,1.5130690733376448,0.28002425762698496,1.4430389199390254,-0.039445245501300907,-0.37296710441832231,-1.1608782381238505,1.2082900515376704,-0.054766960100196847,-0.13444442281292865,0.55556970273848294,0.50881485732030252,0.10342227731009726,-0.31010620146057044,-1.0606149152317947,0.83543483999798751,0.62968530185464822,-0.11170692164052626,-0.38337602476265448,-0.38714726195355997,-0.9094399713831478,0.96287259221625743,0.67466575542650797,-1.230277585248116,0.56671213045841706,0.76193731941591536,1
-0.17132557587053046,-1.7606765066129688,2.0430939390107086,1.5470766293103413,0.32174210911768364,1.207781336818653,-0.042650515971367035,-0.78604998675162774,0.26381522971777116,0.26183908002635947,-0.15981353743977678,1.8026391142642282,-0.41660283500255885,-2.8537181917089063,-0.15692916253524317,-0.48142528997370709,-1.5589536332813283,-0.95533849574018392,1.4057684568576978,0.37958827423504149,1.4176877242822978,0.44540332845956138,0.33204060519420486,0.42055168182570829,-0.6513178451314906,-0.065484346512207275,-0.8485846883397784,-0.91258415335624476,-0.44064131519625799,0.081023017778336703,1.0510260894464256,0
-0.71227697307829752,-0.7478921925035249,-0.30893591508749169,-2.4829840839513193,-1.6136002154041609,-0.45013573949340197,0.65859088434923507,-1.6069781531152763,-0.0051025759496713093,-0.44560766366869059,-0.48437277160097797,-0.17413218517930268,1.2757200394097628,-0.2375796239002442,1.3846316810182711,-0.054907297001015223,-1.0301249877510423,0.55621727172444657,0.30988513024704706,0.13408657836167448,0.80758943042714448,1.2260002614494214,-0.45672474801548457,-1.1740043717334254,2.2022339584950341,0.026055783235482084,-0.51783793611919171,-0.41929028676735347,-0.56176098633724947,0.36881889789120154,1.4477485426902847,0
-2.1411416064246214,0.5814357462252181,-1.0936867316814993,-0.37596806554769302,1.1816748552510861,-1.2416617626579369,0.353985829903465,0.32252534620286588,1.495175328987431,-1.0752247966041442,0.30846519079704038,0.6885596556709066,-2.1420264931896731,0.52649615103435177,-0.46101869128385176,-0.37343446895774385,-0.47706771688529781,-1.1548407972987478,0.39674396992730532,-1.677981721465061,-0.71833745933155502,-0.94672481444287659,-0.51450614329753364,-0.095063123181524586,-0.1834024779301755,0.32488243761660635,-0.45389778075276377,-0.10559099702376172,0.41207719113139857,-0.89764971517104142,2.1228988521639436,1
1.3030788073282646,1.1274565695302552,-0.82053681474899076,0.11878712947162776,0.98564556451313101,-2.0377104490053788,0.30221172847404648,-1.2021035687668873,0.99288270192817629,-1.1821583779697595,1.6543426438165938,-0.36737386189807697,-0.70879628758239965,-1.8817481624382526,-0.54659898836687437,0.96152738153900985,0.068697057292513616,-0.15302414351722837,-0.62395184470159248,-0.39055751851924225,0.082035062518670224,-1.2970983166324492,0.14626791027808067,0.43569388736335035,-0.15995595343325594,1.5742684456264515,0.48047946974223005,0.43852178979732986,-1.3880254484866008,-0.15437015707863938,0.44416055641165036,1
-0.84979297458178971,0.55040998144110587,-0.18375468401806325,-0.487780842482187,0.30873817230056416,0.60934951703804585,1.0027389545741023,1.1586041417643012,0.48670250266627435,-1.2341516663225769,0.25661292613623887,0.53864742401964483,-1.6124141981348339,2.0325614056563874,-1.2819793522484195,0.81902994534420981,-2.2640422300276848,-0.52893898896299218,-0.84430146734365796,1.4648095065179525,-1.0979692201393889,-0.1677791892524251,0.85709316509930422,-0.5414919822230575,-1.579455865791791,1.3923656912715905,-1.3960865540409568,-1.0871203346480685,-0.5319044151132013,-1.4050544590234597,0.62717997413648641,0
0.7979236184699029,0.68854370700539835,0.5859984237032233,-0.5111779354468331,-1.3995714048416239,-1.2052095727325267,0.36713446538723393,1.3035342698883845,-0.25771685318217435,-0.34349742651351173,-1.5957772579393719,0.2248263889360344,-0.72002412219728984,-0.22305659477957465,-0.81226237394910272,0.023623265560602999,-1.1015441342258305,1.1932672608833366,0.66029130830521177,0.42768945179713558,-0.30752674022661802,-2.2371198561470096,0.4286851035862399,-0.64413825009417858,1.4810385828428259,0.31244108159787459,-0.89264651729835809,-0.021853635477365706,-0.46492189633867781,-2.5855117802347829,0.58585996803908069,1
-1.4348498769235505,-1.4855469152801828,-1.6267196173063792,-0.84995981599960158,0.66014607472375408,0.29002338030218838,0.93859877058248553,-0.0036780975988794755,-0.43253084552437138,0.070734080240012626,-0.59163672300659254,1.7808775367157692,0.30334003994591763,0.31942340157202181,-1.3836368111236357,0.74072872043775595,-1.2100276508739916,1.8782749051648555,0.020988107841859352,-1.1947943137045904,-0.0096530235036270898,-0.38573068771041624,1.3582885862403702,-0.46514365826018367,0.38578890400781451,-0.61456753463220981,1.1745247243833523,-1.1733291357727471,-1.1659348255367736,-0.69407623103627902,0.53165425337854555,1
-0.29471624806758656,1.1457703111480184,-0.41250706029420836,1.0520571028496157,-1.1173928560219302,0.030808883156567535,1.8613032165935901,0.15906651028879476,-1.1910922235353181,-0.35981808854663694,-1.0931249124955715,1.0841263837147592,-0.69335442148820792,0.69916542521514224,0.63027446585946867,0.7018938986182327,-1.6316528938685613,-0.59534589975678798,1.4541354714532491,-1.2989724336094264,-0.092147599902119529,0.27380739138880916,-0.25152350446559718,1.3971590708571051,0.65114807680175879,-1.2905313889768801,0.14798237221567442,0.83326156807706842,1.4303610989623508,-2.4583852441369989,0.010384700343959097,1
0.57644037842177731,0.2013145503443059,0.34407976710178501,-1.6438751085592367,-0.93746580019619385,-0.22790603521706809,0.33243288287813688,-0.19445526841477176,-0.94058734694342871,1.2103383387444369,0.69923865013072384,0.53445667045526557,0.38154826638471812,0.048975539163944086,0.0061339695843665755,-0.051724760069668342,-0.88693346884669377,-0.52261128640480614,0.40578154236489372,-1.1404571482575656,-0.022530049679811457,0.60427886380204299,0.11564793478805242,0.18936217929059374,-0.87956413257194443,0.8428308288229488,0.04197599208565219,0.93639976184834717,-0.27557062815091227,-0.39027506664954503,0.056666805425033794,1
0.54320792690918163,-0.8654942325992524,-0.4543999737816321,-0.37048243462951108,1.2871261397255886,0.44061927333752743,-0.808707871921864,0.78677634124137308,-1.2032937333852216,0.61239815070037951,0.99910064938729071,0.42029810069471885,0.31454018660714095,-0.4779620119352247,-0.60044883418688788,1.7072465642580901,1.3247344841443021,0.73973950720993475,0.75274497656214401,-0.21536053321366055,0.15948410077713362,1.0791460759142291,1.2709318633046356,-0.82441157238638962,1.5172323360462043,-0.28677430706255358,1.3482661753405769,-0.15275718200932112,0.79477903746400635,0.24645127871924163,0.1045485393417396,1
1.4657547817854324,-0.056819390533409654,0.56805172461443931,-0.47996683196333711,-1.0026919591973937,0.16065527535944582,0.30272833314338748,0.47471717334309932,2.2106856615236126,0.27828469631146352,0.10538424204313793,1.9921588916949606,-1.6431374109279748,-0.51385565565764324,0.39980261566094605,-0.94450706536505979,0.85861791266171972,-0.32391562790843303,-1.3547530237227776,0.47903729302356046,-1.5432536322530146,-0.43995954420140676,1.6393807245325351,-1.8956844595437652,0.81818550208170959,-0.30137239342347916,1.0191238851296127,0.52849900252489135,-1.4175366906736484,-0.21204467253525849,0.033745893248005553,1
-1.1134772159356607,-0.44255225234928641,-0.26189166806313863,1.8294278995381863,-2.4141873159571152,1.0613022559200171,-0.13565890566687916,1.079186333352615,0.00052587914567362099,-0.34363047741273001,-0.27064996932028856,-0.61003994994981059,-1.1664489410786607,2.0806197597006717,-0.81640765780603219,-2.6347767282312926,-0.058625648362976193,-0.003987442082450849,1.3579729673284668,0.63581778669691458,0.23549062889045541,1.9191230908956376,-1.2036612689542501,1.6278257988215947,-0.58180071389944488,0.84315265779659521,0.60390847243432189,-0.42358944145377159,0.12573298072504194,-1.4154349612114896,2.6952695383293159,1
-0.071983051773948398,1.0262645693877417,-1.3004775335770231,-0.5488556364168875,0.20105630014929488,1.083474428580951,1.655234934656326,-2.7159835894249302,0.8352760629060676,0.33598760116837617,0.70018995533220707,-0.23594303184876364,-1.6148062558172862,0.047286050028639171,-1.2118743709609407,0.51037703730133199,-0.016024225880350164,-1.2111484777609294,-0.24678408580575831,-0.43862392747278467,0.8623853904852965,-0.3089887530813491,-0.20042451045557635,-1.2434161593926762,0.82364160192388192,0.17956368872925119,-0.053292513429443786,1.1151354403273657,1.0050149178370973,-0.18295566231138355,0.96937267699014751,1
0.22867260481439358,0.052914883728779533,0.65675948166821396,-0.77583840731335307,0.53407654706731378,-0.015174359009034272,-0.77060670487000493,-1.3441749739310873,0.28083540276771629,-0.44333473028064885,-0.39371762375394442,0.025447455659127812,-0.29418733222387794,0.91383304060123594,-0.24741590484368753,0.5779866395779002,-0.95260079673955922,0.64669204763755017,1.5652010315811746,-0.1988305358993703,-0.21402000363330004,-0.056916527165298166,-1.2442146856104379,1.3545279003707886,0.3003096907526539,1.2824732675918107,-0.092766868655394658,-0.026335135696549571,2.4472705959633263,0.03123310755727076,0.96917852150894779,1
-0.20157685646892606,-0.50925303425796653,-0.11233722876611886,-0.32860011001883543,-0.21354962248415765,-1.1430252475111589,2.3897281303972813,-1.4387321243840847,0.0059874352722659001,-0.28996993218816042,-1.5066391837909743,0.07071719953610249,-0.27847528561727791,0.98736747703780237,0.33124277454999423,0.13874008534644461,0.37421448535938401,1.8131348860499479,-0.1640608884928022,0.24653460640100661,-1.0240289667653879,0.72916708278321307,0.91093530792576405,0.4870711302952252,-0.29018807784420192,-1.5734739467193695,-0.51583693255898466,0.18413389879954567,2.8878871159339314,1.3279611266080251,0.31521481278037677,1
-0.87679585212615752,-0.09333724117158046,-1.5043182208903296,0.48453186345662974,-1.7760043185652763,-0.84503183396179149,0.80400197001241491,-1.0427837739803032,-0.32148398792852689,0.60013729296775198,1.5593284563351855,-0.64907981569408346,-0.73322057638033522,0.3697065973450262,-0.35181015968102558,0.46610130440127479,1.166595701741425,-1.1699827707604871,0.43655832449407805,-0.55626403472996389,0.84617244386101753,0.18717731460307935,1.27616100203003,-0.88352577629956031,0.78255012595452322,-1.3281373637778453,-1.3538854923713064,-1.7393355399031274,-1.2945178495286997,1.0543047248879287,1.4163504832837586,1
-1.6104664094019812,0.39591960961934697,-1.7668483836806184,-0.10509794768256493,0.43094169493129486,0.073620418394683695,0.094972997245919982,-0.17421558665001347,-1.1976567917067067,-0.83538976522987607,1.1112200079433134,1.0833990023210835,0.85784182246118801,-0.17018298408561006,0.19700878736785365,-1.840806879510493,-0.57719366944320416,-0.042387736312543715,0.9870347469167442,0.56616242937024663,1.1358901661828942,0.57436078241993249,1.7225826572104659,0.54110145690084444,-1.8733686554720903,-0.34593411389080597,-0.730531179658643,-0.26152854811383447,0.69286700267066725,1.1302048341428799,3.1085438097306772,1
0.78441367938991025,0.6905886165155275,-0.41549863242905788,-1.0412542762093073,0.56691959891341459,-1.0309387460900719,-1.5027015171237541,0.39608597734006767,0.19625648509035387,0.8969625158158725,-0.06210482870991553,-2.6711545702623369,-0.80258231082688758,-1.6767481349926601,-0.1462230536418353,1.0931071682851141,0.32147005074939999,-0.36641593270471834,-1.5460593417541546,-0.080032209542408972,-0.5824047316380806,-0.83556228804128962,-0.8672544547321096,0.55054315367240125,-2.1562273152208551,-0.12345116552846985,-0.75860780961341345,-1.1480656424706188,-0.32743718384032444,-0.56087621577967628,1.6813164261899747,1
-0.67183865015063249,0.096579626834497112,0.059990749198554932,-0.013662621817821588,1.805504187833346,-0.30445322965603649,1.111639681157178,0.17349527372563872,-0.16901566366955625,1.4533877691698367,2.1519733112735224,0.22913239594758797,0.73896620296889082,-0.59888180568283655,-0.27562558817901717,-0.68944481043881922,-0.1096260049108769,-1.1900407572685501,-3.1156914780583236,0.68811838749619125,1.1730797639902408,-1.0192148895442694,0.069110596301795557,-0.066436645224129148,0.10828547830698838,2.8136534394594168,-0.11070288588005942,-1.3083865370665506,-1.6791026741195896,-0.14628531602534556,3.461655828670033,1
-0.072071225177542178,0.45183039679642972,0.2619620313399425,0.19425919703638164,0.31975422138610043,-0.97333741188344192,0.19539629395514799,1.6907123297073996,1.6079841018795851,-0.8865458019398873,0.13502266306407323,-0.81283931114143426,0.41773511083691134,-0.1374108650578012,0.013931746973879149,-0.34018398688159179,-0.68974882941180515,0.87974969490282995,1.0973318493598183,0.47176972154734576,-0.040278757676874326,-1.0347992894219427,0.0059951563540353841,0.070685314870005289,1.3606975912497772,1.0872136728522468,-1.7318178632436279,0.77675922271608455,-0.40462042978905477,0.078740283017603663,0.38072727159267616,1
-0.17627957372393277,-0.69628049263120784,0.67589485604287869,-0.45741226771149929,1.278236622771673,-0.58857874280783395,0.18039598934136486,-0.072249272087970051,0.17903325524358735,-1.019229709732324,0.1490101774708649,-0.20010219348121253,-0.94582509515581537,-0.1243921187234765,-1.7388530626212564,0.88528489013101908,-1.0562981824347755,0.83665586760303778,0.43757693429060479,1.2679106475600692,0.47254478011937806,-0.7034917695794084,-0.42806997587210693,1.0833622189197951,-0.27021728012414514,0.76028256949171924,0.14524150129836433,-0.008241111221209841,0.43764975786826665,1.7580602816601418,0.56249672225550029,1
-0.74382985679194757,-0.34256220149572769,-1.069119460857979,-1.3405830775187582,1.2877828488201528,0.97440639957340247,0.19486810602462354,0.43907637597394128,0.56960662884781288,1.1202911765719092,-0.85743289556042412,0.75571265904196006,-0.68497136627332,-0.240686969033649,0.54543045399380419,-0.026559686311075456,0.36521107405899317,-0.77226339055872595,-1.1759978537332751,0.50786345186950677,1.3587037681786711,-1.7132326920429743,-1.0945534797405823,0.70601268400902539,-0.24773737023793782,0.86942331064928424,-0.98225695526224954,0.8639530482425819,-1.0056357400765032,0.29375788781178896,0.18385213304070624,1
-2.0814032420941251,-0.87300748175153242,-0.75981701212512731,1.0497218982445207,0.086533430907539302,1.2297136236788389,1.3792975017518578,-0.39782263792333111,-0.47238963443191073,0.31840138759182629,0.75097829822724338,-1.1682610232254231,-0.85231672688734561,1.5173253234712194,0.00707400367058482,0.2534662390535975,-1.0672826451441042,-0.07532362268755366,0.8160476109584841,-0.45906206505819924,-0.030975121211617156,-0.7020903853867676,1.9119500135547365,1.455448606627656,-0.48643367250864378,-1.3923602097083028,-1.4894619791550101,1.1336348206385705,-0.93949727705045949,0.27809689014030858,1.8157610801037907,0
-0.017007260825219604,-1.3230630027242134,1.2653942004865602,1.578280927734772,-0.2699374116483591,0.50567491584423552,0.43568711099463514,-2.0318095975809181,0.037274064774302187,0.51906829382096598,-0.84368077569973321,-1.5987684350730071,-1.7751276082783456,0.24681066314538061,-2.3176693158508992,-2.3108847354943785,-0.59148116977443588,-0.8279080379156345,0.31885538180714618,-0.062728830873204203,-0.52873544534022898,-0.78426630818822529,-0.90496710479329145,0.16739655067994696,-0.60390643626602358,-0.49334700226998646,2.270239658366465,1.163243251801886,2.1701858587594982,-0.63568798095917622,0.9870212014616756,1
-1.3494786228195754,0.46188526748388864,0.12160229244695805,-0.28273913351547264,-0.78022930726877449,-0.18577707371224145,0.7227115600107834,0.48352439010151871,-0.3321224729498542,0.12470598077100914,0.72432832741757391,0.66010524673601922,-0.34262690834267406,-1.0912966527707566,0.063701254555142278,0.32193458121443785,0.03243551680470743,0.13796978438357196,-0.3143885981591158,0.66559709998781857,0.046063248369552397,-0.51601122670938515,1.899836124577607,-1.7573123237534218,0.009359663018256352,0.56353371436690225,0.065894683358988709,-0.62001496265165557,0.63857118004791735,0.24121262067684598,0.15567320251567598,1
-1.1991444739858155,-0.34993332805902289,1.0376726639629237,0.64730898583311447,0.56071467505937278,-2.0584886472303374,0.44069056743118495,-0.69397610819947664,-1.4591953685917551,0.38475276392430541,-1.4857091355907959,0.33873206056983018,-0.019584496859952918,0.94444915512694527,-0.021051916087919044,1.1142484369489161,0.03599309989512179,-1.4004331748639085,-0.32417307144934965,-0.75603099571243004,-0.21804658965878201,0.5221625830913228,0.31600807493721833,1.7741944642885294,1.0181125978907413,-0.97871123628039558,0.85630093582872813,2.0252244422237129,-0.74598350315208439,0.84741312152515913,1.0637888418721364,0
-2.2484287771722213,-0.96949704784955004,1.0671160814983915,1.8954748120501625,1.2975526372187713,-1.4783179155515092,-1.1160030929956675,-0.71420040336171697,-1.2432383233017814,-0.80696980175105104,1.2739496788514699,1.7352601272557941,0.54337383027524855,0.39136195117678929,0.27469667268938697,0.35039540881595516,-2.0257332063608438,-0.8089704948188311,-0.34175162339477066,-0.12100287498067047,0.64568155931725224,0.33879036564105919,-0.85674774713830393,-0.45752308476031056,-0.15725075874481542,1.5369755467286179,-0.082477446650536176,0.51641463874645266,-1.1060482376009679,-0.90685069827363218,7.1134075298275565,1
-0.63375589713856872,-0.93063023073040041,-1.5277803661486153,0.014166166701570575,-1.4566873557914515,0.7482034959916557,-0.10504750337216685,0.33009475745771777,-1.6927803608235408,-0.02967210471061197,-0.42749416782491989,-0.47971832763574829,0.52289735429764095,1.3089583806753744,0.71977366929290632,0.37720495758537592,-0.31323088914742148,0.76392907141773347,-2.780623897041953,-1.0995236265280885,-0.007573644178203877,-2.3597135639775253,-0.39384435250096111,-0.78024859973503979,0.93241960160421467,0.72383361535642243,-0.19891014589978323,1.0257227364491597,-0.95013095510830059,1.1625605199426177,3.0930495714835504,1
0.29627243950754045,0.82720237057140222,0.17095013520235949,1.0794797869516746,-0.10656836705772783,-0.24853517622051643,1.2114699438806764,0.66104982584058058,-0.17720922454327329,-2.1062825277851749,-0.68928635503578495,-0.88806145000396608,-0.48482087333956408,0.92343996172524911,0.46593885908655408,-0.37634387300376276,-0.69106241696324278,-0.45967417379643266,0.41184728118062586,0.097213505674757353,0.13703235963573748,-0.56237166194118859,-1.522273876163502,-0.44666267556481315,1.2844994961822869,0.78538959927750263,-1.35323321750486,-1.3727043765509401,0.455334170093597,-0.83585920659660684,1.2335281540282939,1
1.3277230162820579,0.96713020889418544,-0.58481020408660489,-0.33026678281646243,0.80141853269302887,0.029024607933375485,0.47224870083112902,-0.2436626356205826,0.73908038980077961,-0.41852406292432476,-0.34621079569852231,0.37046689109285902,1.6311365656576957,0.969298855881501,0.34877802823184384,-0.58816032307447508,-0.89837709193225257,0.12866999640079457,0.63321409780688709,-1.5023826796119291,-2.1791642088613816,1.9022234639808351,-0.24038704667094235,-1.9557387504038888,1.3024595806638122,0.69286521404421719,-0.49134496278415674,-2.2590222494972712,1.6229694113726143,-0.86151391318599468,1.1276996462156486,1
-0.2009341670435684,1.3587491594948133,-0.46193362192862281,-0.74493936487881418,-0.20308233628509917,-0.72073003391625423,1.8201157665130849,-2.3017810395801241,-0.90433049377615338,1.2516442717346332,0.25277374952935405,-0.9397500874281195,-0.58287222144369044,-1.7349873068673967,-0.081425475395080799,0.25379588615852566,-0.66451182222368865,-1.775100315766039,-1.0779298112889317,-0.20167562825683616,1.9325030674739065,1.551743173158761,0.86694451980574549,0.95164664972530655,0.0019771554237023405,-1.3550417797832679,0.19006559672793802,0.7756250071314178,-2.604815563337878,2.55226491689749,0.25172422949230749,0
1.8844998924006517,1.9490539484568676,1.6751463524423269,1.2127097262547102,-0.63220589844728958,-0.70326858521448776,0.60218222956217127,-1.3054660585539797,-0.11792016016428759,-0.12354238838194695,-0.16556609686919632,-0.012065072580860765,0.40327969394935359,-0.28233110382446125,-0.072100339832814622,1.98189938333365,1.9516791522533214,0.79004568415369425,-2.0160646488691376,0.1199332171457598,1.3226179746313325,1.0904398599045801,-0.67910134543956291,-0.2443425184771259,0.10729449802752136,-0.0063112495563476621,-0.081824684403082673,1.4336528435105333,-0.78758724241742795,-0.29476414711204191,0.30015097752748593,1
2.3785696452881822,0.092626225593018363,0.14704119686082698,0.19592758308562863,0.031925509872980769,0.093866931727377811,0.33644684105061679,0.42673267661314512,2.4515104109341173,1.5933397285510964,0.71981185173754114,-1.5353373523819702,0.25576867744689386,1.664985407978457,-0.9991156170487866,0.30785401536604595,0.53805835164582705,-0.27727212468957568,-0.81653938098632228,-0.20118979015639607,0.023428559283872722,-0.22839868048011605,-0.26747308336537989,-0.15792532743174575,-0.7693308468907728,-0.078035281972652706,-1.0724057451562281,-0.19325861559931251,1.4651205077125686,-1.1402013884928461,0.13876236930660735,1
-0.068175067085516253,-0.62696968706290079,-0.54889432235725799,1.6384122654795052,-0.84631633777680582,-1.029655378806118,-0.79147099046388836,0.81604336385845011,0.88408231875311394,-0.38840992580646028,1.5727773083490353,0.1975782191895549,0.58026906752772267,0.037541077921592253,-0.34070143028814842,-1.3050774957497717,0.17979856097889321,-0.44628393432369823,-0.40240597870552341,0.90805701381137172,0.0085142348926926653,-0.093268278422349096,-1.8285452700158278,-0.25479811041121153,1.4224930042409107,0.66806838737337226,1.385740634348483,3.2753954310720421,1.1050105142509052,-0.57905140770238139,0.022470074909982353,1
-1.2620473497798466,0.67981310645269866,1.1032508807700974,-0.27386782864679976,-0.33794381744886698,-0.89085073470733711,1.2591733018348767,0.35698464488875725,-0.46927638560195162,-1.8032324231260948,-0.80900802029597474,-0.164002659258602,1.1969362575140914,-0.17456488309400173,-1.8666569943869351,-0.10704647559282401,0.55411371627220884,-1.8599038094466889,-0.88537561257712516,0.1354091273993655,-0.047757668902401074,0.60104915746968601,0.42083223537329706,1.7637705492917057,0.23132027139251496,0.058409390103129517,1.2915043422096752,1.1975548382838499,-0.24617533081707174,1.2762945501818779,0.021047655229270146,0
0.12569822214811691,2.0790158955825806,-0.21284973466746815,0.87032571406648129,-0.81995983829494701,-1.7775247484859324,1.1742342308774973,-0.21908801120664695,-0.13173887663444919,1.1225889912914115,0.81310242261558296,0.30062404163372647,1.3946172649820552,2.0494187617111046,-1.9222734994853461,-0.34364100560269317,0.84943264385995088,0.6557271752014302,1.0149174573446813,-0.66638991997129804,0.50806138834483516,-0.68379216867461035,-0.87701387734789915,0.31400359732835065,-0.50901942055343341,2.4298449402827704,0.12190330566635404,-1.8258947057257511,1.1764805469968229,-0.7962816698293731,0.24845202222820756,1
-0.1235866279277809,-0.94201476593751432,0.27456128405753888,0.19855648655491623,-0.10661784058520471,0.044083501226394622,0.30831581160885069,0.14661716015153858,0.031670921441546838,-0.72095478357844056,0.73411098502947503,-0.13438256327731715,0.11274975109823365,0.7377849111055218,0.14523527159847466,0.048784737897638243,-2.004872709117604,-1.4699538460433503,0.31021273506134595,-0.11812202822474256,0.49680443221027504,0.26693079476372772,-0.32497506447542135,0.8965718055539551,-1.2967274067313352,2.329532347998061,0.053673774606738285,1.416225903629905,0.99392111589646392,-2.5317376499650388,0.21862853499927043,0
0.12663706965650193,-0.53440899724201918,-0.71061906968717059,0.053206512717006403,0.58596820758034807,-0.41757642530596389,0.62336249077744887,0.12110431131215463,0.57688766324891461,0.38440874910667094,-1.4756752152056811,0.58820729978304231,-0.031996138228643577,0.93206257555527927,0.33684481019262591,0.36685786523130565,0.41895177371443643,0.27456566769684809,-1.8231000482569537,0.357399436320395,0.74332134610059175,-0.29477645405434788,-1.511487602961999,1.1133560091805532,-0.17772095816694325,0.52011139616303381,1.0622806038300172,-0.045926850531884465,-1.4357576805465961,0.39450460022594441,0.45881402287862905,1
-0.46633066206613588,0.55446337854471928,0.14887967911951067,0.79648638577261421,-0.24582892684532329,0.63942827961602056,-0.64864303065396967,-0.427558727635383,-0.81791355046989112,0.28365581514883237,-0.5723718845018676,0.83270425350469379,1.610506732041582,1.6922181131097371,-1.0251711169819253,2.3819474128856708,-1.3418647416102443,-2.1200219907368396,-0.64440562875675045,-0.54668191042745817,0.68738823211207623,0.6655358839425225,0.042279256863862982,1.3935521284689358,-1.2301303627124722,0.48571542060780704,-1.7007637190252272,0.041744337380354976,1.3660669935552328,1.0111633987237849,2.8690744017607477,0
0.46808368770988573,-0.36885466527331778,-0.91867008063489131,-1.1206036576676093,0.40830299191520431,0.96221938812576779,-0.41748906719139733,-0.38769725119632675,-0.33850312461067056,-0.55515070522165166,0.78547978409033248,-0.064357080288074422,-0.34430125981286919,-0.15291864119676904,-2.0479804505987786,-1.0641261508462774,-0.73065700545681522,1.855079575951905,-0.3171058898132233,-0.056194347923041732,-1.3813700125237709,0.62664363046607985,-0.3060430895361676,-1.809777057969028,-0.2330725851182322,1.1153857157491924,-0.76173049580248142,0.058026788294593498,-0.25649841875511531,-0.65928626237139953,0.95295388790577784,1
1.8985515359382439,0.1486783349951103,-0.64079286406088243,0.44782615761672362,0.061853982512676986,0.30609704052115738,1.5633988301258086,0.037192278467541688,0.56225671633773011,-0.32698456712961388,-1.1433238858161416,-0.30823856615220158,1.6333223824964898,-0.35013447086218419,-0.33289103705315876,-0.072831391824582564,0.24925032371957534,-0.65125472311305355,0.83502624066154951,0.16186314783507039,-0.23015086577893934,0.079719825060618754,0.21079176647174794,-0.33506726203324666,-0.070991898770445205,-1.1774110706902265,-0.99764387252327058,-1.102258385764965,-1.069724413402583,0.16583138277518572,0.12255060024245976,1
0.83824105256963433,0.32214333974443737,0.45626807905220368,-0.73391117098982672,0.92764003277844143,0.066998541041844425,0.50024943889073814,0.086384770689272569,0.19811872335288738,0.61753075797620871,1.0719437565831607,0.36834190532633865,1.6231042430423961,0.86182561704478977,-0.79169729820487744,1.2640604853383153,0.64646774220357561,-0.10840402501248456,0.92652974698345791,-0.63362227119056436,0.75762707219861325,0.80603743003578721,0.97078696046913737,-0.18360857375388129,0.21416515848330805,0.70341908281862264,0.41456354466482137,0.068506348723441315,-0.87884715996526519,-1.6167139215909305,0.20808577555723318,0
0.59774598489407826,1.6929643305387518,0.23968813631111807,-0.51704445352153894,-0.20357543179227486,-0.22162723937464135,-2.1126666288482352,-0.58591010346489492,-0.83500729106041449,-0.65423693498444768,-0.37252127657136169,-1.8620645817987529,-0.055521597046138932,0.049014670327408548,0.61810142682519109,0.5297797076189058,0.36572692647137223,-0.80894377305795939,-0.43140490609332888,0.021348615987139639,-0.01677595347050112,-1.1064108737737419,1.027162902296048,0.88239799698399768,-1.1392517894459087,-1.0152832835634997,-1.1369896394541747,-0.061861017471442056,1.30368875438103,0.98372612678926041,0.36967991019841129,1
0.6591506653790018,1.9796850707733615,-2.1005946610061357,0.14887531366626056,0.25270787576211518,1.1159292898537596,0.68810370744089244,0.25619467079196423,-2.2436728130603867,1.7260452070072143,-0.46239113189866621,-1.4591294745870376,0.80161935498833126,0.1812322754514685,0.42158848228898876,-1.5592770846352559,-1.4434245112468831,-0.37786296822582077,0.66996454674873029,1.0477475848380218,0.57381363868950774,0.45309056932894015,-0.60529940899825918,-0.36498395187006788,0.088914788649453458,0.85536201654943178,-0.7628409843280477,-0.52083300107222863,-0.019100761008953283,1.9742662850693595,3.8221097185602977,1
-0.61421653308851487,-1.0598459953061949,-0.25252780045357309,-0.63785992190254304,-0.15285003642138204,-1.7325638751431733,0.13978528027817863,-1.4616210627496995,-1.7303528191067947,1.1761839427247196,-0.10165616506468729,-0.087998402989294247,-0.3238376995676181,-1.6172624714830963,-0.24662952174284808,-1.1500188455596152,-0.31894025846190666,1.5779639522633881,-1.0107809794833644,0.3189177014082849,1.3982892920822947,-0.86744479006429265,-0.37870815470608316,-0.47134238934265621,0.015568753511808952,0.71258577123514744,-0.39729850955767571,-0.10444715809860616,-1.0687168228756192,-0.19020863141343722,1.3070929415304706,1
-1.3171723252840479,-0.2009986582686295,-0.98363879927668729,1.2139994132723004,1.6516545501925106,-0.18254646350544251,-0.14788822404433216,-1.195079920686519,0.50346019749014814,1.5507975846835569,-0.37434205124260461,-0.76914512512641642,-1.490050487497208,2.0715812119266168,0.66933371369057137,0.79390389408388695,-1.1130442012221196,-0.18420715739855936,-0.50262051062487167,0.01352068611449833,-0.6311954422876398,0.83240374870344747,-1.0907893242353854,-1.1661015823471121,-0.74326174811948031,1.1021374173742704,0.39971202276096623,-0.42680739866393458,0.18689166467446117,0.40500347733170833,0.50600223278471002,1
0.87798219149040191,-0.29966911042882516,1.1563656486550919,-1.0403364803296677,-1.038278532250583,0.26252564749935953,-0.63863862189896636,-1.4957433187527776,-2.0436248192725688,-0.85616466439171568,0.23009522784002129,1.4088321931770038,-1.0047301830764979,-0.50098013564285704,0.35213678862354481,-0.50881053537039078,-1.236620236008884,-1.6647973027284997,-0.49120634209450942,-0.77877707271080698,-0.54250022250249996,-0.65280345607440915,0.24803265284680165,-0.59587080987870589,-1.5777584388708656,0.40936431514440863,0.63640060241140228,0.22173362896742033,0.19961712243085689,0.94342994342744779,0.19563031408430129,1
-1.1042499817724489,0.62636849387155091,-1.3621494459501942,0.93790076215688212,-0.7412350406835484,-0.90566989011967436,0.090879737646162598,-0.09406347059198196,1.5274122308217384,0.39096180093916333,-0.61898666126524804,0.992584669464597,0.84216339326204359,-1.2644505993554735,0.61732121167622012,-1.3202906979272921,0.13851302470850985,-1.0227297147674546,0.22654397205628013,1.2111355946964193,0.57667608526080982,-0.78308025320878749,0.41527265211662162,-0.28439257492838482,0.13023384638243982,-0.80984897870671357,0.89492354481232028,-0.61515328436303129,0.9300328360237835,0.015608195657576519,0.011146159920129753,1
-1.0152982163877333,0.28123718005055265,0.60167560174948265,1.1117008087373674,0.38235073065221148,-0.94799144161954396,0.96156992079121373,1.1762284958915439,-0.4812776729009357,0.64036786091911979,-0.53246912752823561,0.12834316824859335,0.6379198471692975,1.5892783256986351,-0.024900320875417017,1.3398287408687384,0.83627008729564778,0.37511811196271522,-1.8333870071692431,0.11034563987726884,-1.2212866321955267,-0.2121756186693628,-0.64344896121836026,-0.78797541238695579,0.42277278326867224,-1.3365856402202685,-0.16882779073802467,1.784675047999021,-1.3878802452264158,0.041078262926435967,0.30376744739508355,1
-1.6087129417587984,-0.56009810482406286,-0.7513863141077598,1.2927733477864236,-0.54019362643894753,1.4065003076853237,-1.0034659193988291,-1.3673033580510561,-0.32762107951026803,-0.32096989765729156,-1.5258022328744401,1.0982987165081395,-0.78727567802696019,0.73106925335888606,-1.588875639225539,0.72109062056681039,2.4374124844307659,0.74784734710782974,-1.3414047844091752,0.55516410215815581,-0.7705636425441541,-0.8895395805766364,0.91134415241083977,0.42051534259169504,1.0838852627749653,2.1682814362393148,2.5612388771629147,-0.48031263777722172,-0.4609294784526029,-1.09206536168974,5.4974621522297413,0
-0.11887503361590848,-0.56227433733794052,1.3104636153626514,0.34445136938803095,0.36716542749917297,1.6168608534137379,-0.067105752576937211,-0.076354649817416492,-0.48717198970619985,-1.0986539364970986,-1.0942037834250466,1.2563189866737827,0.89577866077060131,-0.57729620337713272,0.78706853316743819,0.50099424402278347,0.31634186511398654,-1.4625480425804198,1.8957416172003321,0.1039267727632851,0.059556352272483903,1.6203054387622957,-0.20471377777612637,0.27022867233694631,-0.099805742389071472,-0.017262514490836166,0.97200219571468094,-0.41573425569871225,0.32292227997537121,-0.10046276655838614,2.9360872602131458,1
0.068238366722360902,-0.10581206497905514,-1.3295311042433522,0.32341084403866127,-0.50457545155091044,-0.39517883773458434,0.97454579634203453,-1.5704515757568891,-0.84292459175954382,-0.58015950097612257,-0.63161895226464082,0.22179027988197475,0.47259078355064849,0.76239282351637594,-0.10269209212048852,-0.59224990842530845,-0.84430567831776637,1.9596897158940749,0.38926434728820597,-0.5283394170134158,1.1899148137611508,-1.6081776637686613,-1.1986363630455668,-1.3599930101944673,-0.50535333079255618,-0.42564613772447363,0.47321920860980493,2.2688233919396548,0.57036628176795656,-0.8666736890614527,0.23611767838444767,1
-1.5549372718401542,-0.70838980828965337,0.92505499827501714,-0.75767443067317652,-0.47453347170167987,0.24901119500542843,-0.50883191707674214,1.3922625028880991,0.42257561917934428,-2.160935148452817,0.47429157570140723,-0.46539529401677782,0.74177633713464552,0.8247188536369856,-0.049210209716275662,0.031162721646661073,0.19083834154557211,2.0542921005264865,-1.6179882691329865,0.27027799751055032,-0.58973876836984696,0.0021968615113595658,0.48279038145436687,2.3003370071111036,2.6780331263210413,-1.0582134115764683,-0.48934825151421857,-0.4124231151532205,-0.67950783907497025,-0.099099472727013388,0.77437054989564436,1
0.069723711364027691,-2.9596043908708891,0.25212214837469582,0.33547347992076659,-0.16521583548448338,-0.51664550945682752,0.049316868790537621,-1.0772982168692031,0.74903373853149202,-1.3635308259084495,0.055504971033307822,0.32269350850921386,0.29617730995884667,2.3098115579927736,0.37055225515828244,-2.8844449767611788,-2.1578719125448962,1.4634250398801603,-1.5809467233770982,-1.0399332311596261,1.4110055563007546,-0.42602295412337332,1.044369324208599,-2.3422137109335019,-0.54783055179310358,-0.75802580939120756,-0.092119970009889876,-0.76647104132318888,-0.49479906687831993,0.25510564916936102,0.14351644968675087,0
0.79111011400285236,-0.98615170687704556,-0.52538032640028554,0.86964449051403914,0.4651033126273883,0.13859957441604612,-0.16454499667009154,-1.1847496206107979,1.7868920429639041,-0.85680052086437275,-0.68600821962714797,0.028901191678676531,0.68594876277930528,-0.44336933972345083,0.45329235102442916,0.81858567130180981,-1.2557190662407676,-0.74302765052282527,1.3647689029546539,-1.9783487582958794,0.66573195680231967,-0.035237661100169022,-0.46342173529651998,-0.29569865659367672,1.1843883518133143,-1.01923471234347,-0.46326605886827676,0.18447471384929415,-0.36749543972572951,-1.0129577658405211,0.25564940679716291,0
0.18783644228032881,-0.95131370256889181,0.84529479198085233,1.4420739659585049,0.94406638140071086,3.0266717504401788,-0.26421910032491885,-0.00346745399697264,0.85454358657316176,-0.40245559807713205,0.28303180420080387,0.98642750973788806,0.67328455932104159,1.0232942565700931,1.3661272717915247,0.30106470255984413,0.4007329674966742,0.99612054750099999,0.68459568281036043,0.57003421840736179,-1.4464733707129056,-2.1165753694927041,-1.1703950418108939,0.26982319750458761,-0.81698356443142683,1.0356847026571934,-1.4508792409048124,-0.8292171539407216,1.2373187999803712,0.81949556139705659,8.9852724032835951,1
0.19363454251896597,0.80195439087100273,-2.5327727258492998,1.4904068419680772,-0.053504482465521148,0.19174317456712098,0.52279181106825834,-0.45911615673037032,0.18944403557961176,0.64065366426708625,0.17322158806464164,0.061534682789553707,1.5843653982409234,0.40267651605150961,-1.4338211172340209,-0.53783872923960085,0.7197452657722434,0.34481643951411939,0.17365291308063149,0.65862942204741171,-0.47172323441782776,0.60373038279572666,-0.40761124536745313,-0.042026933614135779,-1.7220936152624726,1.2273237978193976,0.9188749316467506,-0.42191070322642749,1.723403520642403,1.0397794542985155,0.076357357140930573,0
1.2710917164819164,-0.54484210414876333,1.0578749625182386,0.71237349587716425,-0.24567127185904242,-2.3335560783773173,-1.0387148103104009,-0.74539146109259469,1.1259245698237013,-0.64148613836375024,-0.8668017168929707,0.47449470932414844,1.2310816991114431,0.3198008180549024,1.4211930332861777,1.7254766073720496,0.71676795614873057,-0.43421780040592067,-0.93756938605433016,-1.6605896867464047,0.11124007186184584,2.0913818561824002,0.51150542812063504,0.70563473471198279,-0.36808499270533901,0.83464619124739059,-0.47744923670658512,-1.0357030021432627,-0.13592947904857278,-0.91798939438642257,0.022374801687106361,1
0.7484894129256926,-0.9201854980153652,0.4106907121485015,-1.1747950487884185,0.6128715406069698,0.69246480868049887,-1.0482311595207512,0.56646663376028006,-1.8439317030348146,-0.83520859188153662,0.60511373193272688,-1.2869101147420434,1.3971029754157489,1.2363791920562484,0.50343068856708328,-1.3977032107158136,-0.77070440714277011,0.072492268261706988,-1.2583187790714874,-1.8229596012970435,-0.13693393186253675,0.20026306883446943,-1.2857846393098324,-0.85895777433858123,-0.19275083447538932,2.0535560743377985,-1.511847642483503,0.9352214813334726,-0.43269620332840547,-0.10942861288723565,1.3567869500319165,0
0.43631083689365491,0.38168675101807592,-1.6371220370185142,0.84635098126514097,-0.17530602660354302,-1.2650076993008581,0.33297587924959604,-1.023919129433031,-0.77079242987986119,-0.045385370097955111,2.1284693840447435,1.0594578235313004,1.2446096952120473,-1.1821883014111798,-1.0540791332302184,-2.1047751517224054,-2.5064093358375468,-0.98865192961380699,0.82215379419123769,1.4725031016263528,1.0104498094130052,0.23370849643163905,-0.82889336022287674,1.0267417106952168,-1.7097395484260409,0.86849025152371351,-2.3620101190021949,2.2907608361616112,-0.99317599808761925,-1.9149080104548095,0.065385961263609932,1
0.5491566804843343,2.2345578809847302,0.31006542253975561,-0.24628868601549739,-0.96456136640831736,0.39829525152947548,0.47414953629071238,-0.60090507688395167,-0.7895715045067625,-0.51582527772536468,-1.8215957217248868,0.63172927051530392,-0.3508434474486069,1.7649488979347183,0.13982549111414977,0.37087027883341228,-0.63816224960044521,2.2088217029901518,-0.54558705773200822,-1.6926107479770414,0.56992957551930146,-1.4242818878321766,-1.8129427368162341,-1.006113803042308,-1.5576008247477522,0.26994925930750813,0.046357501667349733,-0.0017719859472017387,1.0680741884133169,-0.99165623127220304,0.95992946157452819,1
0.074477347761041063,0.33585065912562428,0.038153672284202675,-0.58449271517920021,0.2488349809446658,-0.52808829069112428,0.84834913845006266,-0.011137506875605774,0.15270201838041603,-1.6792881984492118,-1.3501142426807533,1.6871793433169924,-0.1191199856606466,0.75483260768684979,-2.2764971462303336,0.58483935909103202,1.3670417561272208,2.3192706958184726,1.0931899903165365,-1.7461580200309417,-0.88505902150722116,-1.0696965159286671,0.42608936837156203,0.38800780943512347,-0.10558848981725442,1.5202609858359328,-1.6373736204995535,1.5518268875948733,0.11977404204391386,-0.52400804914261112,2.4685474382603245,0
-0.055002376987444382,2.8902665399392791,2.1119936223903517,0.98549130902306703,-0.25409470790772298,-0.33718993003323167,1.2655137529060132,-0.65213735241601223,-0.097013735253034417,-0.47358527818776008,0.88312329364433084,-0.67023110462782354,0.057937902083721751,0.41663530548259775,-0.22937804082787711,0.69845750664160888,0.86522752190147467,-1.9576370825720928,0.17634051472773743,0.130204388225685,-1.5127525592911257,-0.3401027860876808,0.48925374593548693,-1.3656057726760427,0.28623337825849665,-1.730348255998307,0.37876881872504964,-1.0576717401520279,0.30670696078640097,-0.86505977522687716,0.41735490936740083,0
2.0440980755422982,1.2120386293569467,0.17507832259301181,-0.18034575565425887,-0.56167155733283114,-1.3538224573408686,-0.12465521335093291,0.34567393021722748,2.5525558962831938,-1.6812778487156761,0.16702891725158098,0.9319707141604846,2.4497576335286713,1.6275143452872411,0.95593080089156646,0.49618028361320554,0.010701539548320097,0.34641375663386614,1.7261368555324432,-0.81920036333020441,0.77823376368476049,1.0008819515368022,1.4441162562493237,0.23220971856666109,-1.6601885246810908,0.51840307363460758,0.68012831058902801,0.54503775325342119,-1.7348413469446864,-0.097315679741587738,0.17555378351557308,1
0.84956487393116409,-1.1227869815502594,1.7428521190087594,-0.47434593189335039,-0.87859307656448216,-0.032058470043552265,1.6882796403220284,0.49648197117654591,1.7818460929756714,0.99527054627977218,1.7196021142808937,-2.1046884956948495,0.27000930311185556,0.58630462636364677,-0.050760180069483921,1.2786498798395858,-0.31545536450168637,1.7162636692395421,-2.0372259713541454,0.53593317403426288,1.729662300780205,0.79375076991991478,0.21537172551519229,0.28463275404801924,0.092471040693601847,0.026212727597520323,0.70645480458044696,-1.4921781064798041,-0.12894925257394155,-0.41097557480692232,0.011786108166248697,1
-0.68713101129250687,0.82088606511341766,-1.4956015863828742,-2.0025386832305352,-0.38733574472128063,1.3453499252311665,-0.36451732755890898,0.38076833021278617,0.79306033158477041,0.35151456213295712,1.2391342235065712,0.5794421772672772,0.17034022966688522,0.15399538608378122,-2.6548101617772821,-0.77355039860977515,1.234422879840005,0.46476291870118885,0.76961310690741669,-1.062037335343496,-0.24582887575131179,-1.6901473913993772,0.7111065256350102,-0.20062943510316578,-1.8529427599381865,-1.260833922421043,-2.2202781477084228,-1.1190527825721861,1.4120822002069171,0.35845471173096527,1.2102687899501439,1
1.0361912425913056,-1.017879742567066,-0.80610642193560111,-0.74589086340320676,-0.92811537955555945,-0.21878143834598349,-1.7325165607420359,-1.880015078904957,1.4977892938262154,0.43348040842802549,-0.70234550184768929,-0.95801302810872369,-0.54200875948414773,1.9295657773769757,0.79099856166222182,-1.486064557971414,-1.2831397720489712,1.0300399693249442,-1.794550204705301,-0.70350128381365851,-1.4964458571295014,-0.75369271746556532,-2.3197655332057403,-1.2962059391428207,-0.96220447538483134,0.065500283005014162,-1.1380714837168462,-3.0967649365343259,-0.019273177791250436,0.19004638277985156,0.24881321737877363,1
0.44117168047131,0.21336005467074076,-0.81995096894137975,-0.8610101236516523,-1.3227951971786511,-0.031440844076752128,0.83674002254846092,-0.34743819265780307,-1.7285311240957526,-2.8416489858064153,-1.6374643830859512,-0.050055654216313916,0.070060563199954531,-0.90378668754812774,-0.25761677810561862,0.39653692864183443,0.0099389118941521307,0.91130298067438786,1.5730524630471405,-0.12615341591788637,-0.65060129353291063,2.0886359845638198,-1.6268693943695252,-1.369231316681071,0.55505090374872113,0.094943223856446615,0.29599742677508167,0.022688315923999024,-1.2645103826566744,1.4380216825099217,0.90606527980635088,1
-1.6683343618316779,-0.088307645569999274,-0.65832277607778822,1.1301987363656945,2.017699211338345,-1.3282834595602382,-0.5756109753928722,1.882946798211131,0.59575421571123532,0.23879665566672037,-0.85261185092924763,-1.0068772231744487,-1.6690054941932593,-1.8668057247926817,-0.3098430742151036,0.87246358614787523,1.1312717726395236,0.395708907280441,-1.8407824243999429,-1.7946227088738824,1.3989505060315723,-0.044391845308330971,-0.70795077129938866,-0.88786539759791638,1.1348478636203725,0.74296727301952559,0.72375294759826081,0.29902806142297289,-1.3533444443360998,-1.5261239437089638,0.56975853009906896,0
0.68096370946615048,-1.3421373739264237,-0.92946090852567498,1.3418025218781777,-0.89877452031690541,0.69309373878494962,-1.1420169833979206,-0.30473648023472799,0.49155471417920427,2.2168405137058085,0.53607617045008726,-0.11659868054080565,1.1938290094680055,0.92783303996180733,0.86036234452518046,-0.80466088086252818,-0.25445730647325132,-0.3475344650794065,-0.93604446789714002,-0.41447727843891119,-1.1508303273745903,-0.20400202430111647,-0.74871246521573998,0.90236432876266248,0.34381696392184424,-1.5919634654453907,-0.20324037692198837,2.2951150529619895,1.4304671734006862,-0.092292976915686734,0.15462257280992392,0
-1.733619008832165,-0.66684368977359854,0.61617982632479951,-0.58108677877550863,-0.7739112386986956,0.47048041599456114,0.79486011105986154,-0.57239931541032074,1.1112565494525937,-0.64792819427406556,0.46040224081379366,-1.5320297256586819,0.7528467123488306,0.16190874553125673,0.038311919501421501,-1.2166097514959877,-1.1558825095374354,1.9220127968386977,-0.49857991843396221,1.1863029174039776,-1.5449177731781814,-0.08174289425552024,-1.4960565410483433,0.70240586420764151,-2.1458025040262152,-2.130950651128201,-0.18527539859015291,0.84180254008877042,0.54767296164497525,-0.21034048055188212,1.0995655661294279,0
-0.61216879255573542,-0.19148577824041238,0.4416439106521699,0.76334899801129719,-0.42065288544008567,0.14961762650574489,-0.26389969683354747,0.74213397421971272,-1.1399352957224762,-0.069972642322106079,-0.45105791258632078,0.054626216224755851,0.17259618040672553,1.4320634039567925,-0.14485196165035313,-0.74582891165564102,0.23064023184950067,-0.10600227545285952,-1.4199750364042099,-0.55978332187058488,-1.2229687934351496,-1.2949379755217905,0.82571910154723283,-0.4489216241999186,-0.63197908020755,0.78420200852499455,1.2361773549527337,0.22495293876563116,-0.0045223769943611956,1.0276766697109276,1.7798745101987605,0
-0.11826464747089536,-1.9832892930048085,1.465629455314122,0.09404137894526346,0.86072738611003463,0.75682655898086049,0.71560298936046196,-0.12616055398161335,-0.24817632819687982,-1.4102756819955757,-0.67260969985594155,0.59207799928195537,-1.1515669790358685,-1.1079386613959961,1.4696253394195304,0.65566086352644037,-0.80861363153126431,0.89810320045400105,-1.4556742265692544,0.37256131824056743,-1.1973300195390837,-0.024997813337767787,1.0778162952493782,0.30662850147732845,-1.2809417591232657,-1.1369448422711879,0.43746247782653069,-0.40522422489693538,-2.0564244038800377,2.3542338556553144,3.1311753163756628,1
-0.92290086204399557,-0.04134578566237368,0.63939583761658481,-0.60138952669280932,-0.90425291839393485,1.6468155942065861,-0.45586881041074234,-0.62167527649705168,0.094872739345604334,0.51224503427635948,-0.25648602003982518,1.0348584304749473,-0.75042136961582495,-0.7057475624769225,-1.3055226389545578,-0.11836216291803482,-0.15290222739570472,-1.9218427097112034,-1.2385259974067224,-0.78800062143157257,0.98655151836363264,-0.97403042561249098,0.73395637995879481,-1.263164421673451,-0.7837651331576081,-0.41772113019028312,0.2497034633643985,-2.2190464870361328,-0.70695733168668207,1.4437843439035216,3.087688035448116,1
-0.66591737274813478,-0.85301777513792831,-0.5800549540739911,-0.34550989955605271,-1.0921309826005303,-0.28253128448581383,0.15391987615103683,1.2093799791693018,-1.1832365526665849,1.17239171115388,-1.8659645509658924,-0.96326404886502281,-0.95002575088683083,1.2485826435361858,0.47204450504411349,1.3975231233531997,-0.21979632410968217,1.2403749731797418,0.80899677083668076,0.46864211091370206,-0.24121323247759036,-0.35395983671741588,-0.12491954238790187,-0.45810993306070613,0.53584143264944861,0.22363555817868483,-0.067508709047888929,1.2098730182136073,2.1260893586838696,-0.20945697413113853,1.061204940196832,1
0.57866655723938687,0.67178550080748223,0.3033856893604262,-0.27667520305806637,-1.0022579614200935,-2.0571086605586584,-1.0863276138036253,0.18774459535054994,0.040143998013764129,-0.16103290529018449,-0.85217895663856758,0.32532247631914357,-0.17879786194727945,-0.056230486732732426,0.36555858242542966,-1.0003560630788013,-0.97604154326637449,0.9772759800213684,-0.88499794528460085,-1.1331344494086941,0.67812108136458171,-0.98440426675202486,1.0304635613618531,0.2040676698030465,0.89807641022165186,-1.6758673948244061,-2.2104299657928688,-1.1242369673537462,0.17074363660936656,-0.45347812605950577,0.069705295454474084,1
0.65904634706169818,1.3044925101955567,-0.53166272783764745,-0.5981083799519189,-0.58111189597725343,0.9653946761418033,-1.8048605165725482,0.56951709587647625,-0.21796742020028895,-0.37739242261925554,1.0022726589480406,1.8934987354833241,-2.401049461678384,-1.6250583287198708,0.58452709604525988,-1.6954657140736697,1.2323433625049449,0.55154227038218062,-0.96994696562109295,-0.16572069852434893,0.20138304406436441,-0.45111381162636943,0.039256848731875724,0.051104977255048097,-0.36856521017625121,0.27390859101617576,-0.28021941800523709,0.96671653517521161,0.44149285943009481,1.2134466465161018,1.562132233978919,1
-0.20543325547764213,1.1747992559978608,-0.1305562615994928,0.43488943399647051,2.4174218819294393,0.76156503204648607,-1.1572529030955219,0.92040206733376628,0.5153722658874087,0.52684759273557935,1.0942732432384104,-0.21114286505191085,-0.1523468973584739,-0.26336345772416686,0.094632239335215321,0.26446699883699482,-0.33734701062956474,2.132031402027426,-0.44368122151053407,-0.48802630618620885,-0.094550447119686298,0.53269667128830078,3.0987018980141467,-0.31110729575693935,-0.66525308063321131,-0.90012678951774217,0.15129407455660795,2.1675542680592592,-1.0442516566304128,-0.46222195433027458,2.3288977667662589,0
0.00036569373033746487,-1.5109997472867673,0.69960072990841571,1.1107345470295056,-0.89318501353823043,-0.50233792828044166,0.5182028868870604,0.014117197047586618,-0.10146090214170253,-1.2371160871692672,-0.28830264633192837,-0.099826348548381905,-0.33164301612354385,-0.040209083995282557,1.2047048630335411,-2.2091158379217819,-1.1102569168611316,-0.29573128102277185,0.59494592539940194,-0.6971545018660118,-0.020421157109438412,-0.75404897027589279,-0.14846285261468722,-0.033277833159663955,0.99850134495467469,0.50690788282457322,1.3455400337509851,0.94434795880190281,0.19593251557084918,1.8891697534722829,0.020795076055474083,0
0.38229074550372116,-0.040525867068364384,0.33503978300209075,1.2422742378473544,-1.5800206545054758,-0.78507673859022531,0.64670916139186629,0.73971737085284883,0.86594787090774672,0.49362046347270316,-1.8992604740332222,-0.22691349825300589,-0.03282155957824557,0.54682998483340906,-0.85040849046373412,-0.0472609457024116,-0.59016794894604374,-1.7825096873942314,-0.62011646913311147,-0.98131073810910352,0.79810516278278731,0.27347123089689912,-0.17931023948377489,-0.11315039894923289,-2.4007613189331467,0.01611920252277416,0.19626855412773317,0.54379511233402278,1.0979852527883351,0.56156703876856928,0.095373627670607697,0
-1.0377751594997169,-0.81473550743096368,0.50695499088631868,0.81200372004711596,-0.9147744227506972,-1.5954804564104814,1.6651552656292681,0.22483864111001253,0.47277931596938855,0.46502030788601068,-0.95002605288509745,-1.2513367572484577,1.121750996553827,0.59379927315571024,-0.27893159571216142,0.32578512923867509,-0.45425705803759087,1.1055864691407629,0.44224707253619711,-0.68287892380338078,0.94084203864458005,0.48793224730382934,0.5973001448025399,-1.9359574418849201,0.66388524881541666,-0.69342558622501582,-0.052511526280230467,-1.6498500368366957,0.66471857358603159,-1.7036827936312255,0.0096082591738463619,1
0.70561909669585698,0.026482501615644572,0.31131089391112815,-0.60222305959364619,0.058735189887896895,-0.58551655605375696,1.047361231702908,-0.75009134518617404,1.1646469197916918,-0.32184039058934594,0.1589091355249404,0.32383022996706712,2.8953913419122923,-2.1973715979316966,0.090247199209822493,1.4021649835818959,-0.61844663838599612,-1.7717408415745617,-0.67194251245808545,-0.64513484069884297,0.45641276913924061,0.51167553442193281,-0.4555656724686033,-1.9850252279011102,1.2539743797823482,-0.95481172327925357,-0.28724155161597592,-0.0059342282475407602,0.36018443630366681,0.77123855106906636,0.024901415439356773,1
1.5099953929015235,1.0997729370929057,0.99951704121895069,1.1693740380481144,0.17959676258572141,-0.11577888209451696,-0.8228833742875421,1.2819268044744958,0.26369478040580047,-1.0868381872813835,0.18378431612526125,-0.62906869639065033,0.16460829504389632,-0.50167506825993269,-0.50316648279683573,0.76516189658581579,1.4019955195866733,0.55092551337983786,1.1840991800076841,0.88138816726810021,1.1344528822506998,-1.032122723626159,-0.24701341324204873,0.75024691930856413,-1.5690649125102256,-0.8756698841143653,0.21419346643083415,1.4424265583451827,-0.13997419940939659,-0.67977459892579084,1.1581157574900895,1
1.1889393507988861,-1.7310651858966104,1.6940874865753941,0.59404778042327211,1.0201174911858337,-1.110351217521331,-0.43920171594657997,0.029297230829089548,-0.22250723414368478,-0.59830948393059746,0.050371078563397918,-0.12922892634867744,0.85795467586645779,-1.6983863577655727,-0.38489568723771045,-0.59669557295901643,0.28905976192036209,-1.0868948013839841,0.077244938310101069,-0.21485600521696593,-0.4865620057080719,-1.2299895771919926,0.51764586881843877,-0.79376700093360397,0.83594598680969556,0.97311422364150357,0.2232160758482836,-0.36019237102024571,-2.7768208813426947,1.1693286667088958,0.83833520383412075,1
-0.28098196952290833,-0.58400666372398791,-0.16490463220458709,0.4897614741031216,0.042985632050377642,-0.34411739074670017,0.93359930216762077,-0.3407879196190054,0.45476845114092379,0.74091503448377449,0.43245783562211376,-0.026395650154103337,-0.71260375954735655,0.60060220960799626,1.5932782590587067,-0.62930330958280489,-1.4961090070856102,-1.667573212081183,0.10731098202898004,0.20548174505307937,-1.4618361948965051,0.06070136940665391,-0.070334777675380697,0.63419935398583183,-0.85575581557930713,0.061063161781263899,-0.16343367411572973,0.015722806849578542,-0.38368767958042599,0.43892960262251096,0.80195303132921236,1
-0.20740330957465286,-0.65992029424432797,0.8523460234621193,-0.64144395326980719,1.0464220373212103,2.098982673261522,-0.7724241956745278,2.0602792071184437,-0.93101962945072581,1.0758703783901371,-0.57293666856616388,-2.3440192560356321,-0.65443071365118355,0.17371449140452708,0.061821140511396595,-0.5354167321020783,-1.3265924000286688,-0.067779971458609561,0.97132762391938088,-0.93230995610284084,-0.65678871682917583,-2.2323928167367333,-0.50152380243215111,-0.51903897063424209,0.69344115625456526,-0.90082969398480106,0.99326678807802726,-1.2898592887957205,-0.74789329338042632,1.7663612244247964,2.3392331236507644,1
-1.8537518689880861,0.97284478386354767,0.098891800900619692,0.00377600215112576,1.0206963720459967,0.18236264061697999,-0.67822998074515073,-0.28387832491755266,-1.3621324512718211,-0.26296866092884974,0.61452145938892755,-0.34003253589591992,-1.451696629920278,2.0754114100727015,0.10408397442001763,1.0493381394271299,0.86162318328963938,-0.062272799971022828,-0.94732807031977351,-0.87755255490922124,-0.67208150195121441,-0.64105374934525094,-0.43892433080768095,0.33155799541162811,2.0154551812059927,-0.76733785031832225,-0.43425313318529063,-0.26680276483394499,-1.9630199188311046,0.28736158018472474,11.248085318793869,1
-0.46782187959006549,0.34338006354423362,-0.87621856425473776,-0.88443073799453054,0.87116618552163838,-0.18824713942358412,0.14861476493771208,-1.0513629234486928,1.268183641773192,0.46875181679533129,-1.0153805004341527,-1.5296256558616663,0.32031320080116688,-0.86975494184109059,1.4521325827850777,0.36189333722732769,-0.48897386056840397,0.37195201409699846,-0.044296326845110583,0.46093327351144814,-1.0707194517892782,-0.81743993649407209,0.98825256270610407,0.014596435313360662,-0.11427079046936293,1.0972376585196251,1.3880896153120248,0.98884566517468586,-0.9970291101788521,-1.360699865785705,0.77838038543612165,1
2.0392335751774295,-2.6713913136695147,-0.25760448691527421,0.4158397118167082,-0.78048525473407027,-0.73888623075079429,0.78836330219271322,0.89508643903739493,1.0688857758338375,-0.43170464690668703,1.5409546732296338,0.11623097499714123,0.36933452768199732,-0.67823956256877937,1.5297489937861335,-1.6651981427771274,1.3220748972860261,-0.22038823921030584,-1.0147304148770724,-0.16981665710285537,-0.73040823555554124,0.63328418440778556,-0.3333085721581498,0.34567963303728771,-1.9368439222864786,-0.0029749182806173922,-0.84674745924154515,0.34058341442810897,-0.041937358323799863,-0.070180323280777446,0.014363628184383312,1
1.0834506332558371,-0.12898778381506357,-1.1856094843934621,-0.60715603856433498,-0.33722914214457461,-0.97499871820988815,-0.94899000747602602,-1.0581157829815304,-0.63200951533359295,0.80744666476983062,0.23394061818045803,0.6479740255172175,0.99521705467212052,-2.5905794138500404,-0.10333327646000265,1.0586219939476171,0.041571890124336319,0.24111923519058301,-1.842207414832898,-0.62273578573078314,-0.67433626691649629,-0.49986975939950234,-0.99849564334709562,-0.76590325323357844,0.8477079386490538,1.585158260791935,-1.0281385253127997,1.3187341425555521,0.20701467578779628,0.6324848558134023,1.0011461204157688,1
0.35206395668227286,0.20187758203293044,-0.075315825364419012,1.6252736804363241,-0.23536063933266843,1.5581567521089597,-1.3844717664546216,-0.1355389268190742,-0.061192117436055349,-0.17973859710535536,-0.32422050858181656,0.84248903672753672,-0.87166895348803652,-0.052795246101399379,-0.39438762698197966,-0.26848030899297082,1.4423652851411439,1.2649995739734259,0.56697847462846096,0.76121132389448765,2.9152983296850343,-0.1429032410707495,-0.62961238681138698,-1.4509013578998646,-3.0443477265408654,0.04155145751079356,-0.82827856521295351,0.77245097511644045,0.97452329118370151,1.549850671085206,1.1118246813463057,0
0.97243985106173936,-0.38517088813482375,0.65767109449460037,0.91199843023157268,1.4235486501125816,-0.86078324002262829,-0.018516166413304815,2.0340308050018927,0.11972217999431074,0.092557718109724962,-0.94987257047165885,0.23287889555826008,-1.2287187865539153,-1.058092537879187,1.2327870470381501,1.0722171201903563,-0.67837494684021349,0.20245721356081395,-1.7910009547949186,-2.7170027910617964,-0.21859195146947888,0.94254315816902545,3.3160036741614478,0.089191997358871927,-2.2033017936213519,0.035914711700588742,0.65454858767667812,-0.35875444664380313,-0.82046832352181742,0.20685336848856248,0.34787345944587256,0
-1.5610890675278095,3.1277683413043378,0.40619445742786459,1.4192127098347815,0.31054014846071204,-0.72602286854192633,1.8010886133972668,-1.2959245302672964,2.1205590100524896,0.46013743888291464,0.92889754476535824,1.0857831278838508,-0.68088610549494888,0.7016653933145921,0.2468956698496729,0.7552224893457905,-0.52633115310006262,0.056247267907092099,-2.2810525933871362,-1.5277565038025596,0.57730849452687483,1.822162830543552,-0.043644500408620127,0.26881097054297509,-0.36810828715233995,-1.5194529266758523,-0.5794631983917321,-0.31487275293700379,-0.45162738670937136,-1.3184926435536575,0.65402080970273613,0
1.0131131967429345,-0.88117763934858861,0.89440587240668901,1.1016796247279768,-0.16490096479933058,-1.0562179659049136,-0.73593677348903475,-2.0600213028405312,-1.1962890355899751,0.81842893686825791,0.23002993294900131,-0.31015167777321134,-1.5914547128502923,0.76458182031501454,0.48110212410644226,-1.0416715081202417,-1.5889442404294949,-0.59051941419164289,-1.1057861020881181,0.34222880330212191,2.1056127466529988,0.87274872899557898,0.51565255182295755,-0.602130737349439,-0.74332156993914533,-0.27381088463978243,1.1454238135699872,1.8991538855828576,-0.1106150155297155,1.6040835200384773,2.4408898943738078,0
-0.36133026614947372,-1.3216758231869323,-0.43427841883140633,0.031356974464746522,-1.6170559709416743,1.8907754997178352,1.0165749079804061,-0.89901253825671323,-0.39976251492031362,1.1201657054872456,0.098938104230653925,-0.81152499307441439,0.74051705742150131,-0.51218184843254189,-0.57910051288635411,-0.80176411063031772,-0.69869402429299565,0.052660770124576463,-0.89438669941124427,0.036490952234605641,0.75903470560396347,-0.87869681243838182,1.0334158249630712,0.7690054447232908,-0.95181528740532495,0.9219682110296612,0.42771865076808602,-0.31924133101276436,-0.48818801955654034,1.0796998107915468,0.28527597472791383,0
-2.466742250169963,0.55839419730634088,-0.17915710664508236,-0.35275295998979062,1.3012767599212611,0.38831167089221019,1.1614411471768682,-0.81706523360723349,-0.22938638034913844,0.07131149691462127,0.18561373989002716,1.723820923307664,-2.5775473965240621,-0.10084350986815882,-0.46971030042067868,0.22750409438500366,-0.85137534221751132,1.718459272447169,-1.1703528986053462,0.27646949485393446,2.1469439483177761,0.63443484009987816,0.68574439416408017,-0.07077398721687761,-0.30093837962244485,0.50180541170301696,-0.14642255948179342,-0.208692343640767,0.3591279618239559,-0.935593826315953,1.8457610294925257,1
-0.45790765987522875,2.5360703379769309,-0.69572322831662792,-0.23151639010363934,-0.85339252418093292,-1.1130659340527871,1.381182109525475,1.4286060862659713,-0.05566254986328778,0.5036178660989501,1.8685674411655426,-0.37499931994460278,-0.49096562531621618,0.92992781894678023,-1.2519816341456964,-0.37139124313796101,-0.11615029283855968,1.0401144047088666,-0.312247220854666,-1.1452921618601646,1.4339166385071067,0.51815616091382166,-0.55408660305686885,-0.7287311226309745,-0.19322613744973199,0.21920559282488408,-1.1140133135767512,0.57609554478119451,0.15886396260708135,-0.33039005479580114,0.64737502243929301,1
0.10672718432585786,-0.47300791997496022,0.93717007045110334,-0.64580646421224375,-1.5932037591429398,1.4884860776370832,0.43588469692013115,2.4562109139557737,-0.035412130210769929,2.1811928449616254,0.036526423238791912,-0.92673262049546445,0.90279082743912054,0.98825556608125031,0.82281118117439245,-1.3148853387995691,-3.3381438238614156,-0.93061435803675785,-0.77998635066786892,-1.9055214474078042,0.43281078192204642,-1.394668397854558,2.5250315286118536,-1.825660907245511,0.46765389397526858,-0.74651458585930131,-0.08053423489051785,0.26672192752147944,0.0072334282219876922,-0.59049515552410825,0.9999035804465376,0
0.27366876625711523,0.16398369728006135,-0.43747409058693215,-0.54896110363241613,0.22173178313799749,-1.3662066844531546,1.8195027520214979,-1.5254195292008716,1.0045132554396439,0.39623929602948454,-0.42197246999699611,0.33604622631947295,-0.8083121173939708,-2.0923834509985566,1.0992748032811253,0.75693853241383746,-0.26034427988380204,-0.4764767849000941,0.57897779475808531,0.37620345868661992,-1.3814529826459778,0.61003765735834303,-1.0459295977400576,-0.11214361595812887,0.39160104542858876,-0.19565436946572365,-0.49545541358212408,2.098825948351005,-1.1612137834602605,1.3628689554761682,0.1590000664605227,1
-0.71088041173606553,-0.85288794802238599,0.69659356442634168,-0.97942771628514036,-1.2679597593483789,-1.9288591652086966,1.3334420920874948,-0.58509307190214632,0.62137014667443347,-0.40616362148945412,0.65508463279217,-0.0045389899199500148,-0.024031198301489275,0.096803409883407215,-1.2172595456156523,1.1854008405242551,-0.10028761263994894,-0.49855750683115946,0.18200244499056317,-0.13556522629704215,-0.14297689937350921,-0.42798229286533557,0.4542924109870134,0.070261257714030245,-0.65685550379388213,1.2924817246432161,1.9814899721572923,1.7260086266165433,0.17750891383551207,0.45298175143498565,0.05292527463496563,1
-0.56431322814288076,-1.2865485384756923,-0.29388007347450107,-1.2582487166079763,-2.5299142432014725,0.025720218724069287,0.27552289586087864,1.0321338760467711,-1.0314107744230212,0.9355982060465351,-0.30418013498052793,-0.26487652665016337,-0.13700297871920786,0.4980230597594606,-0.73112514637245463,1.0799128278320462,0.83797463454545285,-2.456546499201659,-0.48041241886309388,0.54424552829617978,-0.52677339684770474,0.88651071055754049,1.3580197281933111,-0.46625594583619989,0.47753832974650717,0.65023681829265367,-0.4932187938186422,0.37652537024454286,0.67753971290929693,-1.9742422010979523,0.80948668779814992,1
-0.11877906538050415,-1.2880022849442763,0.13717501070462851,0.78417118442640465,0.42789287063648718,0.48820772240739951,-0.06471088392116163,-1.0697505205068139,1.6650031229372422,0.38816685591701078,1.1959839399498122,-0.31687870515517935,-0.091829333756528339,-1.3215744293924239,2.1187747505277854,0.12748620170726555,1.6031234854686836,-0.99849581549180566,-1.0366796979775872,-1.5029340609374398,0.051412767325667671,0.46445668512689564,-0.45752232983383012,-0.87453214346289254,-1.0148290665738653,-0.96291569586935744,0.41271476011635494,-0.62498763072007291,-0.090196465059774508,0.64825401831055296,0.1511047254496834,1
1.6368711288919267,-0.47168354832891446,-0.84106324776572139,-0.34335345643240472,-0.60162928969857332,0.29085729044628228,0.16367946576929715,-1.3587815556079106,0.64381599567550152,-2.1340566709457596,-0.82571783554799971,-1.0272956828658488,-1.5794973144125963,0.34177609629638761,-0.39297249795370687,-0.85413454871109773,-0.33994051909243583,1.8246473556406329,0.69473827789749687,-0.91855042616398819,-2.3311775314590744,-0.55231095265098917,-0.53373099001953339,1.0356233515158728,-0.10879169087517232,0.51202200111328167,0.3213060244578626,0.15813353396537314,0.80005943030957671,-0.52719338579601116,0.55310240540860345,0
-1.0966473053024397,-1.5578914151869847,-0.66518621706145231,1.0620797121429424,0.079622098297294275,0.89867721027487146,2.1245442035598106,1.0756828478375968,0.90044680013107448,-0.26021370232513691,-0.49145321778994094,0.32980830999306432,1.4170679036333056,0.33314497077353394,1.2097445731364844,0.33749171334657707,0.24171820771757743,-1.2756936695927785,-0.28640779320898341,1.8862547150986499,-2.1010778191160902,-0.83753312832477922,-0.8115986627699141,1.13066042199734,-0.045173193784400378,0.46638307306479665,-0.53896917961952628,-0.75145784328126863,-0.58313934291096148,0.38649858708492485,0.24347780412240208,1
-0.46917593926372037,0.08790974512252385,0.016653134845921142,0.60038317978332012,1.5403216354848526,-0.6780441624722624,-1.0670566402850719,-0.90440428565788411,0.62774162963543789,1.7405811165153231,-2.0623544135468461,-0.1450454279141829,1.338723207016725,0.17725204458363478,0.40310325029149363,1.5287926894059571,-1.5591213640777901,0.60045304843042191,-1.7386366760998937,0.9281495006210132,0.46427630351287191,-0.48641020833640652,0.9689752428283589,-0.56815452667772859,-0.5339442516717624,0.25636720727090773,-0.49335351542419237,-0.13516055857994741,-0.60151877749726479,-0.31438282795028599,0.85905372555232951,1
0.53845936647156367,0.28384308270088626,0.53712037033951943,-0.22508849716754603,-0.19646388368805204,0.9515117948247398,-1.4340741414883682,0.3007485988814943,-1.1011368839694189,1.6397288942576875,0.2306435894661398,1.329840580440488,-0.19185054155756751,0.21744636303625722,-0.018692173084728762,-0.31549646508099749,-0.019263878358228789,0.9473638193639855,-0.56292242694508354,-1.1437107854336217,-1.2359005279024251,0.73051714770899479,0.12340419487656433,-0.20157705703132353,0.63080929048267975,1.037983455056001,0.27892279398307757,1.9289427566675985,-0.82999583990389525,0.95672099730207882,4.0375996345021923,1
-0.11220099863285946,-0.72729370044028929,-0.62179856021212654,0.81252657085707192,-0.61172975002647578,-0.51522323349295407,-0.023158459714726756,-1.411020722885505,-0.54098636324401628,-0.23042898474537138,-0.13165487807845166,-1.4261612534202295,-0.74212182093299095,-1.0076654838488277,-1.1761575935169757,1.1567113909726727,0.070305783589289295,-0.65965510605288802,-0.66632515137705961,0.55128101640738603,-1.0154163504088891,-1.611697236467027,-0.4819760325116495,-1.0876094616709548,2.466205789428932,-0.85465037139520883,-0.19383963414801145,0.68689212753156192,-1.5826046423960141,0.53610172230896136,1.0866333610156309,0
-0.5298371668801537,-1.4012117780627262,1.1854931746053878,0.5639568733309227,-1.6746003980508193,0.33733010782602446,-2.5953755122804982,-1.0351178360455184,-0.60457825934287934,1.5177228659278221,-1.0620764060068593,1.0889011598691241,-0.91964525456226709,0.10559902882705234,-0.17314415286781534,-2.2393129083841008,0.54768385102532524,-0.71567869058088385,-0.37684677147487861,-0.77715271396776364,-1.073183667047741,0.78532360977786042,-0.012991290939866187,-0.21257727399044535,0.064173448567755836,0.70744064432372811,-0.6515564398083159,0.089132121832315989,0.026365523958048458,-1.5566665956432073,1.6883683113448436,1
-2.6750829053947749,-2.3100086388710515,0.27515790484770791,-0.059769891128083535,0.073253611010837216,1.0616514062131421,-0.4988456559972192,-0.50023256776881841,0.9115948872136026,-0.6652647311874671,-0.87187445714178113,-0.85843822441020479,0.7197427178643615,0.50314827842851073,-0.45130486766456529,2.2445813194239133,0.16603108551711579,0.2285394146087748,0.23093903711072439,0.28810352321312627,0.52525044055358949,-0.78463975759101889,-1.0349172364722479,-1.4678250996410938,0.83770683855922612,0.95308637119313999,-0.45301070467976956,0.71887050809511721,0.31129291041098506,0.69236299831766979,8.4137929547372785,0
-0.48225367220938997,-1.8530520674450193,-1.0428850788659114,-0.4893224708385161,0.69097611751284616,0.75144423450255493,0.91340282254770022,-0.14056225664162819,2.6543610688494788,0.13037665549843624,1.3828181693151504,0.030001265972242199,1.0295129902645543,1.3239388399992229,-0.052771064292658931,-0.90107391899883893,0.24735644103935431,0.15107483479278883,0.64290295192320457,0.87104912371872467,-0.23570482870231974,0.72481358574494315,1.1268160946783397,-1.6913211971547526,-1.3652436053334849,-0.017455275799542914,1.8010156101857373,0.26259174852833939,-2.5256541917744895,-1.7610727497951109,0.36384119671919579,0
0.017538726861994675,1.0387586558968998,1.1578038054270181,-0.34934025325519286,0.91380150716111519,0.27563334666202299,-0.54012005986979683,-1.5537300976971622,1.5404115498516362,0.34709482767288075,-0.059769057429499318,0.83319554070650481,-0.095426352704953088,-0.96951595315032835,0.87937804888947235,-0.3449760490385142,1.5668776910885862,2.0886759242655173,-1.2455332707215474,1.1551627310680477,-1.0504773715599631,-1.1466991598038574,1.0777616642760783,-1.190396881362159,0.09657324907481861,1.5922865774782586,-0.0037132238334725317,-0.74031450371516339,0.50797906028784756,-0.65885602349295491,0.32822722261473208,1
0.19137083490321855,-0.71339901051135857,0.75819453036535633,-0.87516455378545155,0.11661158745701546,-0.69894631495094728,0.41225046579480984,1.6996938177006848,0.14595685464975136,-0.8712894282980802,-0.55955450689358055,0.64531342888331078,-0.12004961757193393,0.0088419407327275934,-1.9798259036300796,-0.78010309008990908,1.3385480386664808,1.1585797545638608,-0.39761309160362013,1.2529251280887796,1.9134174067534344,0.36574761923076637,-0.024793468329481053,-0.10438550892681601,1.0184547839808953,1.4089048061467719,-0.085346829556707429,-1.9176903476682061,-2.2787562131260177,-1.8734614295778012,0.17818345276699615,1
-0.41405968502184376,0.62461354932057822,-1.4642299143408786,-1.2611020481961781,-0.74002944921578717,0.19727133876911357,-1.1406417581856467,-0.47115380268881457,0.70335626511886506,-0.47867627294082205,1.1447552008076682,0.51486588075783002,0.3497261200361535,1.8050961004506667,0.73638635039354394,0.44786334230493646,-0.28832168166067507,0.41010605131478961,0.15098525228323381,1.838104790662821,-0.81060297266574777,-0.15089213258248985,-1.1417688820408867,-1.2784346226066663,0.39931000787220527,1.568236791199086,-1.915675839890139,-0.63726372399646392,0.80799217391315648,0.56815780926694504,1.5228561904224467,1
-0.19513513537524324,-2.5273242959920954,-0.78507303551473229,0.93926807707791893,-1.3779132354816597,-0.34529687279899285,-0.069138374118002374,-0.11249729906998043,1.8209792053825864,0.32076975483695114,0.92392010746983733,0.41951885589369786,-0.48398599100053868,0.27856218285070605,0.67203400875200081,-0.39012002632458886,-0.049757950443947131,-0.86765819997707649,0.4591340119984802,0.65850805550869906,0.16690792942460472,1.2688544054107673,-0.20774606917034213,0.43050488100797579,1.2775642753379262,0.77783838133036054,1.8419422214844434,-0.79555988511859976,1.3206819011523707,0.82569220026155432,0.22006660406831058,1
0.77775235643387652,-1.6655666584276883,0.4424995584853143,-1.2048221101085355,-0.15353258668144654,-0.71479838581306754,-0.78002956944790469,-0.81123716321510631,0.7816902964514415,-0.62650275526454879,1.4349237741833007,0.18863964328735189,0.4657882390928752,-0.90063156963720836,-0.56623558196061752,1.3134021425191162,0.63422173440474894,0.35550233511382667,1.0317659405484678,0.074872722306895415,-2.5786827713799867,0.75047006521695658,-0.82845389960618809,-0.76448967119985134,0.55136304463412356,-2.2461167475656878,2.0780221611218539,-1.2334203962149133,-0.62130750613195662,1.7742903870172952,1.2749090049838514,1
-2.4352039533101371,-0.43359533586487475,0.95216315527388418,0.87865786956775527,-0.7347266734163046,2.2972696601327591,-0.11935908818807972,-0.33424261283564433,-0.31266861851984129,1.4095649903346357,-0.84475450769505922,-0.82485249585143117,-1.1295996123937868,0.86911926070859147,-1.5366381925887296,1.4979840459217799,2.6245974107462144,-1.1842428467081856,-0.84739300817827956,0.20671588875140753,0.087408406477306244,-0.52148626917437102,-1.3051498266901294,-0.4916947700439625,1.087909299678909,-1.060010316445567,1.315587727405382,-0.80332120641494831,1.5319126180597227,-0.019087620747530062,17.098708164217506,0
-0.36796302425525607,-1.7843789651638333,1.6386082456447146,0.26834826671960982,0.92431322050778408,-0.016012754724627525,0.47866558448869223,-0.12353847338964143,2.0334962967014185,-0.81640780538237523,-0.17526936144588301,-1.7477110219550811,0.15885990900093322,0.87189077038048968,1.2135753843765644,-0.84291670916026107,2.9583733807731476,-1.89282026690587,0.35675757687174398,-0.38494738132289957,-0.41199553603808492,-0.43167347359090752,0.19416010290925614,0.25184261015481696,1.0939633688173438,0.178733660905113,-0.47263979004723589,0.3145437214979932,0.72232015158506058,-1.9533762208778167,0.63292260706657144,0
0.69098558344419159,-1.1312372586369031,-0.38714643558199074,0.26317596337503374,0.79086461654729412,-0.30750822744691159,0.60947672478209214,0.55989684382333238,0.25503549183423868,1.2046335199489806,1.1739495621098328,1.3484935747177194,0.8368900626302529,-1.5870626371790255,-0.83850262609145454,-0.72829863387832294,0.54277715905067014,-0.51029418541814775,0.62425856370150856,-0.35714569664089363,0.217480428395492,0.27172852748371812,-0.50230808964895135,-0.65694212019898701,1.3978692115320794,-0.17855932104924899,-1.06176461517086,1.5674319632854168,0.60007045314310414,-0.85292948769055843,0.074646279603937146,1
-0.38535030734397735,-0.050813626976584959,-0.35053099626315315,0.91119217937499331,0.98754476072385644,0.40812472812860107,1.495732175949285,-2.1621484992674764,-1.3341952995936066,-1.2478552535860716,-0.75098675928318459,-0.38900214822439222,1.2844214395625233,1.7711680038498094,1.0158028638451324,0.13257122655761272,-0.1248931301007585,0.65169968838235115,-0.11072565770017637,-0.69817486958779196,0.64663506600030629,-2.4445859828142784,0.21331650346054992,-1.3012036368790518,1.1522343056022324,0.82132727279743911,-1.5929587119281441,0.4213771039510536,1.2508081908091837,0.39415360126283522,6.2142867372295942,0
0.37689755397485825,-0.17429293313361968,-1.2397327685826507,0.9515200727236196,1.247043015592864,-1.4050537376849861,-0.93629281451198443,-0.21604313630506969,-0.58994946988921904,1.6959484039754606,0.26924938074044813,0.99545956278549963,0.52625805787598345,-0.4505071916223431,0.41099380672498281,0.58210443703256798,-0.88672233533642508,2.379127563354333,1.1499034934841708,-0.99476090507559101,-1.3259963549993601,0.43561586298408189,2.2662830370440452,-1.3533484664079196,-0.43607736065445396,-0.55876526841112295,1.2414529531594172,-1.3377785537874158,-0.51766211302040599,-0.39166684365739751,0.82076599547143569,0
-1.1633775644335356,-0.31541809172547197,-0.76866423928154382,-1.0672734206528793,-1.1740959104961368,0.2194172996789692,-0.92051716093553504,0.1705661356936303,2.2053748631890824,0.85300930910881456,0.48720857887012342,0.44668719843536536,-0.4833925943739707,-0.37226094215566741,-0.31681069014995539,-0.36465005059963418,-1.0439629754459734,-1.2514105563838351,0.80283387337324119,0.93472402815417588,-0.054824930312904481,-1.0627750290640645,-0.2600000230824836,0.041991394158512968,0.073114037327425843,-0.82806432842000033,1.7955586321134356,-0.33718916572171265,-0.039195004759836005,1.330147009854163,1.6417378402214495,1
0.69802915179869318,-0.095657910157504619,0.91837636243626053,-0.13040086652972557,2.1935985666426805,0.90329327064468257,-0.90641247948723402,0.052638427621552727,0.23413412377629958,-0.14641955644962037,0.31287539979963291,-0.39366073778377902,-0.87178390293961061,-0.93477863958162222,1.5854785546403189,1.1118717530026392,-0.57967060639021395,-2.3905762190202164,0.12461685124186897,-0.44435668401472456,0.83717070681936867,0.55007930393329874,0.56521373410827846,-0.2427391929053849,-1.7630601780474702,-0.5809443630720208,0.11740909693123859,-1.1528917664634057,-1.0926883822794338,0.2278208934853273,1.1432133139083911,1
0.67935607321429003,0.17904120707086629,-0.28867735358611246,1.1045878795286741,-2.0301283709081157,-0.6057128753824832,1.8613725553387639,-0.29991887781059384,-0.16757432141547973,-0.012346636635332343,0.22483105528675545,1.6812538129323851,0.33065045064771542,-1.1722210832289524,0.84368236243594175,-1.6691171184587243,-1.3152216080526609,-1.3458857892802174,-1.0507956599623467,0.2732219039676464,0.28013507102426494,1.6092777190656966,-0.17288042008988841,-1.1012067970852426,-0.019545171360769793,-0.14944829116152497,-0.28222727491544314,0.2564239016214247,0.088463741704841836,1.499264714263105,0.30325890470504863,1
0.35168086723727127,0.063071818198102564,-0.042877425756556821,-0.83817484332302472,0.36814985384527127,0.041604535327257094,-0.78209839771034273,0.53612979375267356,-0.88744057156254819,-0.42096573037459478,1.5602033910269051,0.79694565231616565,-1.6722677328613595,-1.7325724666099702,-0.040151036425194644,-0.087541100119925885,1.0117473087417388,0.63607773813161084,-0.71083155939137654,0.72873326027252772,2.0967319821334565,0.67686597432732809,-0.07987401259649396,3.1132364722187589,-0.26080231576261664,0.90260145396575531,-1.8171355107368168,1.5634668349784875,-1.2392893244627037,0.29544774517368239,3.2232443231882595,0
1.3157472946098976,1.3995996357643794,1.0666102165322435,1.229943607720805,-1.0755635533471191,-0.7911532834087891,0.60284204985802181,-0.72136590697051084,-0.14742655356092443,1.2426594591884741,0.5169339742945287,-0.027826839919838628,-0.14595485287886892,-1.7546688290872634,-1.2221599774817846,-2.5667571351770833,-0.75818681660240406,-0.95878148504434713,-0.63171687530599463,-0.93552559348312081,0.012597892435425728,1.1082674951459439,1.4004330824557374,0.99773322929894925,-0.041267486748885855,0.028347979354795334,0.87954014750971987,1.6155698809031265,0.89827861008061571,0.12153193314144686,0.11457464329067954,1
1.6904430218530595,-0.67140499279488541,-1.2888135739152058,0.49723280373185513,-0.53777398225381734,-0.047514828920549715,1.9887759116636106,-0.7324004054624641,0.06385804552210507,-1.7887837563843305,0.98735448454097974,-0.39816994316502213,2.5605659571425941,0.92824859009647354,0.48807181801913713,-0.16769414521688442,0.49679158412311625,2.3121832194068408,-0.22594024491816314,-0.68825786475695827,1.7625651713780863,0.75657580965683535,-0.43747629665119958,-1.0338113686966433,0.31039160831129092,1.1422586113916771,0.25791408739453803,-0.42181538873156804,-0.43922708670057531,1.1633717555594738,0.037150887285694045,1
-0.2461317707189466,-1.0557100956613821,-1.5695400510499382,0.94876041150270618,1.3301491468379774,0.30187232129405067,0.85944014043671957,-0.22926269878765632,0.20117641757186014,0.60840410579796245,-0.90916053543656361,-0.18579027738394144,1.1485779668907656,-0.21703845436903391,0.38189750284187413,0.39460974451209008,0.82927739228353725,-0.37796498975577136,0.29839222672621246,2.142943302494845,0.58001280004866429,-1.5581853364883886,-0.018154935072321316,-0.058787095345867457,0.25423467595684329,2.0703098572712553,-0.4395663104177957,-0.27979951499655586,-0.013535844825097615,0.63848686503589014,0.89732890827403489,1
-0.55780403232073472,-0.99957870310139274,0.76663939577721141,1.766905110395308,-0.87713724898860623,0.54450461876771972,0.14708781228834036,-0.03392937679221561,0.93242396362450142,-0.43406383502738149,0.9913305486128744,-0.2351508282661347,-1.3150860759025158,-0.42433554295923642,-0.74565049072564915,-0.016770141578567831,-1.5977689830595527,0.27184589007506088,-0.52718307519902796,0.15832547870264446,-1.4475515709665656,0.92737894802247267,0.40499210314859146,0.62342817138167261,-0.15620853117408243,-0.24948960255158167,2.077475199265681,0.4411358590481117,1.5635017351178355,-0.098833486839649695,0.48304921659821221,0
-0.0091072657802690679,-0.010275227476975469,-0.5970807621325871,-0.40706867242319283,-0.28370064300954562,-0.48429369243068981,-0.029602044843777407,0.48009801222404125,-1.2265397071217767,0.97043337438188826,-0.074353389943345685,1.5365039535178937,0.92071633901320127,-0.85604518828772025,-0.32801654237469302,0.087935203635375381,-0.088588181455423701,-0.209802220229824,0.35568735004713753,0.091464272169950844,-1.5071348612708937,0.22919035181400374,0.53628858741936747,0.11370828474363365,-0.52338918511262811,-1.3932627740434196,-0.40994898482635639,0.61137686859008267,-0.84640602760758576,0.38834776545830152,2.4409230025319362,1
-0.57756956725733444,-1.729843305964166,1.4213544273940224,-0.36017407864250045,0.12306978152486019,-1.474371479062411,0.091426522774063892,2.4709933268313624,-0.79349233049040813,-0.23699353437092519,-0.93130977852219321,-0.35065899856168375,-0.42340151637570222,0.88538196337335751,0.67831013025010489,1.9551394285775499,-1.2704187245380936,-0.80314157917069307,0.43320836801797791,0.26543661464925516,0.57152299666818607,0.88177826741369625,-2.5172011786592843,0.78961386036605086,-1.0363382710447275,1.7456941278698237,0.18206470449642856,0.44261023284281686,1.3601957770104252,2.1069139636965075,0.52630418680461932,0
-1.0716340584176218,0.37046633319661498,1.5195375059988512,-1.1712718853204136,-1.2991785819242365,-0.45595858342130047,0.78509497286269336,-0.20680276558330757,1.7474517731233099,1.0377332790148346,1.3339288899277619,-1.242427602391696,-0.21597490084122076,0.47719187321156681,1.2637563925619693,-0.38311500649054908,0.23198341421382743,1.6040145842825435,0.35413613568176078,-0.76023971036732374,0.53338107529537504,-0.76926411140464179,0.78197979029243359,-1.24471138320483,-0.0046961466862573548,-0.42592496291459087,0.4209863526112359,-0.41875673664198776,0.88781672280231216,-1.8493577410825859,0.26154629997118911,1
-0.6653077564414791,-0.67970420251166352,1.2394272735874046,-0.38293535663311362,-0.18732542303584934,0.2417106745285274,-0.69596516069432623,1.0654686421186015,-0.82058348620920296,1.4568195110759623,-2.0420137315666054,0.028732957042350609,-0.6970534188772286,1.9745502905570544,-0.73804404315239447,2.0565805648114166,0.52327907984266175,-0.53296430363747704,-0.76838969925051004,1.0295343881438257,-0.20430010100078047,0.28424202168108176,-0.30916145501350623,-0.59264883209291552,1.1112340988651661,0.31802714906001284,-1.6167824792313714,1.6681766412614982,-0.14853319403498971,0.42697776349373651,0.51251467571679699,1
0.036851742686292752,-0.46701455580746593,0.43164255410681973,-1.4876222920844828,-1.2502814820125725,-0.71999089944755001,-0.91000075774867073,-1.0911264676680275,-0.78890273373020525,2.1463184239766835,-0.49533124944299939,0.44834331508547642,-0.86154121829111752,0.91660324265623738,0.079459308795977332,-0.33181673592966016,0.59800873281495504,1.862737392362336,-0.92948511587821403,0.65545866500309313,1.2067967644739364,1.4078496231087692,1.8553584351123986,0.37204709052476137,-2.0237751198243403,-0.91973885575721581,-0.40015350360698471,-1.598736179898903,-0.87453353561833236,1.0520523281754361,2.3186037214264514,1
-0.86064665508036153,-0.28740893797546013,0.4431421195437214,2.0181486015026038,0.85402983229137652,0.32770823629551626,-0.40815684665026347,-1.1800832603447797,0.072240486885368133,0.34548648722206943,0.52824900435025091,1.4058351879958009,-1.0615845993384463,-0.0054120412050471791,-0.15677008062713357,-1.1804927204719613,-0.38277853043489635,0.875544795046167,-0.99422677254159253,0.9564062526061694,-1.4701964503378322,0.37645725479173614,-1.2830165653734169,2.1195480411519578,-0.026591292311490822,1.1463192286225741,-1.5948512008540656,-1.7165953832524188,-1.066849542989005,0.73191344363884092,1.8296667017730157,0
-1.3039414305629022,1.3037989791783751,-0.27326240627035103,-0.11130496718530528,-0.059928502830751615,0.27860493177616086,0.07262746245704528,-0.12390741593118988,0.22344005154707675,0.76659657638571876,-1.4133665922002805,-0.40994486341899555,0.081651723060225057,-0.11161519260523332,-0.26280712055067335,0.066211764953233262,-1.339277430756687,0.46484585694407254,-0.079883138578930118,0.7297494012085306,0.047268337348041034,1.3524978812282005,-0.8193906024961487,-0.83536077222592953,-1.3493768238760115,2.0272645490622212,-0.83591940917784557,1.4648215499402317,-0.78170070726878171,-1.4686628072962655,1.3641272315390114,1
0.54825909016670815,-0.69360416638709466,-1.7744734841948457,1.6537632574706913,-1.5207272531338862,0.08906389859807945,0.77378176551102318,-0.57258829197295558,-0.72618094763579522,0.11098409963998414,0.90052109422593085,-0.68864605662682543,-1.9744745542930549,-0.87721704923240174,-2.2777701580329617,0.014248877234583974,-1.2849080391674819,0.21128726665508116,1.4433161212242009,0.044331442802598195,-1.7370804403644791,0.13910483124571446,-1.8886784134572017,2.5425345310020879,0.55149417368423181,1.1275924357596236,-0.30083394812232411,-0.12484231648605958,0.19837378898949637,-0.81770930042065981,0.42763253535164586,0
1.2306630715146716,-1.0470025478372287,-1.9214581986820045,0.61273228639422284,-0.11505653614251565,0.81477743604266306,0.55667076077303879,-1.0786658017062754,-0.565085106517491,0.23847852025667798,-0.64983319539776752,-0.75434799402233399,0.42993294690641448,0.78473966435867237,0.15344832200392297,-0.27341985576570732,-0.59660209268914266,-0.28764613850626658,-0.90263508719507801,1.2883754987746951,0.027587796745925961,-0.61751537858605532,1.2975504126884296,0.12009477853864373,-1.5958057534318519,0.91136468040336205,0.73327884700369128,1.3176763059654681,-0.478182617250274,0.14787900624680028,0.35670861241244245,1
0.48431692101061041,-0.33287148941190414,-0.046034320898245495,0.21394946005962817,0.77649369081140929,-1.1438765275533678,0.19623106082189659,0.92120975840752628,-1.1922235045091147,-2.1335769780392755,0.74991478937786116,-1.1552855975156182,-0.9767677289266623,1.5087123458033542,-0.14557077912977184,0.4428402539495217,-0.14419094836282018,0.1284524786216393,1.5464942553062029,3.0689743797799758,0.033229541711722488,-0.60750061875419559,-1.6156325610430231,-0.14531256991847627,0.85775745291115446,-2.2140559863839662,0.1136580444420922,-0.78775161974294206,0.92140742773162576,0.87784571230967579,0.026364154716732775,1
-0.32794252912565935,-0.66947209957964693,1.2562228477802357,1.4657125759000185,-0.018007503764936997,0.38397580224892847,0.73866228285320978,-3.052055583484476,0.60937600217354626,-0.062849425956958166,-0.80564342049448157,0.87453974801624457,0.64217618400073073,-0.45900845337685686,1.8940883464769949,-2.3817244650360703,-1.6471410303004557,-0.1968825639443188,-0.017920024749834645,0.051339954004477363,-0.45781878270847204,0.035417999645637889,1.0778061276452731,0.061928861113315525,0.90552413916925723,1.0423819037211166,-0.75369818247897391,-0.43339217596837176,-1.307203624666788,1.7123950620640949,0.12162964614619459,0
-1.5060781909516636,0.23521459922012036,0.47214946116779216,1.0474593830536623,1.1838337048129672,0.46297914438472193,-1.182151512842319,-0.47944307889076959,-0.17361660337551357,-0.67407577788775652,0.13321071098126058,-0.26738699290902224,0.26700329922749083,1.9624052498303968,-1.6478856421040824,0.42609803042603889,1.1622771317002991,0.71423712387882876,0.20033480953125984,0.10007446243299982,-0.73787227154285628,1.6904344050723448,-2.882935548719697,1.2750135919364032,0.028738668073741942,1.4332902837445829,-0.021395234776047756,-0.36298405454020771,1.5646763277042857,-0.47319017003343289,5.1107303306320686,1
-0.24912671029591668,0.74487103938765586,0.82481420708341735,-1.1045359942517625,-0.0093547490147144162,-2.0010331887172486,-0.45860199054506467,-3.232515142803797,-0.58571722319783148,1.0428517919604117,0.061818687139277843,0.019531691870974394,-0.28430097838575724,-1.253717369752263,-1.263335972263242,-1.8966966196089243,-0.60975145159970767,0.95902510597583446,1.4761123931171274,-0.83110214819553296,1.1584151635995026,1.3213596325071741,0.7880908635682542,0.28175121057113328,-0.37026880601520634,-0.48343942448979565,0.21715830207155604,1.4972744879356641,0.5266846908106797,0.11841915460269162,9.7241532314735757,1
1.2482881143168887,-0.98565562420801978,0.056682937217487912,1.8659466088278724,-0.4465411548616432,-0.91627654300678096,2.3672517667845083,-0.32857235408362928,-1.5894300266479036,-0.34890947665619154,-1.3128830896683892,-0.82980537750564698,1.0314746802417698,-1.1955465267098473,-0.0079605764498775784,-0.0045875674615526952,0.19562569444839009,-0.8612173662156678,0.33032321626030492,-0.22692048040934046,-0.67484542538622361,1.3077819738957259,1.5906614160731902,1.1462562564973495,0.093841790513835135,0.22088778846544435,0.38240783386768706,2.3005110984364125,0.68653265052279111,-0.20913321169093199,0.15408590887578855,1
-0.1273933601476869,0.77003919734792647,1.1951092223658852,0.51218100838545499,-0.87594943285051741,-0.35143723874700034,-0.98812821036444998,0.75379374413181099,0.39609811248768245,0.37583313072537594,-1.3294477809819429,-1.0076943506201688,1.3302821018636564,0.43166458046354739,1.1661863980318738,0.83145873434339301,-0.66660196954092144,-1.4112148067634838,-0.95179129468775359,-0.047506565521347188,-1.6019673644380308,-0.039467595711302983,-0.036196629861175507,-1.0936584408704066,-2.2229551260558318,1.0746518228554454,0.38595730959437713,0.58698691862593033,0.092296989776265326,1.1111356926990397,0.81279714902659872,1
0.85118576426154768,0.74566142593058604,1.0215073101619483,1.8271045507345871,1.4105838232842818,1.1782260585306452,0.33752241859604909,0.094297782659326146,0.76869397453327259,0.54041278107351109,-0.15331596904180045,0.7183323337639349,1.0151403369386485,-0.72625279619497018,-1.1152846600889912,0.10486439093697847,-0.94240670259241688,-0.55585114075244491,-0.00058438661622696268,0.83269408328915906,0.16378158763392628,0.076019603456951843,1.0335497962526055,0.96835395983368611,1.069997371466852,0.28256576790466448,-1.5649488323568772,-0.66221852672922221,1.0418103025644865,-0.57072793422277779,1.0394272732956638,1
0.64993894624377591,0.50248366087146257,-0.56149083985213799,0.086779302700523114,0.51736895833336038,0.34979064147698186,1.977623957649195,-0.23253705433170863,1.144432837992307,-2.2849718549803004,1.6640006655938344,0.36160363953402402,1.0276060133225002,0.056699273350032248,1.5609111455455034,0.79831637303144465,-0.32307274251745571,-1.0900325056175846,-0.33005840348629112,0.52154522116982682,0.35327895725164998,-0.7284288053251291,-1.1636436859550756,-0.31380810509433082,-0.46441989830122876,0.73682427320685462,0.70904538678078644,2.1449424640176447,-0.4730708077989848,1.0398594776603076,0.22002179322719648,1
0.24350484183322119,0.64953245917751268,-0.20273062977506309,1.1151494504509118,-2.3699797522937271,2.9333247376368261,-0.64347229948973805,-1.0471719991653139,1.03813819304253,0.80507781231128728,0.38457661825970635,-0.24732187850522375,1.0213742373063652,0.47275060969236971,-1.0433999037731303,-0.30728126527843808,0.27016892334864678,-0.19217347313123473,1.200021156818224,0.050543782238506529,-0.81251748415288227,2.123710256758867,-0.78797634614934697,0.022844186037713845,-0.59194403788921623,1.5132288714299362,-0.8417221629622218,-0.73655033351181465,1.4867551353752855,1.8209647649497147,0.36734279538018771,1
-1.5505490547612581,-0.70328128160586678,-0.7180757434932632,-0.96617593889565712,0.43266171752259136,0.47697744400192549,0.30932567098883795,-0.4181503912543108,0.54981397370754925,-1.791474454127177,0.30444583144820664,0.13941728126326311,0.93152697679151442,0.20935071057003368,1.1093135287075642,-1.1709621718720842,-0.53608303244259214,0.50517551587781984,-1.3240011478959235,-0.2397751926114427,-0.19631292099622663,0.37442793560574217,0.63873353405162381,-2.3358498441077704,0.31745181762588265,-0.79169152030028689,0.20634346605639473,-0.2508658456068239,0.16164399453455552,0.36028068513575001,0.38471574663946029,1
-0.7784388400520782,-0.19962937599973818,0.45205880487720856,0.21982079060593668,0.45970765273173553,-1.0599261273364771,-1.598461430005957,-1.489077751417913,-0.61357886301121212,1.8126971436077886,0.1872655433437172,-1.5001510733033374,-2.1959581775218706,-0.065430096037629712,-0.28203003105106073,0.91083086400861213,-0.67908459329809734,1.1223829355388961,-0.37353449065651484,-0.47926908551885705,0.10131614750400755,0.30169874383795853,0.52214716166883235,-0.62739738589905336,-0.9958244323028077,-0.24853700521053018,0.34617495056026809,-0.36463939889049429,-1.510581038063233,0.27139387950214139,0.44139976188861912,1
1.4766487172047136,0.18212618120836072,-2.0333754754259057,0.5126091645591333,-0.28947324173053346,-0.38168896362125881,0.83108205739379226,0.075465173275675757,-1.5244849335202588,0.72137530059269572,0.52556424074624752,-2.0170234308973702,0.68688682852693883,-0.89579352894222375,-0.56705289438749096,0.70403788885790952,-0.70182015683662924,0.32498624864004905,-0.50374836592435346,0.78095560628143335,0.56656177233396143,-0.7207905159976008,0.27870496380868753,-0.71156781420370963,-0.8129676169982385,-1.2927467610022052,0.17003392625056782,1.0834126084214513,1.2747789400952652,-1.1294833977384608,0.61932383041693961,1
-0.46591135000387413,-0.32194094124125394,0.017005972380309247,-0.21500461648143368,-0.71335133535109796,0.40885418171174726,1.8472329219967201,-1.3640854666936739,-0.30548206655553251,-1.8103303851581323,1.188277709201409,0.50427465334204358,-1.4313680473440298,0.42177661298553937,-0.7453623938051831,0.99282956092013452,0.5362542454920517,-0.58441635873063613,-0.39013333090445379,-0.4144769202300983,2.0622086288868955,0.39144100262048742,-0.58832366304536643,-0.21578321718264121,-0.82249079318107521,-0.19040841887430635,-1.3052880737254089,0.26236118952228837,0.45384825461899092,0.92982458769267728,3.8335869466700152,1
-1.1732487251774042,0.78820951346802459,0.50837002745531679,1.4969884037560373,-1.9934480257420937,-0.26806963399298256,-1.0522102192891694,-1.7813003647092445,0.44247281637992603,-0.26498901510615808,-0.73150614349363152,-0.57603813138742022,-0.74815707731171599,0.91711512042240684,-1.7034824346770678,-1.1760724222738177,0.092745441557400971,2.7064398899380837,0.080959770029577272,-0.90163305078973888,1.0955269614092995,1.722824084801017,-0.71263461461173561,-1.3618374102006137,-1.2036387178785688,-0.99830264921139888,2.022746162985011,-1.4225047681826455,-0.6167775887786987,0.013606390273389439,0.61637956868834243,0
-0.88023378581059286,0.080311280804068241,-0.27217583370894405,-0.39481378373474035,0.025579608898709898,0.30248881348537848,0.47080716796735173,-0.19937283039138695,-0.38412112331484943,-0.095863838484377392,0.31336611675155501,-1.4632019841356381,0.76998187308527433,2.2557020535144225,-0.35109440401398773,0.79284452419475404,-0.12300731108868462,1.9551980047932507,0.15629049576452478,0.44515782797246833,0.26144291344967913,0.75194696274484707,0.12146209195546936,0.078242097168077493,0.48515712465023336,-0.65214455812272509,-0.24059183323174405,0.57069671783950904,2.4676733754575788,1.6689863723431038,0.047149870964267898,1
-0.38502706069883175,-1.2802083535488762,1.0238418358746948,0.29120686263594059,-1.0451920820738736,0.25282180460545778,-2.120190584646533,-0.37854931075312437,0.28545109189991263,-1.9113321131588077,0.37484173881224997,0.31854186011566449,0.060503851581648775,-0.23909291619731127,-0.012142060112772106,-0.8691389042737897,-1.45153630516784,-0.16911618631663886,0.44371177536198075,-0.4770657368402792,0.52805416027420693,-0.81446044430921694,0.4352657200956227,-0.86034682051467493,0.74729229789580376,1.2249977033419679,0.11466808966014089,-0.29389752135271613,-1.6015324158117745,-1.7897491625533919,3.5223087947436689,1
0.87373698642921194,1.1188575316538387,0.13533521108265611,-1.0147726424993351,-0.20871434558065305,-1.2715416147681198,-0.73366322964660935,1.2756286672513535,-0.49231407966785928,-0.50827687753543482,0.59292436505412782,0.13402697051198426,-1.9007162648630918,0.41291630730947571,-0.78811784862562884,1.0611963642158921,0.73527438927112965,2.8062891205233802,0.54968682094138455,-0.083939974954785126,-0.56885028591657749,0.62017304041522037,0.13374105027165223,-0.48592700548502138,0.72153377971263299,0.3017883279346032,-0.8962501792928822,-0.49729108733793909,1.0172434381986559,0.22275376406991654,0.0071503223932345879,0
0.46369094981574366,0.73393477562309051,-0.25167819392317031,0.60260940165667254,0.6821284105980151,-0.10805807967891584,-0.91300774648709349,-1.6255464572178449,-0.070560744425707964,0.62444320830489086,0.13784459858442488,-0.30552479354525547,-0.53836413050044363,-1.2479157291949678,0.29901252304090298,-1.2116320610171167,-1.2818112907633741,0.96983472497696477,-1.4633366225336917,0.25378673302721172,-1.016342798017513,-0.17403744741638838,-0.91737327438055505,-2.6925762285549011,0.79876880594005828,1.2650876476339132,1.1673091643121229,1.6019327251003908,0.26442082517991844,-0.34618283241272568,0.61194670883314417,1
-0.49211684248785964,-1.0233132763927322,0.55481462999066267,0.96321664226955295,-0.36719966595630299,-0.61228087057029856,-1.0849734606503831,1.7293004133400904,0.3715618249419958,-0.83210835845090458,-1.5557641210826123,1.0391475669505088,-0.28009399738039586,0.19339496083148139,0.4632364053435184,-0.912228562119486,0.7505221418982122,-1.4617480438191619,-0.65394307418248054,-0.57655391156437064,0.86539815437885004,-0.96032418291419419,-0.0041183078933535603,-0.16206640460059851,1.7126120944920289,-0.62255278907170319,-0.71140434640371264,1.456476762831092,1.2522905497756947,0.60614203958450108,1.690987812720151,0
1.6996885636819692,-0.052559753923546379,-0.65625750032849151,1.6280368170750232,-0.34036676837719304,0.87813589310066209,-0.04330744740095193,-1.201227172117203,-0.5100410935674019,-0.63453426353590214,0.45626271159673609,0.065812692872416895,-1.479991528017353,0.21531955745540529,-0.18656592862128954,0.035062397011522341,-1.8754182801382457,-1.665273803670531,2.8032068917660444,-0.45448216092083976,0.069414379426516279,-0.40364120425517824,1.7125164851802892,-0.48816079079058428,2.1969411366059228,1.2088181793294284,0.6453742150464109,-1.0384148632171055,1.1362310517380756,-0.10023644920458863,0.23194600220661851,1
2.1429860758653905,-0.8632878224796473,-0.56365842365455077,0.63317924574582951,1.3868063457672473,0.96274382873346964,-0.27537014320317271,0.045732556278668408,1.091950257680347,-0.99344633360422185,-0.51623150698636588,-0.40512045510061984,-0.40956462016035178,0.61396752700016588,0.82729000076200176,2.3680073105984016,1.1838033962949501,-0.53554451319309204,-1.2572684929145916,-0.29078312862442751,-2.3594206075589579,-0.4264540026291479,-1.0634301131816577,0.80373342419527227,-1.6854887582025162,1.1705839484007965,1.0710922971557433,0.56524818461145487,0.79822002147344062,0.02917699377760128,0.47612370434604162,1
0.82308050165247182,1.804381853790793,-0.3182819317780648,-0.37047102222121497,-1.8176586001503399,0.21751204501969995,-0.36288787480679313,-0.22209880433284809,-1.1680676893776978,-2.7167565980228519,0.57104213860642461,0.78219951444928426,-1.1638256231548643,0.35052691120022467,-1.239585772058895,1.5141509463832077,0.18532475341998722,-0.66251034294892497,-0.8205482151779333,0.4051693484648789,1.0028833206307064,0.89009704033267434,1.1222250109457932,-0.50250562281225186,0.96181724076711639,-0.30834911468333726,0.9774004730951632,-0.27909919581887543,1.142349268371456,0.64968572557541204,0.39676119663899462,0
-1.9311498474062363,0.97218324778418941,-1.7790992741693354,-0.53783086299893779,-0.28447222831646296,1.6605113572377426,-0.73472429885360402,-0.69999550579511416,0.017211052366673397,-0.57616224397619886,-0.79788736535350357,-0.18495227627889696,0.4424471818764682,0.73843800495918677,-1.1595381768605011,-0.56400186179742462,-0.18210650050311861,1.6555870309601131,0.18445709984317443,1.7691853267462574,-0.33124318067567426,-0.76800071681590276,0.20986125311191081,-0.31568587695104505,1.1495985286892805,1.1068619006761375,0.14793945903970498,0.98351384545379206,-1.9785222274062868,-1.2942328468610802,0.56090966405465226,1
-0.19106160265324543,0.23256429412185248,0.38875218483480017,1.8991317003207349,-0.91384345294288227,-1.3143424954535401,1.1463094964941098,-0.55185383558364476,1.0359049530029272,0.61948432495454475,-0.16097100552075155,-1.1762853238405633,0.61125955184608505,0.29046209274040968,1.6124871512741275,-0.9838332706789279,-0.0077705974703754736,-0.04139041477992432,-0.31965262827414315,-0.39745478587353411,-1.386371118213614,0.61791052679311342,0.41074361068574522,0.95230667597158036,0.73391588665608409,0.7584160956620819,1.0649421416794469,0.84600981173799916,-0.3667424447710535,-0.17739461656398159,0.0085209976013315147,1
0.13924200789490068,-0.49464259663999127,1.3804127113643387,1.0008055279127783,0.06057996085647302,-0.65981447860297626,-0.3064345219596698,0.031690537332811249,0.75749200115488335,0.17278680179941791,-0.34560731441334014,-0.2485506032049932,-0.94173152773502888,0.11548394297071256,0.75599391990784581,-2.285639527976675,0.35673452080081391,0.19691774217068125,-0.09012932929339916,-0.27214551810990933,0.89983976713237146,-0.1530932625521679,-1.2555616925635149,-0.80737303411220773,-0.56336956275620576,-3.1455795684538468,0.4276896816747055,-1.510996810981017,0.32716502227475064,1.1375896177993898,0.17215827639549017,1
-0.89412582460888079,2.0854227473323328,0.76562478811404033,-0.50569450503510316,-0.39386462752017826,0.39069640381113913,0.22219627088700986,-1.2620020637466955,0.7458654412487441,-0.056173961770012305,-0.20981360386109127,0.23558487316792398,-0.40488097100241549,0.070948423223922211,-0.33106622477466802,0.42708142050092951,0.73722925341524359,0.21988379500099103,-1.2918728059458573,2.0473600525736728,0.60738798475432598,0.43858639860589382,-0.35586813905362902,0.7566066976727317,1.003973193344031,-0.47602832111596616,-0.71854673284638704,-0.7846817408752671,-0.16724233391626173,-0.58876102244244877,3.4827435606582258,0
-2.0934202796790569,-1.7192693521034237,0.043464905884153811,-0.59183654143253195,-1.6025656180744727,0.41898482085923361,1.9391299249378688,0.37869980978875034,1.4819564916814636,-0.89890674471154997,0.18911485020460686,-1.3597430467963867,-1.0150169539482405,-0.41679141321368418,-0.44632938162908053,-0.45031290614874836,0.13648711344472672,3.3219752887717728,-0.41887577119232788,-1.0368900350804655,0.63701043495183274,0.3635428211131656,0.11700987245078209,0.85665893857775788,-1.1580210511972775,-0.047193597871268936,-0.065443303876403555,0.018303952480917242,-1.1618886761106393,-1.4956213065287698,0.099560649193571674,1
-0.55510339485009719,1.018223290200025,-0.68354231141876409,-0.72885341060539255,0.015603669756789219,-0.45436294855954118,-1.4415587650808321,-0.35622027300215175,0.84492444143269474,0.27600656330608936,-0.28691630462906914,-1.061699720416249,-0.63889324071757347,-0.5400540570981518,-0.79933046649543149,-0.26343799853620242,-0.28555894343751326,-0.33513005262850215,0.013804938789745452,0.28029346963969143,-1.1797330046056855,-2.0423145103501925,1.265276476279348,-0.44954128560959095,-0.320401037050138,-1.6818870189702,0.80642715579528168,2.2603887566505105,-0.9501694835868314,1.2686865020960814,0.70206110137383759,1
-0.79374821447594479,2.112637433575058,-0.14787255588894097,-0.68820657207342717,-1.5493925756726117,-0.7806858859464102,0.08682247639463489,-0.215340013587111,0.70542244136897203,-0.74028026727431617,0.33535437155608455,-0.70915001474199868,1.8784080587473826,1.4603231941136636,-2.0007952742534703,1.5099958464144705,0.23667359330744409,0.13468029935710887,0.17850566181559119,0.59478422609068782,1.0086959919634499,-0.092352690506256316,0.94080019887531896,0.1962536866879572,-2.7324086989371392,-0.31356823859783051,0.53982612808016583,0.20120425958670449,0.40701916401184096,-0.99308205082523682,0.47003254345649131,1
1.1710712935968346,-0.033354597076009962,-2.2292471769590305,-0.38729547621787519,-1.1987114101588963,0.15249770104656454,-1.1921733619569297,-0.058994353647389502,0.17699012877857118,-0.16376137594634863,0.21836521685224786,-0.15700689560384903,-0.60873141329314828,-0.71630935140746721,1.3535879303775937,0.33963042793087977,0.49371778273537892,-0.41324246868471859,-0.18904512914524657,0.77995431743797361,-1.6203505338408095,-0.37870952226664778,-0.37648244164000971,-0.82738875658175326,1.2369408897248466,-0.8737441344615362,0.17542341019456589,1.3678538362164148,-1.832161303222724,0.719074000908556,0.71653800000615686,1
-1.6004222233794094,-1.0410479946967266,0.70474224975176436,-0.080621190798799716,-0.067884420405420767,-1.4112971372928862,0.45326988150955883,-0.41687672493335204,-0.32186036567951098,0.011752572814420003,-0.18376110364384637,-1.8970381226941602,0.39978681613126771,-0.57435669617021512,-1.8036113174116004,-0.36019006185518004,-0.98573927641487646,-1.8020688034821366,-0.033123272209291323,0.27679009551971184,0.39663415731555363,-1.9442241883786819,-0.7258976779309263,-1.352800972121146,-1.2408274583748093,-0.37693857584944834,0.99706516433404158,-0.28783522656865135,-0.57615691101687561,-1.7655675901849719,0.59539259828835578,1
-1.0294732760630305,-0.73260787988637743,0.12364454695616942,-0.34886935273893965,0.48583554249180411,-0.63491475059987146,0.95301873707669393,2.5293584368942472,0.73096977055162426,0.32817916470763558,0.96871067375203046,-1.7238746307783532,-1.4988974918544478,-0.38373643007822777,-2.0648437975481837,0.69745908437544191,-1.2345232214417576,1.1562967879473125,0.66535635696943451,0.84725684061753026,1.6237405754128782,-1.7964967244430006,1.4596751635217804,1.3699856792481975,0.075288745118959804,-0.69121461517353044,0.58335280368408593,0.74322034328255893,0.13350398538883704,-0.08782314577845178,0.29202533508221779,0
1.3253636770637218,1.0275586627133,0.37323977520132434,1.1975251758651462,0.47546398763403303,-0.15593575356685022,0.64518215317532612,-0.16636484231478518,1.4137600598610824,0.14661127244650582,0.12803012792781143,0.010529077585721528,0.37406414184958325,0.81070076902383048,0.18918862961278823,0.47500997093233288,-0.015465295656183183,0.97998116091519072,-0.6475812945761773,-0.62108262701594119,-0.31345888259424376,1.0304942942731705,-1.179982002894735,1.402016966067452,-1.6504929223424321,-0.2884822373851112,-0.44545570064733236,-0.023796863197945193,-0.84505051751733473,0.15422167795379857,0.16620229085234703,0
-1.1807892825240212,-0.92110359370616757,-0.9491665786565936,0.9583342261927803,-0.87732137255263687,-1.0040195048241665,1.5897179945741997,0.86917949383991988,0.38780044977513467,-1.8794659198106516,0.44430519201234103,1.2975548231548839,-0.74042151446571514,0.31807832209976,0.53023006532761319,0.89847212794702569,0.84475795555271349,1.252170533309142,-1.0104559899017411,-2.4085068341089566,1.1302939880044183,0.22785643976324063,-1.1087748295043611,-0.13519721645035557,-0.33221036984872182,-0.29637634116522343,-0.085106718713555282,-0.67490098287749734,0.95111923131174581,1.2713271072295884,0.94508517190455621,1
-0.20023599078025889,0.09863799438359247,0.95330432725321368,0.24174211028307785,0.74217391907077246,-0.97388491113844711,0.238498516869905,-0.59733876098068539,-1.0480209831345471,1.0622276243296154,-1.6601104623534773,2.4982259000163141,-0.83489379506334105,-0.3045962026803446,-0.90937117111544874,2.5605438111791141,-0.31863266683007263,0.049550199051780139,0.54579695510613147,0.60531364474612182,0.70292434644540058,0.35948883257850606,0.56536301344936835,0.19108948076538898,0.5975360844826576,0.08341417531357917,-1.5422290495430089,-0.1392254372624773,1.0857852927846749,0.65127509676847939,0.58793165392789648,1
-0.67205525710856839,-0.84640006801829981,0.68621507020438732,0.88880845290292754,1.1170451522426084,-0.30175544582642599,-1.3262590466839896,0.36496693011998499,-1.1926285703511714,0.25601979791133628,-0.57668565187106358,0.24664292633546628,1.2220219254299163,-0.41815856485855302,-2.192963053311205,1.0461053316506896,0.8614905306905204,0.8170620462019883,-0.21435255919288265,2.6384577619600891,-0.0064718571329916976,-0.83088005557489186,0.079816297256295188,0.020100482150706291,-2.0170201731545112,0.55607911116366304,-0.50994079060783248,0.19620010258848031,0.20266026624965491,-0.90873658354975761,2.6555906579523603,0
0.75088049169986659,-0.60725065453378335,0.35185409465317158,-0.50219667082510766,0.47718425961221878,-0.97124490255458495,-0.19626057709322017,-0.51538920169627833,0.52637010830799202,-0.16780274769184414,1.2797747897126757,1.0346002336116111,-0.52779622314004704,1.0794092468491703,-0.84014696249316834,-1.2648767252777851,-0.6156845066641764,-0.22787487232410036,0.58930499867912323,-0.17348427423800303,-0.20112576949561883,1.5527580970895845,-0.39945482102976831,-0.82710003862126824,0.55179765946673254,-0.90091962997599595,1.5526677680536405,1.3119020097430072,-1.2573962856657852,-0.1742247544324376,0.2489664642763677,0
0.2903037354515749,1.0084808222194657,0.47024063262342958,-0.78466711204635453,-1.130116474029538,-0.67025337573715738,-0.6293866189878089,-0.50100087174775298,-1.3301455258628334,0.68266653012785306,0.57683720618567114,1.5053207970579794,0.50633904875031865,0.18133946826177522,-0.079618058622436705,-0.80264197265579307,1.0772080814075913,-1.2150513206463052,0.39805898545503204,0.2810180408893922,0.45688711430260814,-0.16953526938057764,0.7210788675583194,0.15761178301122966,-0.37087873956865142,0.68242011726958418,0.28992025691296375,0.93673181243105619,0.55866034075191862,-0.41009382287950735,0.28701929663505477,1
-1.1313742523250814,-1.6675541776722558,-0.16640446873481035,0.62482810016202717,-2.1379956728303404,0.1818603004763252,1.0306110612197263,-0.39888950750206487,-0.91521157119058794,0.53822244771340588,-1.9952775939781797,-1.9043432937027729,-0.16958355463412217,1.8146203680305166,0.0079656645034864859,-0.54164331833090695,-0.3123734252408028,-0.90213390073927269,-2.3907351749324257,-0.4561337510394321,-0.4098626283102822,1.2636236560981446,-1.0318781160297745,-1.328111777183252,0.11842585378426768,0.90948799475445075,1.0822798203612516,-0.62970213856661883,-0.51426903447070282,0.38195239788475166,0.26529602089474774,1
-0.67523667080217653,-0.58206322134144883,1.3194197358433966,-0.0087735146331149039,0.11391414406775745,-1.2353289108715135,0.20701572200598084,0.93304440470000249,2.8436897985086995,0.90500638711940251,0.24024045994896645,1.1104853354157449,0.70746766175167763,-0.68362572811465672,0.39717879185614241,-0.21974512446837338,-1.805173829351526,-0.8148492432293829,0.45525699342749298,0.10197297504828828,0.49717891264451886,0.29976027507686515,-0.21870908700669159,0.12449929536013082,-0.52750932534502282,0.12319476955521978,1.2624026884314936,-1.0877963234115624,-0.17413961235539541,1.1322886175186635,0.063856422001392632,0
0.25846906805859843,0.48731133863062659,-2.381174092670562,-1.0252227983106292,-0.44596128958530956,2.1040311338548596,-1.6390064023502651,0.45542015106894895,-1.2555021663697949,-0.72875684207275793,1.1149860574272081,-1.9461459446797509,0.62491260327265397,0.59556791829074407,1.1811149226098934,-1.4796895583407692,2.0585703162554534,-0.53570892388432867,-1.1554747808398551,-0.90346688622682836,0.600751855454707,-0.14174891764808123,-0.50004027752514912,-0.15253086683862413,0.047748538935489818,1.9702358333499661,0.92849339371538053,0.40916355954662015,1.1003625332152971,0.32564368157088636,11.600888459691252,0
0.3228295473573492,0.92583393849905971,0.29788052366892714,-1.1820011892038669,0.47620614044069243,1.0493136714945512,-1.2018653838899596,0.73074827551568311,-0.60672202493473737,-0.7301810231205389,-2.7231080425880521,-0.36393265193397417,1.4265882554384077,0.76791349547553078,-0.75568869918074111,-1.9217589475514216,0.2535489263953794,0.15667336249628147,0.97096960286690814,-1.3890914586786107,-1.5588409500357947,0.0083041903050318135,1.453342103736486,1.0268776013732799,-2.5636917776291823,-0.67274039609884362,0.27941102379567628,0.33722541202896394,0.23035780160714156,1.1427755640291146,1.4066048748252651,1
-1.1119595560221121,-0.039359438356038799,-0.9997105923796763,0.58067774379949233,2.1729033685680488,0.99512276107055675,1.9230274000459411,-0.5395942831917937,-0.61768659910475932,-2.2727468324928815,-1.7848311745353231,0.52117993367969473,0.95125799971040825,0.81654640460188999,-0.98922073238165242,0.79758031056598933,0.86399571890685001,0.39438061453750517,0.25345342380391983,1.4166661970815881,-0.027677581564599773,0.40519700264129699,-0.014400931865662049,1.955235729515818,-0.54281443240029015,0.40174024258587909,-1.0271974938428476,-0.46766771322759654,1.9809057594991277,0.37521855958979017,6.9772334201496093,1
-0.18587368403875873,1.1450277763722976,-0.8809635781435734,0.93196977810085968,0.19019427594071173,-0.044416971404660548,-0.98183881110618565,0.64581653582696119,0.37221092979256443,0.25307111019394141,2.5498625661379974,1.3341033806657112,1.699037708620418,0.86814625735663642,0.13099028455779696,0.47528383244728317,1.0848053378955607,-0.30936941357679548,-0.6148610705127312,1.1907167081402392,2.0813969845036095,0.33319753625423271,-1.0442581040415548,-0.80416766444786691,1.6220294214277173,1.230303542811614,-0.68630929198440516,-0.52982144678817433,-1.1454612511927575,-0.5964212359718557,0.33787242579611532,0
0.016828921520019541,-1.1960945496591269,1.0148277354871023,-0.64311811349550285,1.2168620002294144,-0.85190852091603075,-1.1416192024052008,-0.84158504342975493,-1.5783029464632323,1.3833992547039415,-0.58362513349858836,-0.45509564192785729,-1.4559333740602716,-0.81548138610673515,-0.71271475611755386,0.7237908057203879,0.76163717521296359,0.78326374791336562,-0.26484555287465172,-0.96710651004269921,1.8936641519734185,1.0510548779163555,-0.57711202705782871,-0.60261989358220913,1.1841328064102354,-0.15747018391760537,-0.79367658454908485,2.2843746381397927,-0.88804594458601738,0.22098714313227494,3.4554943530443709,0
1.0245235319920796,0.1489971469052124,0.47306399230290969,-0.7875940618931313,0.63730830934577676,-1.0435364235772067,0.43908763848671639,-0.49626667576455313,-0.070868410276946792,0.8863587912341484,-2.0762153519970163,-0.34514013202587407,-1.240627398301444,-1.0771907611345604,0.56443636367688055,1.9556600571129585,-0.7004725569153164,1.1753585424292186,-0.62341447987876353,0.49456766246398132,-0.091470857771485989,0.037728139094634204,1.3927655865094011,-0.33197829637347798,1.0457691915992935,1.4161398737335607,-0.30595133387854007,0.33109244147581618,0.045038051254157656,-0.42188698608258052,0.1407147191200257,1
-0.66780347601614254,1.913781548940271,-0.016343643634175536,-1.1995339904807809,1.2077744383301174,0.27791270625990239,0.64808289337359715,-0.091668763683288079,-5.885635383593365e-05,-0.4245025203966854,-1.0969426109834954,-0.44769207766173896,1.4056552035489707,0.63508982292899274,1.0254675023884687,-2.4488506701027037,1.0260108238118864,-0.36941673085861965,0.16739207889083663,-0.86767967866911899,0.81308317165568667,0.80442625748963681,0.19423872605754644,0.40121191948162482,2.0832588971419428,-0.83044957124921004,2.0236591379833349,0.30594898625250999,-0.50852960686757798,-0.18264008091781297,9.4934336078304415,0
-1.0585568749731304,0.70642614649697077,0.31231303857733483,1.213614766923661,-0.86816723253459482,-2.1709753368141396,-1.0440275308227356,0.32908310886950498,1.3288259002737151,-0.90458880547515585,-1.239487939712772,-2.62384278354588,0.12123682412150391,-0.51972413294902242,1.1947954242371142,0.21469287384439575,0.196280400421949,-0.009137971815439733,-1.6993208168425269,0.92914062465098468,-0.25240437227806112,-1.220198069578438,-0.34472857417710401,0.79506226998385887,-0.70237044115002711,1.2393874984733944,0.30149431551479589,-0.060075831563438632,0.42805800440900027,-1.6557951278231346,1.0296075285674282,1
-0.18275604555809827,0.05487450636862843,0.59490313124272898,-0.048069071333906518,-0.0022029182039010275,-0.43713564334168198,-1.1591417871740761,0.089685916700423349,-1.9212863524202255,0.25253222600056346,-0.39006308185556171,-0.45857941261397711,0.47329929967580459,-1.0054735941093871,-1.1521941979738264,-0.77080415087534204,-0.93113943932807475,0.92534822224567714,-1.0739140619221352,1.903306071687066,1.357644904926987,0.76457272803250775,0.30445879577975166,0.4804443774892061,-0.23548464400048319,1.218192528599479,-0.31754260129529155,0.046398914167269212,0.0750567362954183,0.29361897325413772,17.499941404742334,1
0.24980663135323339,-0.5231183060894441,0.86907098514103931,1.0691166711430633,0.09878983848608891,-0.82258660492548574,1.2474375001191502,-0.81809420761694585,-0.24497275036265195,-2.4625204750584779,-0.32364044529262415,1.5590057882652415,-0.92651496826337287,-0.70724241847456537,0.94035001342770541,-1.0131749427166092,0.46870221559606284,1.1717251209714539,-0.24524167593919849,0.44376859347670217,-0.38283485440000103,1.0148796383718506,-1.9911783910393408,0.23046774545363036,0.41952265455237842,-0.25581089200674478,-1.0938494647866877,-1.6538133518346614,-1.228869343160125,-0.37542619959958196,0.11545124764213822,1
-1.3729795297606644,-1.1019605627359235,1.0063394205225631,-0.83131856029939211,0.68994945894288495,0.83671653996370032,-0.123270857184825,-1.7745655097586199,-1.9958334734177696,-1.0028345464968309,-0.79323415693796306,0.75876863630593216,0.76369979134204313,-0.64200513452671037,-0.15243179239295851,1.5964037057296836,0.022712018842062396,-1.201993802338766,0.039770056572030914,-0.13034103985350476,0.6388891838690689,1.4266489506402131,1.4436602792548421,-0.24414531599078662,0.45860153265043446,0.18657025665354102,-0.92500940344674099,-1.7767974387533685,-1.5652007967348933,1.7449465950041854,4.4371231921987864,1
0.77666214852588111,-0.37148742245576222,0.64655196754039002,-1.1416134963407418,0.01308471822300116,0.30872509762374112,-0.89895005492436431,0.13309473524820689,0.75012938020762521,0.80929959565194176,0.03430255699326111,2.6815177651878885,1.2944952238491969,-1.0744302537551977,0.011467796926560388,2.6006854145628129,-0.41468250709927301,2.2266486150016536,0.30363709931595478,-1.0505992215208102,0.13134790572686161,-0.60076913564306278,-0.34819543671459929,0.18343383808479138,0.97263267224926431,-0.70189864828526094,-0.76286401792113356,1.6845678147512881,-1.2104837534843795,-0.33556206187587317,2.3345167458837413,0
0.050026311518816535,0.55275421884840426,-1.1131256211461982,1.7620585439968885,-0.074186369253400136,-1.3877717796667191,0.55915391265145864,-0.79474092808350016,0.98380127958523955,-0.24761790842762099,-0.39714516117370741,-0.044845641794286024,-0.22529502959656378,-0.028881811181084873,-0.85554713454520803,0.67530440879382903,-1.4385289277596955,-0.81110663012214923,-2.2109982649028268,0.092949730078405055,0.25481969453901165,0.50180766778309838,0.41202751752102601,1.4844558129198402,0.47554143804757504,-1.225677973713962,0.54169085232659719,1.0843002906916941,-1.2295371149106931,-0.6633991661176627,0.0054933363428390199,1
0.052030303370960686,1.5466595712498241,1.6679452611706795,-1.0584092374404637,-0.03825478907735487,1.0256275126844796,-0.71016943217052897,-0.76079720448270605,-1.5614545398553901,-0.031152234654197586,1.3386949025729997,-1.1498996641262071,2.2754355259603427,-0.61331655371844596,-0.14239283348123494,1.1765937125921806,-1.1259873235699458,-0.061571721224587907,-1.1741957160813168,1.199743639263442,-0.26087702549804243,1.1735523876537821,0.74044861768050385,-0.17211054394105169,-0.68987384510286376,1.1617707985232926,0.25464327155892236,-0.81533893515216038,0.31250611691794455,-1.2840823044526599,24.406521283612907,1
-0.71758221429965341,0.17244588044411041,1.9655697107967682,-0.19198521918140021,-0.66789118579151441,-0.71081503579288274,-1.2511155376302412,-0.50316015352970089,-0.81527331487553856,-0.35203414928045734,0.19720444572266974,0.32466053848331011,-0.46449879579612152,0.68431419210331768,-0.32178949648989791,0.47544675006785192,-0.83538974399459331,-0.77846798213860091,-0.80474533745900412,0.78355889718332972,2.1900238744884506,0.31654520436568739,0.1910579615008213,0.39635945260981814,2.166396234748472,1.3117933963718713,-1.2109600803142797,-0.77067471517842046,0.54044052562618694,0.84231126073627716,0.3063094856927146,1
0.014519198859333886,-0.48018172772178852,1.5689389294204634,0.3998555718875012,1.2696233794531391,1.0693213873377478,0.82720120654201834,-0.87725538232104683,0.56985027482566297,-0.44598068990758566,0.50271653257753957,-1.6274639308173056,-0.1050746404857833,0.97478648751651342,-0.74879294315473222,-0.81400388972533422,0.26496438762098801,0.38950609238428108,-1.1500773697454643,1.5239107431049701,0.27514588425915493,-0.27294307385636907,1.532073568933348,-1.2820062324061265,1.6435027056245124,-0.38595744855287717,1.2342301642367983,-0.32710528588814536,-0.42844080338219737,-0.29991908491031449,2.670228275338407,0
-1.1606437494615447,0.88473567150758248,-1.6919058325042136,-0.59182398928010815,0.64615593861907361,-0.68666683617233293,-0.090155612328320742,2.4278760855472648,1.3370489187443053,1.0089680684415014,-0.52495292405558269,0.9225384990794615,1.0969605488914898,1.6857901778604309,-1.0372030096126703,-0.063166134094173015,-0.92184468797583419,-0.92774116660457495,0.04159738135258273,-0.26408198862327609,-0.66360361860300399,-0.22613611433865688,-0.33701054717735318,0.30986488935336387,-0.43744823662863302,0.081199265913478258,-0.91537372914069137,0.28600362784254812,-0.13894878896656795,0.56768492687645167,0.14876480013494314,1
-0.29397578883991876,-1.0977279330358518,-0.67565740054484869,-0.37016730104571705,0.027790848429672256,-0.1873129812685172,-0.20163031221899497,-1.0315222219480193,-0.59630065780026087,2.3144510915685701,1.1799845719487168,1.5569711804776334,-0.9862180031434169,-0.91137569114051997,-1.5415522950389706,0.04644285219730513,0.25652074954483861,-1.5493127021414261,0.5512124674802148,1.0030246054547476,-1.9052477608552882,0.38472332535194764,-0.092457862183565984,-0.18027177510469475,0.81819225934769635,-0.98833747212077272,-0.97420435855600396,0.45544090289333816,-0.60118648067328917,0.71661123097038448,2.5579429749950067,1
1.0688299822694189,1.1161966277245985,-0.73817340726731129,-0.46929333110212584,2.0307561307986806,0.13962347872427042,-1.2403763955238281,1.2891667236427562,1.0795631191251081,-0.8111801944276642,-0.19083091655543646,-0.12601870836279519,-0.35729850270161218,1.4649988562776755,-0.083992800602020648,0.062826451283233803,0.78218928457765591,1.0836049536821992,-2.4795339417489521,0.32182350671328458,1.4221968885226961,-1.6601182971049504,-1.0987335986638929,0.044194347963800507,-0.40965004848526815,-1.1147777078605838,-0.17772720533855021,0.15756881978037637,1.927366475312521,0.78396949022292983,1.1243800379401678,1
-1.1551787000371145,0.28701977193773365,0.53263233421882428,0.41951593142895616,0.49116611001116667,0.011508680714111357,-0.53588506955793369,-1.8942106402888379,0.95897092499058367,-0.65899618247245817,-0.70701294305557771,-0.66876645210019769,0.47284575608271678,0.60648398146369853,1.5905414556497397,0.18983440673199475,-0.84781261244124684,0.61853072570445544,-2.4303603573271473,-1.773707326386436,-1.1065340648092703,-1.0165777844901935,-0.28242322577200418,0.075364328438045511,-0.84829131285604853,-2.0465301141031671,-1.3765535059655465,0.24244469350508388,-0.82489249207867787,1.0023505476614114,4.5523095891372938,0
-0.72450416000871221,-0.71006400657731916,-0.083775531639843137,-0.17862457244167196,0.60742043556161429,0.085922385978626267,-0.17249864806302051,-0.56026491227513375,-1.0385109935011061,-2.5496763853985041,-0.98338239210348877,-0.41227040865963366,-0.43242060860914477,-0.49996534490314765,0.14895786039522199,0.1302827180754759,-0.17027407751590873,-0.66284514877490741,0.99662563409768901,1.10000850294579,1.3469465726158252,-0.41099634960515996,0.77312392776183247,-0.83416318155622426,0.96865061464744673,-0.069143567961556712,1.6485729966952991,0.60408606005607712,-0.26019839875429324,0.77163075024877681,2.5837520578053543,0
0.68816323271669966,3.0723161415988858,1.2901384123455257,1.0622781913433175,0.80852164407038329,-0.40341347377325321,-0.54768762960163786,2.0567090681070943,-0.074374327987517613,0.58564166033589393,0.21110950201825657,0.30721020102717017,-0.080728368859683736,-1.3009940800648114,-0.46460169329575618,-0.57590967054472275,0.17501484409056056,-0.90746841079400442,0.47069658459806185,1.3217671583015596,-1.7052459736987691,-0.048802549290614984,-1.1165921349315462,0.3873260466102118,0.62481763095021547,0.27034086810909258,1.8789591490173401,-1.3885336904121286,-0.95648034041781049,0.59425977046718681,0.74006734355586001,1
-0.30182656813807429,-0.1294130870040017,-0.79641504051200418,0.92665240861227793,1.5796508315628257,-0.17811597912386429,-0.19634026593170703,0.075710257142153611,0.6960420026501164,-0.86687323688455065,0.82432054475807803,-0.037086649606040197,-0.6100649455013486,-0.46151283248476965,0.60277711494487474,-1.3576454970964966,1.45138027070478,-1.6124361558421654,1.0052149045253458,2.3301252440928457,-0.61224460070010811,0.7627006360407067,0.40898097120978461,1.3087747457822749,-0.49316014623610133,-0.48493700594138439,-0.071135665162115586,-0.65603749852150728,-1.7434082142906151,1.3008939344572037,0.27881234486943524,0
-0.35425497610012846,0.78012031618520095,0.95527157167571342,0.88338929611999084,-0.83570230698999026,0.47708647559531281,-0.0011171996438554814,0.2631431204007269,-0.18617203129271209,-0.52063602689110922,0.46599162377763176,-0.033295499521511514,0.0090804489434170091,1.0449944637275352,-0.5407293378556226,-0.44470684360927443,-0.70700063673741931,1.1930408419013641,-0.80092351135279694,0.65905793501266574,0.16038775421784715,-2.1294706882263901,-1.2470354844445812,0.22791631061638709,0.20899044558374644,0.18300777805141327,0.34073519749349024,-0.066155320176365759,0.43485730499034431,-0.11326757632953749,1.930952944300854,1
0.90025212393203979,0.26166826938653781,0.8767988170043588,0.63385330645492599,-0.80952447038512876,1.8418966286353922,0.008287750441267271,2.4738347811345007,-0.40737706451159239,0.30741281886950078,0.15658084214416015,1.1710655876196232,-0.069730156523814174,0.90968230412935247,-0.094513268237434653,-1.3926118833528969,-0.66894212950924203,-2.3345979873518075,-0.82704561292124901,-1.0188585376787442,-0.24659989475873342,-0.13885243115949483,0.67420379921048612,-0.062072612696781444,0.87749819422309649,1.0818789675571352,0.52931207160934113,-1.3688444495384648,2.20001812624559,-1.4503160739546779,7.5090843728485055,1
0.027988515042037667,-1.1812204227065553,-1.6974756043683459,-1.4237418341568842,-1.4221746587795572,0.43127172181357343,1.5788167313605375,-1.7739828663764092,-1.4688900025762044,0.25475676081388904,-0.83756471324699833,1.2524771357222693,-1.3914714469938751,1.0662979336306697,-0.35003445821902307,0.65821135609592119,-2.71466052548447,0.15358752212544147,0.66407819993114381,-0.14192104297477454,-0.32306665214451047,-0.1211688178369611,-0.32198657057084723,-0.10868246001478007,-1.4136760469692109,-0.84084359945353926,-0.61005259801188316,0.092013365606481309,1.8555812030881176,-0.40135439619199814,0.39876469578618012,1
-0.43740133263567538,-0.8283620185770596,0.10189490260822888,0.46644560820139475,-0.80484780831528679,0.50462314246189488,-0.22030002304244117,0.15834682628677998,-0.58043653261568795,-0.93653338018884358,0.6632027771054968,-1.2153938777558704,-1.1906997417715373,0.34727581418632136,-0.27403184451368645,1.6065817423833195,-0.75392004469521345,-0.60573930634706763,0.22823766665379261,1.3869067716006409,0.20642143301503618,0.47285452288341079,-1.1206715688646751,0.63861215822411888,-0.12714647032945101,0.83888949072187868,-0.92927714724225252,1.5655955399930912,1.001401290610952,0.27334476914150879,0.941320816518457,1
-1.3823090721210514,-0.010193576386056367,-0.293803174735011,-0.60088102854931913,-0.51633519306721443,0.32679356320341607,0.2174737678633212,0.10501020920492624,-0.97050249133652022,1.7613314259806852,-0.4997797572568155,-0.14917205969083858,-0.086775687316708677,-1.9623791821847032,0.71571109301685931,-1.4264310957203519,-1.7902823245396613,-0.7539698976117184,-0.41247112601420544,1.142281250443332,0.46968587787999733,0.56674146051134811,-0.033072518065746279,-0.64634630121540393,0.97834681870498186,-0.45371766770627625,0.20220946318943203,-0.49344380821837414,-0.62949866777794194,-0.34456647020396669,0.60466132368812942,1
0.31829466718235983,0.16327032902169775,-0.1518220765221148,-0.92904998619714096,-0.085104627222075638,-0.7238766294014598,0.46785732769591259,0.63523841514098367,-0.94727154134717173,-1.1204237601988722,0.54904915368861085,-0.58160951331846045,-0.009549699210617003,0.512481761058458,0.41216302216641398,-0.60793278535828466,0.79020863444819167,1.5569709861186438,0.70947997577774291,-0.088904488096360215,1.6278783715752048,0.16955465043281029,-0.2276088670221782,0.76324710326741463,0.18750439113756925,-1.2208565061054362,-0.9724130995492446,0.66507261121557026,0.35846907888914559,-0.54314182408887146,1.0071449948272901,1
-0.0028891553523538839,-0.95075023968378691,-0.92318324595013879,-1.1697436072799736,-0.45875251856253974,1.5069396949811469,0.12399511460915051,-0.83560960606166768,0.53830005764940625,0.31311479102677492,0.33698971689586088,0.61507261941751112,-0.95725931607248627,1.610518811441052,-0.5172645709731214,0.48781246474375933,1.4970588311893305,-1.0112405214855136,-2.4160278690670998,-0.93073265397340421,-0.61294914728806005,0.28615369322664819,0.64116073829579356,-0.22545169445960481,-0.23068005700573327,-0.045556073212923147,0.56858711769010639,1.2068242797280815,-0.84510638782931957,2.0419397585588857,0.078262182365047728,1
-0.11569567673444264,2.1455329835693471,-0.019286486557707965,-0.62116592151129513,0.27715073241917471,-0.20147467621098394,1.2947998648756058,-0.67740407522544721,-0.72325047534431464,1.081880020525108,-1.2011486542715153,0.54191842149250968,1.4591166222728484,0.10778827254142276,-0.11944331568837284,-0.14361051970040342,0.90640451878001571,-0.39667140229894654,1.0419025470100214,-0.01464393195086945,0.53581973924077808,0.98114306477028757,-0.079906880239816153,-0.93384413054972315,0.57397682837806929,-1.4448720859019333,1.2676732933706745,1.0064522918499221,0.20627726143708489,1.7316696727443239,2.0664024089282682,1
0.13077664976912282,1.2131769113043964,-1.0880621333524891,0.48935026688133704,-0.744162948664438,0.44369065407619407,0.035954350797875137,-1.0561546862318376,0.88871024282089717,1.0702820991780935,-0.026133499846107605,0.40128729153005083,-0.23491796759218292,0.19713088769562553,-0.29169809485981968,0.81869642836816925,1.775602749066119,-0.6213241753992319,-0.186069031764866,0.99384234597319443,-0.32917102719137303,1.2493128657550989,-0.17043169583870205,-1.0096311337012045,-1.0888615051943977,-0.49108363341130279,0.95074131336318812,1.9152862114171469,0.11819319667583764,0.74875625511110844,1.0839489746094693,1
-1.0979840651952955,2.0088053530902594,-0.70889926222057342,-0.049906658451807237,-2.2540722085973925,-1.2035344527593659,0.72445640995328664,0.027103804578323114,0.90732652372477429,-0.13843984686564309,-1.029929196729686,0.38480437500788667,1.0856574444596063,0.45363132960764491,-0.73053589888924175,-0.74822387045372407,-0.60740467321689207,0.37043000071139887,-2.4673190143339081,-0.32384160087629182,-0.86462087455199643,-0.75136508040694217,0.48019745566559746,1.3255743048901067,-0.67496398986071082,-1.692761495534753,-0.19224685548428264,-0.82221754838351335,1.009374754592528,0.00091629467992051779,0.28035033626996059,1
-0.58605492338472676,-0.23323233954986031,1.2906386778449037,0.55430936600676206,-0.67014394471766592,-0.67722615323406932,0.32664063630105233,1.3532863106857658,-0.025502394220192501,-0.36510005476774637,1.1795235033831313,-0.912917444977834,-0.70722821354211607,-0.070193080231574737,-0.93256601347080403,0.92438409268935606,-0.10331826998095466,-0.95567818022375306,0.7098566286257405,0.84458683246413402,0.077213125508237945,1.4735458679217472,-0.383607831346443,0.83515289112368296,1.0845396403362788,-1.3160304916906624,-0.53134039593087601,1.1904301453545461,-1.6084479052012035,-1.3854097029340442,0.71372019502773609,0
1.7800467704001572,1.4163606703867364,-2.1691714314865704,0.13661448893055714,0.49611928031841329,-1.8357693181411394,1.8301415490964081,-3.0886413749617021,0.33253029494874153,0.21125554659477089,-0.74338664006508015,-0.6215459437005354,-0.28144615435653692,-0.01350367891033457,-0.32797497054371194,-0.48558304478409015,0.11709444685544719,-0.44239799909707844,-0.66788445114763884,0.91441566373496208,-0.06980362522049377,-0.10482475975016269,1.1125631192516532,-1.9411486908188431,-0.73906262322860306,-0.31090679588093623,-0.12928915724005102,3.1562206240686685,0.29633470351679536,-2.5203595758302151,0.050061069657827445,1
-0.84863542787601276,0.11222266659485057,0.15586536305677159,-2.1354585010567826,0.90645992120486918,-1.3132132995699577,-0.6884287370504919,0.088436210794902131,-1.1392978790059138,0.82056268820898726,1.0070858907407096,-2.372730023387446,-0.58505795366872393,0.36795067451001562,1.2127498954323948,-0.93161537411565354,1.6510412133299737,0.62944428988843737,0.14013535010277778,-0.065978256863620161,-0.14742272767233364,1.093484534314634,-0.67711913923993627,-2.042950069070145,-0.4008875023478895,1.2068952801954798,-0.071873440738518604,-1.3137384194383788,0.29663302124115554,-1.4563171828794907,0.91792387107845597,1
-0.26391978935116245,1.0377137895168613,-1.7934106938568752,1.6153921339728556,0.28182293273028108,-0.10708421307342131,-1.4938915489540832,-1.1902051691080651,0.56999806510846407,-0.065521421338708113,-1.2366692724524859,-0.53262586549820745,-2.3201443613358661,-0.23982269985493052,0.24309104828008599,-0.025532698662057093,1.1640545918778347,-1.5939783825954448,0.17587873999235953,-0.5222145524749302,1.616420168714463,0.020392344353784477,-1.1220523596939178,-0.20428396280666242,-0.073415098257948369,-0.23184634440319618,0.86100373643117278,-1.2321646418198733,0.6300865531060158,1.7116937743979601,1.5771901024105621,0
-1.0679339828542735,-1.2457506788179102,-1.8397981124491261,0.033118453359651294,1.0909516252601934,-1.2273440509279814,-0.31772503652774858,1.6815369807418858,1.3805986176564329,-1.5587425270600923,1.6825808514460203,-1.2283563264041775,-0.065376493963723276,-0.39487390636149933,-0.029120709294177271,1.1416445227849532,-0.26217263544345526,-0.14307123981381012,0.68170372187765027,-0.95907019292870288,0.088974043717481063,-0.59024813431356282,-1.3505156198975266,-1.8541940792140743,-0.58171985024540451,0.18144980530247284,-1.0696286581016889,0.76553029169925779,1.2723721987921011,0.11885403970137816,0.044237428427099094,0
-1.8504504796085761,0.38346998111476677,-0.60230341482099659,0.5107618257696106,0.025059547724999007,-0.28697013805341642,-2.1257174013506397,1.246949745519889,-1.2946306767352604,1.1214543915965738,0.61785315084445669,0.55169198191390867,-1.3654604338259257,-0.90901495977992008,0.034901748957987561,-0.29777729612794712,0.085851156399957385,-1.093525740381794,-0.45107459515742526,-0.68375696934984487,-0.39107111737102473,0.35783908080622667,0.42014705460753088,0.072806073031399049,0.58508718486361244,-0.3377026224379297,1.2823526820516893,0.40285881820539615,0.98434431556054403,0.78588702827690704,0.7301850108621718,1
-0.086646081367183922,0.44812103220689004,-0.20320575950490702,0.97243005272672345,0.43791425557516112,-0.64325621314531367,-1.3294960098910344,0.23866706766225082,-0.23603103503742251,0.38279571278394642,-0.69829098082942431,1.2038497594095778,-0.7087006167059503,0.19772410390930442,0.072361962260431553,0.98896273326495299,0.29988328489445537,0.83446135117726861,0.078412501130176282,0.40056590642924311,0.18304676317956736,-0.40646547195588956,0.15323907563396583,0.62585094692602294,0.53232174049378034,0.55452301462678077,0.4252577868751693,0.59584274415176308,-0.005087564805563387,-0.74142456810015511,4.0983655719751999,1
0.34827365961381568,0.51764841894810376,1.1743418098124725,1.0685500575776097,0.31652923885946754,0.19349830090143869,0.49055660063753032,-0.43763097293248071,1.2413894016764975,0.5355381766546744,0.4037658053504023,0.49118332099988721,-0.5168256840621509,-0.85951647729708647,-1.4192035589331986,0.91006546373242003,-0.82258217819672574,-1.8534019752775359,0.45652672371947062,-0.50457076478818741,0.80887249266080929,0.42587699087026809,-0.29381775938930071,-0.75315718454546665,0.80675067688786828,1.1640799943359208,1.0206047543687051,2.1865823706023968,0.44837868846480278,-1.8451548097863897,0.2556909541837103,1
0.013369206246188725,-0.57867025708676478,0.71003393793488734,2.0938881263983555,0.9294332322373321,-0.51516506702798215,-0.68228027756663301,1.2671396728074114,-0.61891485533000024,0.28502382346839811,0.32126550600581261,-1.4435681642100819,-0.62383629677826824,1.0834156788608851,-0.47163897342658917,-0.22418188086513086,1.1054269071981662,2.3926334776645328,-0.82715541485046584,-0.029014662824815577,0.29054767378322915,1.7268322984036408,0.69522581120732752,-0.17749240648261827,0.059155857499605599,-0.73325007754043325,-1.5357404319705545,-0.25746878812944801,-1.4848546490477272,-0.29926937020252287,0.16764955792247652,1
-0.40641455752706512,0.19745704145057233,-0.024971328188481669,-0.26071614511118146,0.15854246385231943,1.1828254038051202,0.64871107279832285,-0.4860818865210772,0.061873103469558877,-0.70388166130670304,-0.2861263846685228,0.38098623943396226,1.0388986714671167,0.51698730673357751,-0.20571082840604393,1.3234116533373794,-1.7411289041002904,-1.1167436775853246,0.3641613612369059,-0.082605145234922933,0.18136444455755937,1.2442678817905011,0.9796656590506434,1.4815291034841946,-1.0337519925574066,0.3929614984679245,-0.28706965865719669,-0.67533541859364554,0.019437073677034501,0.1867814865936801,1.0581383285054464,1
-1.6899813378835866,0.67577742180199762,0.20722092549590784,1.0598387031483689,-1.8792610761353705,1.326901321637147,-0.75253113521561554,-1.7651524784111206,-0.64494147450668182,0.43699856961773742,0.064403432168292016,1.2284335125028156,-0.92810131267621054,-0.1519823598752808,-0.22061620988519404,-0.17223974825032268,-0.13670424556993327,-1.0994724622708487,0.1500520585035828,-0.79720031975691674,-1.518487241214185,-1.2086632012880716,1.3466622272462117,-0.36200034298159456,-0.83297937447625692,1.6653411395877671,1.3681146900222627,-2.4058796650027388,0.131115960202838,0.31976424738556236,1.9128259805940631,0
0.62005357903057812,-0.40097317506101526,-1.9048339903460325,0.47083077233487231,1.618909463391254,0.17410797250368309,0.35711107093200034,0.33795862375334151,1.4100797971325869,-0.42965383832916154,1.2408181333114892,-2.0306464609488368,1.1750408155631069,1.3174814234740519,-1.0714652282838608,0.81394544494002419,-0.78218310224533427,-0.023915575085804254,-0.54176300528625665,-0.63139889179027531,-0.027595162427036569,-0.045857355450030154,-2.1658592989234307,0.74471215869391116,-0.81754185684684089,-0.87356682174059097,-0.3369997049776064,0.14086786296787451,-0.84779532357535803,0.18198695154621652,0.13742324798297431,1
-0.50149931356479427,-1.6927617943625359,0.56190394990466452,-1.1886722670619601,-0.84868657135947356,-0.22099767675415091,-1.4829875856910242,-0.90956782991516194,0.5797512833131554,-0.61414122094398393,-1.5665250922086762,-1.3464440653593384,0.84495237996451178,-1.7989887509900477,0.17815629685914114,1.6107639316357059,-0.43952246832034064,1.712005186821816,-0.71166604737166372,-0.4630251670665137,0.32439192642679959,0.97135168073408873,2.2318193598570186,0.69257614701877246,-2.1442663685605456,0.32197431242496999,0.22218992122546546,-1.1766636022053223,-2.03591525883499,0.22644438083454496,3.8408091476078887,1
-2.0277479073525577,-0.18339428270089461,0.42502709303884578,-0.021323366420484578,-0.7384129296877967,0.31832085825422518,0.3738391807388044,-0.90455628444132363,0.50993114500220282,-0.24576987466630476,0.33535393715437389,0.40251638753205538,-0.73711527741806293,-0.30902695198230878,-0.061921695963975884,-0.8183070253307928,1.2849164389690138,-0.83553981312674486,2.3491168257735944,0.54133202505047306,-1.3679507334650576,0.064069289474829164,-3.325229960897107,-2.4918358757004984,2.402567273109891,0.67266475387663671,0.31954939903973734,0.42554988359362422,-1.7667908142996869,0.27045945478998767,6.1084523030695985,1
0.28074788722750904,-1.0442418622423517,2.2526881283292011,-1.0423873145514786,1.3331110539688489,-0.78469198612173974,0.93146537847152799,0.55125003336389367,0.59146912522176009,0.86924059519012464,-0.34924928980636893,-0.54439015027720361,0.96458714201757456,-0.71510659817936884,1.6985587562311231,-1.6553123186974754,-0.60192443425953457,2.394388041783464,1.3775881538068531,-0.98525328993332728,-1.5645897620473417,0.80652360874240092,0.92212831178470767,1.0670806438454339,-0.11175819415235987,-0.14204100390315422,0.67691903825270339,-0.74162480313321821,0.54434670867815937,0.80619226687381551,0.44176849434863469,0
-0.65593119946451939,-0.58047399206499073,-0.35579257181940793,0.36941544499718093,0.11268719291625051,0.29337990620745658,-0.4938647949090611,0.059396472148690045,0.92861039342425411,0.39376897297259111,0.011146165414917985,-0.67460811493515105,-1.0873292924647242,-0.44616537178343785,-1.1526133699478505,-1.9611443054902586,-0.1265712436727498,-1.0832395887634843,-0.93904655713741236,0.11383335449314975,-0.15468263063583745,-0.3241176722597367,2.1411604998720133,-1.3419769593154751,-1.0856935300294925,0.76322985222492734,0.26717951421260699,-1.1581435195847978,2.2896741903435389,0.53117888998899121,0.27562236366951931,1
0.028776843761655364,1.1161085216547231,1.570474300637988,-0.95028067479052525,-0.24324536793626284,-0.63106718885210866,-1.7220233104017217,-0.29666379518740121,2.9979241419611746,-0.15078694724888531,0.013081296102947912,0.2053910592690964,0.18865890828893569,0.19558716368217149,-0.2964829500820913,-0.12694173244214341,-1.5074005031878981,0.013833887398338856,0.51855511511691177,0.5942006044634085,-0.42430547289553783,0.74813838032472291,0.69895826580980536,-0.95328349770187382,-1.4282728525242752,-0.83840816073198932,0.25636884017189143,0.41114017064647584,0.37788373576811912,0.81040955340033993,1.8881415775639894,0
-1.1104523100853796,0.046427700520002148,0.10676371750229191,0.74092456818624397,-0.3328401354221629,0.42052826671209897,-0.52036539830061646,-0.6828866558915978,1.8491079729307962,-0.078339712234197584,1.0634444286388303,1.8921765526102161,-0.4913493360231489,1.302960164078161,-0.22541124971469606,-0.56027446568953632,0.35164244574714648,-0.94514291774343684,0.42035015286977839,0.74754842901969398,1.2534320198691802,-1.0573285219437771,-0.48379324599535084,-0.073909632517367402,0.57269688270540298,-1.2228455508416116,-2.0178534520612668,-1.1456055984706555,-0.014078308726361892,1.2211141690938261,0.18261018431270967,1
0.47973387484940799,-0.3445470376192088,1.755281802418311,-0.98577357978352642,-0.70365200210621304,0.35497738492908382,0.63428294917326644,-0.17127117442157322,0.0016723835438712592,1.1392154069426901,-1.3634665904222021,-1.0016215934953898,0.20037762740027534,0.62161601612347961,-1.4263203178206436,0.44414067280081088,-1.7582040698224344,-1.8043866913584272,-0.39268210217054816,0.39910666225808844,-0.2973098432408372,0.90951116121264652,1.1896900881441776,-0.017937686745691697,0.85501314911005455,1.2913638744385931,0.054182955041666106,-2.4543632385458745,0.47227354697882584,0.9560318607863334,2.277605814114442,0
0.68934508743157574,0.43272291355774367,-0.97609680347724892,-0.10877327940371262,-0.25241777255547804,-0.17992193110237448,0.80115301472317102,-0.57029280535864646,0.3326898372465471,-0.54295957177189391,1.0022401537360603,-0.41336868057611553,1.1144827932302541,-2.9436367663583636,1.2420787343812298,-1.7483475756961728,-0.47721287321862582,-0.2562213882843199,1.1405533993398502,2.1639593691511472,-0.56401315859591039,-0.12737422132807294,-1.1736616706219978,0.62441769904101407,0.01023640726255734,-0.03417757645941271,-1.7027088223975788,-0.73672635540538056,-0.79318072171134402,-0.48408198089346716,0.25081946291076862,0
0.25362767288984628,-1.6776754380608627,0.68010171271802289,-0.5032161631486457,0.086203473322574276,0.12825845157356197,-0.27526750880497519,-0.33715985347876914,-0.69431251203582955,0.072708509239129568,0.23618752324241871,0.10108380361794075,-1.2302775566932098,1.6161311399552771,-0.08821358539242137,0.78511596999296718,-0.15778219730243703,-0.16932250118650877,-0.42728042528023269,-0.054233242759507388,-1.0261314599625644,-0.25577617366623262,-1.6364607451729567,-0.90428620810441163,-1.8664726750588838,0.88101851993811375,0.57581325660969218,1.1837712186297098,-0.45702062264366744,-1.0856479783811168,1.3712964464245698,1
-1.0450253969465684,0.30309975386765597,-0.064364091113438285,-1.3611613047666804,-0.36171945422669516,1.5022866833824968,0.91816284351202004,-0.03018102658890446,-1.3407847839545382,0.081716404527054767,-0.010854463930032532,-1.0655044889854184,-1.5878920482057486,-2.2653506701889712,-0.4124857403887453,-0.82000530736422894,-1.1155763274139274,1.5451490032050383,0.3476190858762066,0.42447926242228701,-0.75739266217864543,0.092943234399709834,1.2724677805116642,-0.59888496819742609,1.7086538646790004,1.4282947980032914,0.19244619940606839,-1.0820911958326589,-0.26844113491859889,0.38671771856169435,7.5724316223154986,0
0.31921685786601411,0.45058587514695292,-0.52958604420462052,9.2563053701442261e-05,-0.033387322769392956,0.21154833910631501,-0.35305493255710751,1.1296432942449048,1.4849985075733614,0.44422725316530787,0.50995371494544117,-0.81409645997638647,0.68391829819818395,0.67791561106027054,-1.6684871054478201,-0.06138578908658103,-0.377492873560064,-1.0726685563637766,-1.1497537578659938,-0.47139692520606141,-0.20297865479123478,-0.26493292365346738,-1.051080578873397,0.73859742961357833,0.61264946060280867,-0.33446180035307049,0.051890615662442963,-0.23305470220365906,0.6873823001654964,-0.0086800366521467068,0.054770182777075425,1
0.63781158684523953,0.51283203125745558,-2.3449216005024587,-0.49143266024160537,-0.71998502952782761,-0.79024449867511448,1.7880090245281348,-0.97910061475424892,-1.1754396728962022,-0.91193665120442569,0.38939768352843518,-1.1370236316079891,-1.6511958804775331,0.14212705802842335,-0.90768965415147551,-1.4107094347463758,0.0095678023429728084,-1.3581858390982178,-0.034839570205785472,-1.2819761401244711,0.85908669637097979,0.46107130440722405,1.2502088101180735,1.1599367617592258,0.63061138807220174,-1.1382806927415501,-0.46248315440780641,0.90603306772493353,1.1488873732610489,-0.5096086063619879,0.25365184789976974,1
-0.43153735035898472,-0.30103989882700227,-0.69512419988242358,-1.9952452733215034,0.71355713481234517,1.0277953914365228,1.0583814065485395,1.5008581568711443,0.2766921513341829,0.66170470579510521,-0.5463685257827624,-0.052890128525459122,1.6452727251174875,0.60466408752357992,0.45353886112978153,1.2818905502349096,-0.70050601809216373,0.74194959076822076,-0.11516568195391602,-0.463166843786954,-0.75942624296412742,0.90388460734958453,-0.45685418763129859,-0.52662852153971373,0.8568844875952345,0.42565805047915672,0.15587070552168156,-0.73974032788703625,-0.40330970692942297,1.1142887289657168,1.6537659675032399,1
-0.3129499397935096,-0.39004648912369894,0.56058043708890237,-0.12194818345408859,1.2299933609283817,-0.94975869129658352,-0.090297684213319199,-0.91113744884662196,1.1117431330698795,1.9115418296989919,-2.1444857386262481,-2.6355427215175768,0.72482237459002063,0.10696134601825322,-0.18635799039530743,-0.43807993317266702,0.19282981878100494,0.17547844617623462,-1.4322785011075496,1.4661643958454789,0.21582655399412845,-1.6964245737154251,0.4354028212897908,1.0342181411242246,0.21831081432422283,-0.6675501730740665,-0.26129662624067584,1.1606828288327249,0.20982779430510362,0.37246458043654013,0.31320392982724043,1
-0.34066542965614466,-0.05305399710788148,-1.0330224612345136,-0.020291981999305958,1.5649762035890493,1.8738211454081537,-1.2423097084142096,-1.1787506058872459,-0.084127625726327218,-0.51453121957638592,0.17820768027480613,0.86991761130404621,-1.1398184136972209,-2.1964632290582284,-0.32679955905200603,-0.97425784874732912,1.7501254054893338,0.83470133060373874,-0.32322603764834984,0.52903810374630733,2.852848260193265,2.7765944492920558,1.0866019992949736,0.88389350152280854,0.3441013995686697,-0.81473236608199184,2.200474232577482,-0.41871093974246493,-1.4036912578954008,0.088633235120069556,6.7959253852696593,1
0.27766913019776707,1.3062035929497198,-0.069232815335986769,0.77223159007534137,-0.13054134520116373,-0.25835620145708693,-0.29410019568758028,0.50190151063706678,0.45252808918710313,-1.0603337696125315,1.2065321356690926,-1.2574326379872072,-1.3652211279240258,-1.2739624898917579,-0.15246622122163581,-1.173942726364595,-1.8637716822798214,1.0058229781308006,0.72680820410237124,0.60070991396716589,-0.26220132512119376,0.62009273322834868,-0.94385093147578114,0.71064199557759433,-3.0748511194248693,0.2892473979364879,-0.60069070959909121,-0.9954416737298204,-0.31724591721599632,-0.90243553296368728,0.042804311973688051,1
0.22257347760059895,1.8921615934566818,-0.08023890211928944,0.56040129626700252,-1.1904452673869079,0.60531468206812578,-1.1344522339326659,2.1932196688309706,-0.44719255104365063,0.53652949337465061,-0.83023478103414594,-0.38363133652986647,0.5833161953853726,-0.65689786547176066,-0.14200982581209726,-0.73898293904551116,0.19039855932742533,-0.5679261951806478,1.5569631892785125,1.3921234875586213,1.8737655115465701,0.7305613150460446,-1.2304355917092868,0.62241879321516747,0.36385606922441877,2.2811395113411175,-0.087926491430879106,0.32207911488746022,-1.4509065587096097,0.65835661998729345,0.1088891493611568,0
-0.51133357134832957,0.81237158655692521,1.2880653541593814,-0.2276532518860081,1.2409828992997665,-0.26287816877218717,0.72832646177841631,1.0766630176280587,0.89364320021791321,-0.5069473578037792,0.6245554979672554,0.094458624072138966,0.9040086561040106,-1.0097544257266726,-1.503653852676142,-0.13228727550648808,-1.4386051059353437,-1.2158865976009023,-1.0585967367471716,-0.28891178004630164,-0.22563095323132873,-0.54464497912953203,0.12213595295739289,-0.40194725650093494,-0.098360467700927753,-1.2112992926888158,1.4386483231225897,-0.63087447950425934,1.0106786012301554,0.32832713945203312,0.53371024760909447,0
-0.40786241568110343,0.91403632687931613,-0.092710076043487868,-1.1453837837584242,1.2777706062143293,-0.76234675511444661,0.034131295193190851,-0.84986827019204192,0.12770607092435513,0.60479044146214123,-1.2624550703674777,0.29404896330774999,-0.446630046248368,0.96617748516434721,-0.9379530397536705,-0.63280898286544418,0.86540142014492727,0.017957624138512006,0.79985284868733331,0.43768945430524719,-0.79949134991892978,1.519907331667685,1.2741015958860016,-0.42903131864584859,0.24833008653637456,1.4218000837738987,0.94052702858139103,0.072237492993619992,-0.45077032207843676,-1.0190263497769156,0.18502869146898665,1
0.01537199447314419,-0.65786521606263504,-0.26180138897822386,0.224011905029602,0.15634398659390827,-0.33386305961522555,-0.5025065057310999,-2.2091069242953218,-0.44999559992288962,0.62420226367456955,-0.52331714982720978,-0.63885695741699944,-0.76971813504048758,0.79116100942117695,-0.23340364793107365,-0.25642592342240983,1.8597210181963446,-1.0263527214381731,0.37963967367311546,0.95749662358312482,-0.56665943053587242,-0.62586968199132109,0.28249069634395491,0.72768782305212198,-0.45446319154484355,2.1796812341672736,-1.3076323285578226,-1.6940562252259603,-0.75676886265050813,0.51903787325531525,0.2357001349076705,1
-0.0062230983844615692,0.77524763829248278,-1.5955654486490889,-0.61349601772422113,-0.90110111125268189,1.5807678024388432,0.41090017415307734,-0.43432355565769387,0.088495555344686908,-0.33818957962601554,-0.22080129340564911,-1.5551371130159299,1.4185357045055529,0.15011882321889211,0.63073485963384723,-0.35133483974921148,0.0018855824518923022,0.60165888923493105,-0.060003020861874062,1.2929597515974933,0.040917488877419327,-0.57274683389147618,0.071170434373185432,0.48189880648123773,1.1071003007458551,-1.4434694903108249,0.24644453745204897,0.21463563117017279,-0.83664730236450158,1.4779897290965134,0.42556234290890116,1
-0.46889686800980068,0.81277967971956266,-0.39294236812781935,1.269705001982798,0.76645110821464846,-1.7987137045544255,-0.28538705822065552,1.3166847600812142,-1.1894369319008553,-2.0579873718244999,1.0082109441202953,-0.78341606604008418,1.7396347692301659,1.0163493024074077,1.2776413426873923,-0.78490247658480139,1.0519878202370796,-0.010776822712907802,-0.45458657070412289,-0.83390012685294657,0.00076941941965743567,-1.2541577140878981,0.58844662912991474,-1.1713512091972806,0.51542224297498629,0.21370936284624378,1.2643374908401408,-0.43721428623380881,1.2780797205150349,-0.44691419803516941,2.6145202189793766,0
-0.60646332638692202,-0.63587877627233147,-0.39172310969044633,1.1271088994570635,-1.2900355084795301,-1.7504194518107465,0.7907072915647404,1.1779938057346588,0.25613518566502025,-2.1471897211255486,0.37809404450582224,-0.88400535228690391,0.63866136454214895,-0.12487319692735349,0.29403780293368681,0.060936067957718207,-0.86765351030054472,1.1389994923391296,-0.54138859772616066,-1.2558123719970393,0.88862373660611926,1.0393943802632415,-0.83822202121004286,-1.6485573815996817,0.31666207683129233,0.16032698405676141,0.8901102208880427,0.8744504166596232,-0.75438011094484514,-0.40592164480165893,0.059477588276983406,1
-1.3965256321137323,-1.5726148989280884,-1.7290931578758364,2.5752854273599279,0.45483760668963275,-0.29343845012634556,-1.9198095539715809,-0.11567934387454749,0.73230212729677824,-0.64021767612625158,1.8757386890726777,-0.86914224023263598,-0.49988672084955921,0.83382481898235439,-0.46798164435044409,1.2990089468828461,1.5803425178642185,-1.1033633847459794,0.32573804142829083,1.0823839807256028,0.62251983443249848,1.0398094028533877,-1.1748853348146937,-1.5484954410188125,-0.3073797540823533,1.3482154057496871,-0.54003056007237982,-0.693041416560226,0.60071069494670382,-1.6890656779047155,0.47765519639095722,1
1.1775812499128349,1.072133985215203,0.26990370336286229,-1.0877962208191319,-0.22081536505919414,0.24606182136252655,-0.65727616019032042,0.62437901173139332,-1.2648060395230336,-0.93997065676211422,0.33210081246173001,0.77523063387686275,-0.71173082222197559,-2.1499909121380858,0.24166756879524928,0.51280479573169369,0.46020637922053254,0.26616445716477632,-0.47028331059047296,-0.36965274117845603,1.1321779453825525,0.54111589929303638,-2.0387484828715219,0.13325448608971976,1.785668980987317,-0.57886207510416809,0.59237142261236353,-0.59907141293387434,1.6857518618003986,2.0832259555874764,4.8957719753672171,1
0.016983498874382288,0.39743478790141362,1.43789861687955,-0.73320542130164823,-1.2780438089506421,-1.1691735240637826,1.214354582621519,0.39143613753587775,-0.53496392636913781,-0.11123194002072534,-2.9017840756300721,-0.77208871776115184,-3.1276452621832984,0.4220684265772085,-0.016964856957138844,0.25032855185575764,0.5436292465549647,-0.66568557051334198,1.2511595582546446,0.4148204581492429,-0.50680117883900677,-0.039383794621338897,-1.5070508666080018,-0.44125694936461823,0.70175774547774683,0.19328530123072094,1.2865698902741269,-0.83405864303621502,-0.73723063521226539,-0.24241786799996676,1.0523903028137234,1
-0.068015707474508177,1.2261058571418648,-0.038645435200426535,-1.2408794432874168,-0.4103828382617673,1.5998055365302648,-0.046736324357821046,0.68666776347744507,-0.236300842514376,-1.2278455182006887,-0.16327709464062667,-1.1519184034128886,-0.13106018642896894,0.14364494591825558,0.87090858711454433,-0.39200848559336871,-0.7238909409405242,0.11128157789767794,0.1836457180395539,1.7157638357387153,1.811172369866717,0.6199207067191177,1.2865800001650889,0.33889837610934187,-0.60974760248184057,-1.0500783540259728,-0.050062397000632815,-0.58225606754423642,-0.60376248096096352,-1.626621875281518,1.6212876854941307,1
-0.93237291843697856,-1.8872768461926863,0.88249503027343501,-0.75860781302834446,0.1080830479771069,-0.46042309243059648,-0.60662349795172488,1.3684742915198276,-0.1903556471360317,-0.16083720787624883,0.62633644871808924,2.1110785242723655,0.25093231786584025,2.032435232468556,-2.0602106268900502,0.30784432069726153,-0.91635421613104617,-1.7664069502179234,-0.28401813482141602,-1.7521777300999091,-0.056238837243502919,-0.42391140357312185,0.85825225659032156,0.5379039762192277,-0.19786539540482911,0.80667858014726446,-1.074737938063012,0.22217422754545174,0.39481641976836801,-1.4895423999336823,0.16606290635455329,1
-0.95802440326543647,-1.3547867539102374,-0.7126950678120838,-0.15551579129290063,0.28254349001334089,-0.18939518311946024,0.52841225280992321,-1.8684794826525157,-0.77671628592574182,0.67931645557575082,0.60598360684052288,-1.2070194059927295,1.4655386520565303,0.32098424637008688,-0.78677621235242012,0.73899239106579884,1.1886354262769845,-0.32208599934776999,0.67868269491424404,0.20104985232449701,2.1026883858257897,-1.0101901016347434,-0.0059948507838614388,1.4931187131805916,0.22730607928595029,0.44275645457389351,-0.189001787224895,-0.081202975899812846,0.8712415482530087,-0.40726022908204546,1.2309668014020834,1
1.890380626653879,-1.0911951091234064,-1.8224009491429087,-1.1212664767058453,-0.92289778801861522,-0.15682775779641456,2.2188962894613238,1.3460099670427068,-0.27187607094516747,-0.77982858905603059,0.5628533966324395,-1.9635143118099982,0.4327765535290547,0.33720622913380449,-2.7842727689046578,0.76163572985350136,0.95411051955462856,-1.7216545161622296,-0.33235630262980181,-0.33268528611214448,0.97206100600993861,1.2597221515295458,-0.32650774202757216,-0.10448953230855533,-0.57446310518373978,-1.1537629430886025,-0.74394619133224182,-0.38022524106421596,-0.65145037453971066,0.82726946178373384,0.18304239179000054,1
-1.5056329714738244,-0.315226354808673,0.66590271149851066,1.1865276166486398,0.78215339227211111,-0.68688309102063883,1.2218759585182912,0.22603908908296969,-0.34154969590138368,-1.0565763289242049,0.40276052781122385,0.17074702102642872,-0.92723431825595215,-0.59681346902441024,-0.65807461376943965,0.59676924840681511,-1.1501618818671993,0.094237063297531606,0.69992847451544504,-0.62465171668566211,-0.014798051855351279,-1.4378187614743676,-0.41458668317422237,0.30173691489325699,-0.43416446592373881,-0.29564868491958041,-0.96436618451812872,-0.023535514197235208,-0.37850382416815098,-1.0586614127022549,1.0208658969664255,0
-1.8722974896881226,-0.75195424728004401,0.44107578069597964,1.7413311572288372,-0.27642859800661324,1.7620714026405286,0.78372429893416795,-0.95347292530296146,2.5106423736936243,0.36002328341124862,0.74052891928315123,-0.45686213011017074,-0.51469041317571196,-1.748215710014575,-2.2777557546406757,-0.042284752335814656,0.63839661630339961,-0.99395940051851406,-0.24027017682571242,0.043514281947590924,1.6716447448539176,-2.0243254144020852,-0.5719383052664353,-0.64118629809793704,-0.25204288868413433,-0.54456079448396788,0.48510734486610602,-1.188111676372088,0.29956277816258142,1.0125213139300395,0.88263104459112374,1
-1.6166531669956452,0.5699119506889847,-0.014714116902865362,1.9037647358173422,-0.5109019845248024,0.29097215184749492,-1.3891477354954662,-1.0142194777858284,0.59871298373808091,-0.059338559267794425,1.1628440443240164,0.92699292807625655,-1.7016326781944613,0.41265589921731144,0.32021493496861064,-0.040108179277188696,1.3174045617313912,-1.3667080521463733,0.61419962265175687,-0.49798929859531132,0.85119612652119558,0.42884366439521837,-0.46954237109946223,0.39809152801321807,-1.2049890096629832,0.76212795145681855,-0.53163414036098267,-0.29871276994988083,0.32082392399764265,0.96616454347302094,3.1247354067613973,0
0.46079459037935411,0.69792439611744006,0.025273872355406578,0.20068185707881939,-0.62452557431530942,0.14530792198431144,1.0100278745027309,0.94209191419595684,-0.41744248417868779,0.46361269951061351,1.9509878584960034,-1.2521478627861053,0.55439631047105442,0.75776454165814078,-0.22604836556857896,-1.6691285289436806,-2.3045749445288717,0.17050628278831215,-2.3858294921269541,-0.90411151859063799,-1.2324973985449441,0.39151708722967959,-1.3643691566462064,0.76983438193133236,1.0068294290418747,-1.4683760282661922,-1.3925281974911168,2.5155850382436782,0.950729927358681,0.80318970921341226,0.86016754751117974,1
-1.156908383282836,0.88587006813630031,1.4449016490055613,-0.83688792438611259,0.47139324226582663,0.39925435357121281,-1.2013587544205071,0.13473288781060988,1.6817977397481569,-2.7344640150563482,-0.47570933706180912,0.22907414160042552,-0.71961717348128418,-0.033278442514675578,-2.2788880175338653,0.28724850705058891,1.1085280295467415,2.1782273695658572,0.75348831611600087,0.22456714415534826,-0.69707221694983446,-1.0931352808840513,0.31759601938893994,-0.64096991907692302,-0.4713644040166966,1.692246010465982,0.11288855960375811,1.3732076498037615,-1.3102702133128308,-0.73160616133762768,1.2136683529764525,1
0.66673812925677944,2.2705707708051008,-0.33862031093001471,-0.69251631402011837,0.4063128324550121,-2.1379772137322406,-0.77867940546286452,-1.5018672809635727,-0.54844861869521255,0.11386450856499561,0.7840976685863027,-0.85785568590136485,0.34190761540064341,0.025171376645042477,-0.20511087736563274,-0.19780559299586079,-1.5257599823078434,0.97851009345999818,1.2155487310366588,1.8052550911182954,-2.3764207665171813,-2.7312683466253067,0.23645074834194249,1.101640522043263,-0.097481091659335564,-1.0753718005765105,-0.29904461952582023,1.5081110677867182,-1.6462334649829735,0.71946444837442391,0.25447823045908785,0
0.52441016494883141,-0.28146514306975084,1.5219956592920818,-0.50890058096258672,-2.1314495462696481,-0.3990575404987704,-0.38412013181099502,0.463909842997549,0.58933585844341185,0.4306150479234116,-0.017429254207413064,-0.32171507874712313,-0.25290954102984647,1.2566646340859879,0.68779186293477401,0.92126587127082671,-0.15825750038159461,-1.3431654915439379,0.4723327531794082,0.36118641068195828,-0.49189747444775928,-1.3831746266908562,-0.56746901482558465,-0.28762806882281677,3.0767058043649027,-2.613210513286031,0.37922609774609206,0.24901193066464422,1.4436065586841795,0.65794688244353761,0.46652530095740724,0
-0.052418876099840361,0.4267852534274722,-0.87200769248713672,-0.57259573553026222,-0.31667859472615778,-0.34975209885001979,0.81449848063018881,0.38843586645817979,-0.99963397718614078,-0.29732795590085009,0.62355455036000906,-0.088197580634425635,1.2947343654437664,0.33241254237262741,1.7980160468628532,-0.34357221670170646,1.8733046164358009,-0.093309932438914819,1.2014163878862454,1.1975434158263789,0.10338556196628679,0.90952694502804821,1.0624262641835771,0.4884429996395791,-0.33663227429126386,0.04564079758431358,0.19732504418408769,0.92773768756102204,-1.7444135213039318,0.36772356082542557,2.4315369127342747,1
-0.90056665391646296,1.6874422548623611,0.76135743959465563,0.63463629747769945,0.045075500785466412,0.43427533729747891,-0.8515071809412339,1.1961105926931503,1.450404081159266,0.10904561650761088,0.58818029478840828,0.41244877779629935,-0.28279863942283845,0.87732071457424732,-0.83995766642104952,-1.311060505633362,-0.23227976800775246,0.12943886177756803,-0.1602253293869213,0.37002368788050033,0.21882091218054334,0.93138270659753553,1.4620222545856172,-1.6211439532384866,0.42273461567908827,0.61884934117346513,1.4731649632928918,-0.026612813093533371,0.39047412822432448,-0.35927624903127059,0.43723835176006259,1
-1.6435333699616097,-0.43565146883768358,0.66429318211256216,1.3725326138259086,1.5159340807176562,-0.031564865981620033,-0.49723088771492618,-1.1626953135390918,1.2606790651308217,-0.033003469668572628,0.80606363132760062,-0.078290000327431344,-1.2517105528223558,-0.2541462570686282,0.88574177771201312,-0.22193785727602497,-1.0358703911474656,0.35236175376945456,0.90344209663156705,1.5716847133639651,0.56243021599204646,-0.18450127997119536,-1.8811610107577752,0.12419358980442326,-0.68052634641549792,-1.355613086359138,0.2841265743644304,0.055402310635230503,0.52504385451935542,-1.3209200254504927,6.6455849704611429,0
0.44243930866522929,-1.9843147562676917,0.74837681961878122,-1.3210209625579623,1.4406856753686559,-0.020967179912147096,0.2870327790109034,1.2856819475036885,0.55220080087957746,-0.50593244297248774,1.546144077702049,-0.14960675086722411,0.40971154030379114,-0.9253800754291398,0.34727873188647074,0.059543968524759044,-0.57889731366130737,0.49535250041992429,0.65118282269461469,1.8586981283356787,0.21425446394712322,-1.2548442514509,1.8304712989886076,-0.037463907243038455,-0.0049255766290812898,0.30145271333017754,-1.0304306212817336,1.4465488200050161,0.4066655010173319,1.3931296552320127,0.33028149331104878,1
-1.0851629181612314,0.036298000180129283,0.64909042285903673,-0.79902324629342447,0.015079693556419898,-0.08527131223208137,-0.18287007014718648,-0.78945910587258483,1.0404652449079617,0.20973511786788371,-0.48560046921045008,0.08233691801665062,0.72039892805772665,-1.1157306006479164,0.69990560220940146,1.2032173372879578,-0.57735028712912562,-3.0675341402513578,-0.42009623886031888,0.10098407656901656,-0.71591631246833287,-0.69313818356731505,0.97688622883462217,-0.39983257359646396,2.3119375708042211,-0.8909966616666416,0.68564800473421283,-0.71190105019543448,-0.60383966782013543,0.65093975378216018,0.67661466393423086,1
0.52342212131135879,1.0276129143338646,0.26703077286770233,0.3772753135054091,-0.39794755456004938,0.21465636456312451,0.29052292261738627,0.28563045724764941,1.8923706043274935,-0.25374418110816327,1.0311905656864782,-1.2874036686463335,-0.4822170955382315,1.0662341477077675,2.5973961048799419,-0.80589238389667406,-2.6443742705665065,0.69838476579309783,-0.51405466865483274,0.26988353994203662,1.2260649223367677,-0.14715183200027895,0.64493581485832541,-0.3018669717187657,0.97920218195164765,-0.060651347837742696,-0.63376814289212868,1.7833588172314527,-0.52347667280521915,0.8858133678707717,0.19365302921300168,1
-0.89310393028219726,-1.6802393063941883,-0.53308994366326301,1.018740761453828,0.53759482051028207,0.22259130954012898,-0.45891231289673839,-0.072579777277830618,1.7330395773755727,0.10731320416304939,0.10451534760405386,-0.80589856064428567,0.21376114739366509,-0.25296746771930473,1.1611063287338708,-0.73262601169972108,-0.45960805321828302,0.79654920252510675,0.58676797321902918,-0.76354953265973513,0.11687195556163185,0.55646213011351031,-0.77238431670677488,-0.34637759085452197,-1.4106468501983294,-0.37742746220872581,-0.47443876644773936,-1.7383316007997067,0.19748674517678208,-1.0133510291072612,0.25700615558726286,0
0.54462433466583049,-0.4976567860332885,0.35599918677485765,-0.62515569998769027,-0.98780921337800132,0.066166086079077424,0.22658308923347739,1.2810605704422848,1.035328817969873,-0.13236428779940501,0.47184765363501846,-1.449033668424587,0.89503272685962165,0.43928101781833784,-0.22507277930123032,0.88839949040490163,0.47481160836191433,-0.69476698302191031,0.084596472055279578,-1.5921305594563515,-0.50773403317845245,-0.069103812064940276,-1.2721855993655697,0.15287437923572259,-0.24437820887609504,-1.5477627058630494,-0.90054366173900569,0.58312033148475972,2.3118075701177023,-1.0948163822064423,0.2442870579143217,0
0.5114991064321317,-1.4121892908446729,-1.3907873321179225,-0.22540981591518816,0.071952850245193489,-0.031207353777224667,-0.58659333739732178,0.49236742225095675,-1.0900805743593007,-1.294510277883107,-0.10399808185343347,0.50387758468438137,0.97580876370634062,-1.0071838540279641,-0.26333250504816019,2.4177241285756397,-0.89947957503295228,-0.35392305016732895,0.0080866823153770782,0.67442779402868946,-0.019786192743851509,0.66785850143673009,-1.1938244027034417,-0.92842653168745981,1.0942271102659791,0.17687787439920397,-0.77423295507729428,-0.46835864026990104,-0.86474996332467979,-0.73582968231967849,0.20709908886804057,1
-0.19990501603839267,-1.1466637237146964,-0.99893049273930523,0.084247516857014468,-0.14438759276909433,1.109696162656072,-0.1172335785150521,-0.64555329737533729,1.3287770841214073,-0.14960971198839013,-0.4651392036877165,0.59577164332854093,-1.3339985506705443,0.19337791693557746,0.23069660353059121,-0.39715244913818071,-1.558052065489627,-0.18572737981345822,0.88295892331635439,0.86400893418024982,0.88999075582616805,1.6109745165875442,-0.18861992248020606,1.1067812777718069,-0.57393389796196626,0.48791605546015449,-0.48578965908163835,0.50202343136199812,0.0099919007833300984,2.423128047897309,2.5093514544962412,0
2.5398502382679422,-1.8943285907617928,-1.8638887304276355,-0.98205594335646873,0.60653917195845053,0.16840948536502998,1.0539165373821398,-2.0192624632880438,0.39450380863591306,-0.75782300938827596,0.20112008477053753,1.0206885588657317,-1.4677505231098724,-1.681868899046961,0.46333253302661981,-2.1212365939990252,0.63592821178781278,0.5257261964811033,-0.73033576497195396,-0.76327076243016212,-0.91101536160293584,1.1806641502128425,-0.57016945336516478,-0.74566357306849873,-1.4163940952228007,2.1102528878121722,0.25827340728388609,0.64808588024079794,0.41824704550052838,1.1698484497486565,0.074705012320387509,0
0.71105031693092269,0.48490388218874575,-1.6124407223290018,-0.79751240988776184,-0.82222630908926486,-0.45297473128640497,-0.66686262723936962,0.56652307444619077,1.4126895348561199,-0.84688180506367738,1.4595910914359191,-1.6387718335653385,-1.3922851376777095,-0.60134541314742229,0.60031323635704215,0.02298220092807712,0.26713215402668294,0.17255791710915408,0.49018688931032955,0.094639194431324555,1.1256968862000722,0.75320406486661817,0.62247349827303267,0.56442024795894263,-0.4123864257194243,-0.2825732738706267,0.19519611119871455,-2.5234411332743818,0.15619190777378369,0.84069178190522986,0.27699493790074514,1
-1.0850928130921833,0.49941691116051179,2.3591621033898162,-1.5445535096171319,0.61212001970226237,0.17814109411104392,-0.36757443000854628,-0.72498447503986063,0.049629446900808179,0.18351798287942817,-1.9713698518970513,-1.2282364358811364,0.64989574718757981,-0.98830848487873912,-0.80542629157465806,-1.3809352775636534,-0.073270838931121143,-2.8760360009445849,0.10475762859143849,-0.14994542305677977,-0.012340805311744278,0.070511867504645012,0.10714390322661618,-0.1107647274008202,0.15788965586999834,-1.8255278877443122,0.87096843643110222,-0.98085263570268566,0.35520618518590968,0.6196184112310229,16.769035670526701,1
1.4098328946788279,-0.10935659930845468,2.4141255772586994,-1.4566900289188678,0.10282958732732317,0.086614036663113916,0.77646676779841417,-0.53688515203184606,-1.2840923444797649,0.50389920293702839,-1.3751944428534824,-0.9203530526571525,2.2215200645603845,0.44844789661576656,-1.9022000772933285,0.74052577309405243,0.001569449988528711,0.24629261821013596,-0.89729761885329096,-0.97314477736952287,1.1383314238286915,-0.8238060935026138,-1.0898225560637187,-1.2834457297352555,-0.86441513922685509,-0.003746063050439096,0.072659429918999097,0.68839215126247966,0.55495294414342244,0.9448845357027067,0.69585690251572052,1
0.061658645517360666,0.48775460559798234,1.4768201426368979,-0.63980338507819634,0.42151913283034542,-0.39268573590796629,1.2377325744459069,-0.10964139897909582,0.36769435931411937,1.1959156430778126,0.0045771504691647152,-0.012775572395227213,0.57086849699409514,0.52013282963629404,1.2395030067122066,0.71270236698437583,-0.23575259615417515,0.29389857070708125,-1.7272109779588405,-0.029880611441176781,-1.6642264885664269,-0.0075451054311344449,0.73609634058074369,-0.60411242450507396,1.6969516890919412,0.055065582648395388,0.21852073260221863,0.47835073496332969,-0.20380554285512564,0.49077415773935934,2.7948013383459394,0
-0.062064297914401836,-0.33411614785049187,-0.33127724603343178,-0.69694730302899977,-0.47482669915001441,0.38320499432030758,-0.65929867639049511,0.74394692534520102,1.0234659506927481,1.0002984780936945,0.63875455275257587,-1.0085348712478144,-1.1486606252745581,1.0874277239216217,-0.36343112693007645,-0.43793740413766957,-0.60176808789123559,0.79982589772966317,-0.32027273410487167,-0.82405565539007364,-1.0427114447737422,-0.85443115285784654,-2.1376899665250972,-0.05094700031745001,1.2303790285963316,-0.49668042521884859,0.14901410737439144,0.70252659950149632,2.2172722683450754,0.52824780650541125,0.72002816904797706,1
-0.25294982838999813,-1.2353766292890831,0.27485279213516134,0.65681058022791539,-0.19866497133272579,-0.15335743193197232,1.0966901735173971,-0.047254514144664223,-0.31627417616539372,1.1757629412767205,-0.46014671935712309,0.17138438228547434,-0.086848288164028675,1.1288870935191089,-0.81633298116621744,1.6918019082555835,-0.40178592953611997,0.015353531543909832,-1.0554947919530786,-1.565237670129471,1.2478858641058086,-1.0464601013466543,0.80094794543528236,-0.36050014598554869,0.24316413978600468,-0.66279181999853165,0.61468151653500136,-2.0889673998112923,-1.3872922323780061,1.089893633127976,0.028500470807880193,1
1.4865285413456,1.0645012770741238,-1.2410533986202821,-0.54264880510884717,-0.30555365541613022,0.7478849835192084,-1.0496182653892643,1.5809846558736564,1.1124106184221343,1.0984011836173855,0.88883821567414123,0.75027200100915437,-0.21742662221976272,-0.19594694593856712,-0.77204758498924764,-0.20409247033210737,0.86786330412743107,1.7661414751803655,0.13099732886249912,0.72170860091811406,-0.19927111878250822,1.1857060707468765,-0.050789960654763648,0.048359738782342974,1.0517211222600586,0.091951972688354922,0.329707213206065,0.35506327317144171,0.23009944248777561,-1.0903587278218865,0.05049295202682489,0
-0.47203433555807517,-0.44204453141922195,-0.41007992110786295,0.80010259417200158,-1.5597997650835309,0.32968876404712616,2.2577349020235733,0.7291221811836216,0.52344335348410354,-1.8162272683773,1.5190502444130871,0.42274210342499458,0.26171819344582636,-0.2694640438208119,-1.2693471314509723,-0.30696959109768085,0.34963407736458046,0.13234111447407684,-1.2108512292494675,-0.81826554439577914,-0.55891899108406584,0.11914163932976836,0.09351311265902322,1.5415713646500397,-1.2124272378963594,0.83465995612474508,-1.1190379192168416,-1.5622378608196619,-0.36903005715866988,-2.0569008296057989,0.48142070681465532,1
-0.23155700685777419,-0.87397126815198267,-1.2546804834652341,-1.4193229164785435,-0.034097789134963578,1.0416175138283017,-1.1359202723878334,1.1315471380427593,0.069118541797654892,1.639753118322349,1.1005420280870233,0.065942316578245244,0.28629510045721834,0.37266380713968217,0.44380395165330672,-1.3041331954027826,1.3098987614785669,-0.35448012088786851,-0.85594838436550502,0.91743133050977022,0.55817808363022803,0.1188536527761193,-1.5346321668184983,1.4531525874031934,0.56645401225456815,-0.32873881911031411,2.4883306333209378,1.004597903826578,0.70246566010859879,2.5307842693634952,5.6868961067518216,1
-1.2443370692294649,0.35455549006336579,-0.3054158270534213,2.2946806008560863,0.21573310655960776,-0.21326004418526162,0.34953212484822066,0.67321072826180528,0.064314147492754117,2.0285409165572044,-0.45796370732010416,0.06349014109261264,-0.82385493664802323,1.2628341024476795,-0.33685512611071011,-0.74064085243170863,0.28935977351868047,1.1882541116120833,0.48731720327085598,-0.40341178789457011,0.049360412252709131,2.2760756262237423,1.4277017144039992,-2.9643361819930529,-1.0519373543386397,0.77596255243763412,0.71107786821746677,-0.39532972548857642,-2.9304315309755036,0.33724662394928434,0.67558528870798462,1
-0.074065810676371815,0.092254685894673866,-0.74143741677504638,0.1778379109287723,0.15921146469334674,-0.48165766680502953,-1.0550599160570082,-1.4862970941676377,2.082157928362415,2.4840868494743749,0.27684977361445728,-1.0346085337458903,-0.73485651722304135,-0.12471694768962475,0.90277995326980842,-0.61078442272173994,-0.82230686765391547,0.27209999709566396,1.8041395550062997,0.70543543010819398,-0.48754555729723964,0.27008954606698427,-0.3280299279292434,0.2594204602624256,2.3581831916555127,-0.39820745369893734,-0.26438979041953342,-0.66212355738748774,1.5032293067747835,0.49913408985538327,0.47558799436619753,1
0.22685772772279261,1.7623832114465257,-0.24434796732781847,-1.8354314241629499,-0.75088235107597523,0.79691624711308573,-0.95890181513560679,0.36603453573544514,1.1287710618949873,0.067172624269389469,0.15844612167871541,0.66400595425719566,2.613762594397143,1.4619048378032262,0.68303439404017985,0.38514430955317042,0.74868854974105958,0.52704222058735462,0.36902704559281058,0.90037344889319093,0.7157879929232448,0.26419263958641831,-1.0003425389986502,0.18513279495913942,-0.055341618047849477,-0.45590554935331395,-0.40206639332850136,0.59273312740558315,-0.041910154755813445,-1.3748055007053608,0.22666659471467906,1
0.38928497331071565,-0.58207026285292351,0.73819127226932113,0.51665495567959108,2.3720786054049734,0.98019435424497603,0.92999375968627773,0.95256258846063591,-0.093191988157548741,0.10095511739029574,-0.29015233573832705,0.634522510426486,-0.50973603304633019,-0.42122666552049526,0.56772495706130355,0.7558704542025878,-0.50591451986434344,-1.1575054776165057,0.61295347278690326,0.15023949325516428,0.84763032504643354,0.74275330915988835,0.31086452215651905,-1.1495899409564447,-2.1539328613391717,0.93237427719991017,-1.5594458311617603,0.88316566079836245,-2.2278188796929044,-1.19917710817717,3.9844724212757665,1
-0.27833224259913442,-0.76764782155137579,0.84888175288737189,0.96033218654441355,1.0206514077482698,0.41610197783892033,-0.084542643443441506,-0.35774403197238513,1.8136714275400851,-0.34310787326103043,-0.082706063561655649,0.25689301513123763,0.71318843913954066,0.20890804579760816,-0.44782996584941559,-0.68766195657381457,0.58350636892896812,0.66314436133134269,-1.2749261567405168,0.97965963108727672,1.7261410896414131,0.53497671245344647,0.19090495309020655,0.97554840439828472,-1.3024349917285014,0.13516025578312946,-0.61419681441328977,-0.08698952848928164,-0.73770627178889014,0.5916254252806209,1.1731090174187571,1
-1.2619868898284199,0.81096223281641833,-2.0359377418498705,0.48691560248165577,2.1946898760050613,0.58638765087457212,-0.71506045902960957,0.075791273179326046,0.043501044656790958,1.525896181057788,-0.14895568709342863,2.7051242138452967,1.5039743733007893,0.1475838105732275,-0.065736920581290256,-0.38348669371750055,-0.41936951761701929,1.9648952240760373,-0.22252930846381672,-0.16751139552367397,0.60277518625660342,-0.35527315252689418,1.4329898764227922,-0.67999627641412352,2.0303610269152399,-1.7321323996023601,2.0945088866174744,-0.83194378111414491,-0.9214319057451652,0.71991741621240535,1.8033712036434857,1
0.36627460925155503,-0.015294432733406223,1.7934233156589545,-0.72426766363834794,-0.5092287992828004,1.8811328844481483,-1.0136342398389622,-0.077518844975583659,-0.32747535943336364,-1.3378033233027791,0.53709693185345941,0.10862276262375734,-1.09123853362681,0.71123070952969059,1.4005625570578584,1.4603160168868436,-0.12615203548195603,-1.0959193929953368,0.56932550684394989,0.32999284317844962,-0.54598877819538749,0.80820958137599441,-0.084988652860011754,-0.1442376947310573,-2.1340334776278063,0.67453881316174191,-0.14381892991473508,-1.0882499269911616,-1.3336877531288436,-0.82234730891898422,6.8470978271510656,1
-0.32186989556826717,-0.65172376857699088,0.89105164459672093,-0.29330100834679523,-0.90485687918320845,0.67615880503131254,-0.39813905153507356,-1.1449589802595315,0.50796404879119106,1.6688013917843747,0.82371166937429041,-0.16472945663837502,-0.47891276166892383,0.49038133572454867,1.1993353290712125,0.36955589876045114,-0.73212568989900761,0.19207965224761736,1.9316616658331609,-0.89876566198428764,-1.6350168603758179,-0.034368962204696797,0.96468169525692782,1.8642917097238714,-0.039095459244224237,-0.60300487956385973,-0.60669607174765627,0.54863752778965036,0.53999228929650833,-0.13168546578542001,0.040779017550244837,1
0.32725811201950294,0.14138976390473182,-0.1279766035822098,-0.067001034750556215,0.66134163557244707,-2.0673526357696348,0.070840428448427736,0.71719395998191038,0.1229854049734045,0.6456871929115422,-0.11892269775163765,-0.3753872224198459,0.86407039587633927,0.96954141271961924,0.13394852620848618,0.77476169312640386,0.52125232675605004,0.4444730618570133,1.0883771196077048,0.12157641111097314,0.58243521275762045,-0.17374516539815987,0.28573198092899232,0.33227363678537158,-0.43253025825393665,-0.56841001027701332,-0.76588530392301546,-1.4207795172086568,-1.3900174969183856,2.3241434574022115,0.15156154956174495,0
-1.5562658972864705,0.092684552327876785,0.97289031053834973,-1.326222758627474,-0.27134494551382998,-2.0765997445988926,0.88778387690487803,1.1573267949960888,1.0294944390149177,-0.55499970158173273,-1.1826239010811743,0.36396063247580002,-1.9116056083264068,-1.0310862887347279,0.60474277118939146,0.13683744272100148,-2.0281603872439229,0.41770389255890522,-1.3492807394092461,-0.99213375117116931,-1.0016714092379091,-1.8053197762425137,0.16220915454039658,-0.14524750509482559,-1.0802349609165174,-0.39597887054202446,-1.4036165961899034,0.87830708012024861,0.41925133078495802,-0.10335674188246945,0.15931729594858302,1
0.34267975666637834,0.17576683857003597,0.64416699596268501,-0.27254024820186135,0.58270024080601046,-0.20726662322189682,-0.45134379332847108,0.55762756067318442,0.63785650718179099,-1.7434110886772007,0.026364451388177911,-0.78728977424202928,0.072275375694269783,-0.91725985735912607,0.61182542584382282,-0.14123795411814019,0.54621607447623655,-0.48897374827815077,-0.84687498316276655,0.71842562697667933,-0.64752755010929064,-0.43405306885417,1.4761788039697226,-0.75415938911145719,0.50523322929395409,-1.2156899793782761,-0.83743394396754434,2.030944237251008,1.1921754074232458,-0.58739797924328896,1.4692440942269229,1
1.724790665736224,0.90483262975368439,-0.62519638208535511,1.193194833690205,0.090751491726310807,-0.70119285961843114,0.96552759346184192,-1.6016167780266217,-1.0161635702477396,-0.39467889701233988,1.925473952610063,0.23766492727020608,-1.1159165107243818,-1.8100589473675002,-0.16321645271694848,0.88288965456262924,-0.79219775637829026,1.5571087853309802,1.1291723268892186,0.33060970425656039,0.60312303166326409,1.78063321779275,0.069129343968249587,-1.4220163952041329,-0.067133337333446105,0.67306978581870147,0.23599204215306327,-0.29342233108219334,-0.85561445040299222,-0.57483552760014256,0.1425792650116485,0
0.51155621909473781,0.16191414269941812,1.4291031633568807,-0.046258717049034857,0.40742766141660258,-0.33980604565801797,-1.090710481076399,-0.10703427649039968,-0.77710268488988143,-0.0733312436663517,-0.23144486015351073,-0.18884144402682954,-0.068873717445017163,0.22897609510388003,0.7953916186910257,0.041882315496657489,-0.14196553665388881,1.2552007747505758,-0.27373856957078985,0.88100124870423824,-0.7618953505708681,0.99376539146499954,-0.30103280956534734,0.4050464940199357,-0.29507366101907634,-0.78367568143702027,0.16129457761096699,0.48759835654603001,-0.63256342044836278,0.29457806181475577,2.2033730412547348,1
1.0560882405096876,0.060185951302376132,-0.41619623163679592,0.68831852572440977,-0.1698832160438272,-0.10401505616928924,0.41538679614298119,1.4072115542917516,0.46497177745564183,0.086645649977670589,-0.80319280850439367,0.9125357628238524,-0.79144504124678039,-0.28285668070512482,1.1679631367798329,-0.39291823268747827,1.0508466444119235,-0.58204724116652928,-1.1985213111275572,0.66241592503522173,0.28718118957026412,-1.4138426628683787,0.73235935712132105,0.29054845927400713,0.84626849561057005,-1.3279532520881809,-0.93501424092024188,1.0865241710192564,-2.6086856280772266,-0.060725979228858119,0.0088244924376456937,1
-0.69859805415809795,1.4564337053226417,-1.2201008568303047,0.073314113279195597,0.17063021584488006,-1.067548624116553,2.5963228467822881,1.107545143450591,0.266207573027338,0.43704276676596121,1.001454555890587,-0.77020264292640428,0.45557355345694517,-0.55544116283732936,0.50578559193414541,-1.673160991326873,-0.16597106345855064,0.24943651843307646,-0.010524463456016628,-0.18741900698271358,-0.76804293441740179,0.41606496083690653,-1.0212348542643885,1.6357450682154662,0.49729011450668587,1.2153138902182903,-1.2613680591282848,0.11883912366472432,1.1773990732959911,0.67734355021838444,0.018523634768861163,1
0.045305389410633869,-0.28076721084112644,0.079873678677095286,-0.31284888611886541,-1.0165962047552504,-0.5052234720828751,-1.0451515272556944,-0.41483316558286915,-1.0765350657464094,-0.89000915328103125,2.650929044575645,-0.70020712152740083,1.9030184093456244,0.29763354713100726,-0.18095971772218425,0.44379523030213769,1.0871533966265137,1.5932686424279772,-0.67154474833461508,-0.63025013101100269,1.0105535421300014,1.3076499333290981,-0.73865159277445702,0.047869605824698624,-0.27349517506773774,2.1462556115891309,2.0165456342433474,-0.56988416028186883,-1.2253008536562753,-0.69733571269784711,2.012894570001619,1
0.87561796214883014,-1.6192349231084815,-0.47932212764578053,-0.58584931256398909,0.18096309038035763,0.72470696500397569,-0.48537555910776353,-1.888898280432519,-1.2693201138156602,0.1894162813486821,-0.3355847816040663,1.1189105099572316,-0.027938903865971223,-1.3714258527539045,0.57969955793198635,0.70126568024035862,0.85105605031090514,-1.4960038489655945,0.15803020459278605,-1.4272970097535025,-0.6275902034376537,-2.3207761711827355,-2.1963967639114181,-0.942110277706522,-0.91908028170589595,-1.5527230285136708,0.13500521545812497,-1.896898290885904,0.60043980781619066,0.73779474528824918,0.28252974792222274,0
-1.0907540575318317,1.4827661995699639,0.244660781751667,1.5484510008556998,-1.2977181774876576,0.80940275331036349,-1.1634602061446311,0.0086536611735415388,0.49192494865846187,1.8265418315359823,-1.8827277298291334,-0.29396324254362971,0.56725374674793994,0.40892209775023752,-0.78953841315563644,-0.22133551081580469,1.0202263908442009,0.63929122215157363,-1.0107871949067675,-0.33345781932962076,-1.23239601879839,0.061782870014339138,-0.39838667623723972,0.47307514574562498,-0.6294148278669468,0.033968703708771614,-0.55632203367739752,0.26728295181520423,-1.1779017304524764,0.44843649343558961,2.2087013008868071,1
-1.6336461751885871,-0.8125878132574258,0.98097843298532827,1.9162191764945573,-2.8326493647045319,-0.67242146232435218,-1.584454561365283,0.28814348706584375,-0.99091331354814971,-0.47228503122667059,-0.010048239540467029,1.9691520994063041,0.45460435422673445,0.09873053458158243,0.86211110480013109,-0.52969172005134668,1.0231757762056177,-1.8110683983703821,0.4977334509659383,0.8926575890738434,-0.71899036687342333,0.53413454414511929,0.16564071654685233,1.4817166157210924,0.31727990745089824,0.1971077833439131,-0.78619605969458473,0.40845902308058657,-1.3118985833243546,0.14239520985105886,2.2205435645431733,0
-0.21798860907149026,-0.42627504432123176,-1.4308856963240135,0.6506372671146784,-1.3211689859808349,0.030942825207839083,-0.99460708147909282,0.19594257360648579,-0.35583088397920348,-1.154728406674884,0.23774751647904202,2.0441713144105931,1.2116965550674033,1.2120208161788384,-0.042659212947608049,-0.36682310901035586,-0.33858536393633559,-0.76027007088172904,0.19098860790939276,-1.0881826666956327,-0.41592010680436436,0.16569943822967181,1.1319747673246194,0.99194573058349722,0.085613085761770458,-0.35342126835916554,-0.12566133921491782,0.67230500618215716,-0.97398392928321098,-1.3980102258136105,0.0064841379561477556,1
-2.3021076253192918,0.47327253415738607,-0.19731235226510357,-0.20401977946198971,-0.75995571200177858,-0.18531586909646153,-0.21261302121740533,-0.84824132055112067,-0.92383880896758963,-0.21293669169894724,-0.7476239835275803,-0.56139399849860594,-0.64625155202242424,-0.31531268621585423,-0.41270663175639266,-0.77249336451862571,-2.0430496296460499,1.2104095115261939,1.5831094668906507,-0.58535470983597626,-0.57501088873818207,1.518549455323605,1.4566354270879327,-0.40905400008895221,-0.47981636243388415,-0.67053106593921163,0.68492897202283454,0.33667782331101398,-0.082476008490324618,0.95814444143636635,4.2758609191933221,1
-0.066712124573767406,-0.59364183601163001,0.57225765207493084,-0.69869468304615712,0.40893701233918373,-1.8028798970773598,0.44157169957731568,0.55088440162555252,-1.079022397125323,-0.83699422121520373,-0.42428332074026964,0.45860958529920665,0.67824101034983997,-1.6536150151518629,-0.51315296287831291,-0.74231610407447413,-1.7089561205952462,0.17803579391441454,-0.25246014375668102,1.7982361208792872,0.16155565439213496,0.20515733483780407,-0.79064897041230275,0.51737640402197571,-0.027196152641419658,2.3015771199551325,0.032337091438728101,-0.43347760652319856,1.0661283704364115,-0.24001529699203974,0.27281129943197319,1
-0.91460609177091801,-0.027098212884417605,-0.52825897922231801,0.52208138587301245,1.2982691465541183,1.1841790596214588,0.25037966521422478,1.4814835900507004,-0.58413873869208088,-0.71166797240609925,-0.73431625229716369,-1.2271016393386358,0.67581339188129552,-1.3003883552559097,2.246983817921147,2.9729455239818048,-0.94551446836843411,0.98524148817518487,-0.078253591778605053,0.7171102659465538,-0.27969954732876279,-0.4476771216888154,0.39020557241871662,0.45112293109669022,0.016742157424377239,-0.40939652885025601,-0.058155463279520224,-0.59107842058972671,-0.36520737172125339,1.1339645019859945,1.711507773355931,0
0.97033584838261921,-0.85378104468969684,-0.9930610733003733,-0.78095714129048965,-0.0010407662960743008,-3.31363447587227,1.8382802604909061,-0.38240972487745734,-0.5746549528838496,1.141941734858658,1.1625761634448972,0.87442654049577195,-1.2294134719932595,0.18292955496913871,1.2259483425307904,0.46785197787206501,-1.6951072428012044,0.38287638020412235,0.61567641368616133,0.22254248229835522,0.94234100900049123,-0.17651647694759459,1.3174798001673413,-0.044023403784443242,0.14178088021446958,-1.1000330918597814,-0.20285188007774174,-2.6862802204044272,1.2616986415400728,0.97373138220245958,0.010261896291024517,1
-1.020520012741374,-0.5699880199693117,-0.48967189511497694,-0.23160243797094526,-0.99588160893185274,-0.95306809547820726,0.5607132105933611,-0.24469484608270631,-1.1619888199341011,0.18193353491341221,1.4152075438868246,1.1035067155877538,-0.26145567583158491,2.7868655016386854,-0.40982654671304297,1.5523293353057994,0.21459620129326462,-1.4699233243154737,-1.1602899168846115,0.36225164597951676,-0.84585379768989899,-0.54193577333147869,0.032010832911008952,-1.5109156938559762,0.70332333001357183,0.27777327969446713,0.065090572042799499,-0.63640675008096426,1.9408162395638526,-0.25856454703156379,0.78490237852044942,0
2.4546690594615344,0.51917356457040764,-1.4464525188870205,-0.088037152834496119,0.044950474076912987,1.4226082933872164,0.62175824726053208,-1.3247280786577147,-1.0797044849516364,0.28316080994143594,-0.043984968185969912,0.25876088477553433,0.57443019235362147,1.1444102482578624,1.2017340719200553,-0.15672825317733885,0.38374744495048979,1.9101201182065941,-0.67748588018813427,-0.44429542724658033,-0.45713253410451016,0.90175140301998213,1.4899859086460951,-0.51970194872673536,1.8172518958544499,-1.1551257425382491,-0.7392655129850535,0.33853641727999384,-1.3865832087705348,1.3825529600742363,0.23089310826428996,0
0.63720129960938188,0.9446620108973367,-0.82251713845564767,-1.0038862908125392,-2.5085719217649118,0.65945166757925555,-0.73396017841353201,-0.93842571335836167,0.49669465702990001,0.0034634158823028663,-0.38023696259270218,0.69606912867592508,-0.072175515824195499,-0.035844477359477045,-0.12955106523092741,-1.6939191673776284,-0.15107045747644079,2.0167412090970398,-1.8287238403148998,0.13430351292448864,-1.5600197003561049,-0.49139681307652067,0.78400619009031824,-0.93345651223123272,1.5061643757744578,-1.2628005034684928,0.2073821708562788,-0.5218971132658371,-0.20547211993925107,-1.2558954006063805,0.80123441805949724,0
1.0069246639401266,0.68145217504770772,-0.29991041122803269,-0.7220416811501299,1.4643857242134715,1.475991878670794,-1.5661608210535622,0.99521843956144385,-0.39668017173810072,-2.2714671764140895,1.3364456991045848,0.16931186189603933,-0.4927631251037688,-0.41563238485451465,1.5281293388660793,0.18685274487453726,0.42163740171479958,-0.53101699694894877,2.2043871035107983,-0.53517223469320518,-0.7498858681844911,-1.5499247549713679,1.1131588217277588,-0.85288471869220384,0.78138932385114857,-0.44509277571670369,0.41702055525850523,0.11633532442056012,-0.93019796996505366,-0.69751854077852593,6.0901609809703876,1
-0.1589314082890248,2.0401818526086908,-1.5013212883317129,-3.1348352944228655,1.1577704704721323,-0.098373729781051467,0.19877097373014649,0.63415179419451706,-1.5426450699223822,-1.0052950505892002,-1.5592201598058619,-0.44778619531844588,1.1346532596690884,2.6476315513179207,-0.65022676557912207,0.6372206844606132,-2.2366732431392706,0.03959718153680284,0.26266080709218548,0.65193099457435355,-2.2039877815363882,0.91506400845051095,0.11106608138104417,0.099980672935691697,0.083421354645912563,0.70490729909224803,0.22278332896577072,-2.4735909426478364,1.6752799275918582,-1.7264634342611593,0.63307894203895332,1
1.3712405274409911,-1.2821951360448707,-1.7616291151756427,1.4318647399301101,1.4989242235282256,-0.95819541861676527,-1.5323851190790023,-1.1130978714452837,0.23450127802686352,-0.28464058432040212,-2.4072935302991794,1.2562662130187492,-0.2074598072782419,2.0448315046398111,0.61456492050753297,0.24845641792525019,-0.72480631481191249,0.95301630097512968,0.59247102921294337,0.59949486331899471,-1.3015593951437772,-0.369420247791725,1.329122392886825,0.70568843402623682,0.37065000878307119,0.72911445663793339,-0.65778993642360661,1.3839708989048585,-0.10711643474257618,0.33538140525268534,0.40146481953859176,1
-0.94645908413653257,-1.251013594649472,-0.22124824354586561,-1.3062584204156689,1.8344487209560267,0.24637409111305983,0.0075062336603585744,-0.53802186281749953,-0.31677878253462366,-1.0525098000731345,2.1660028951911507,0.56242817912221399,0.26213423655842777,0.4316205009331518,0.82703512244986344,-0.58030403972963762,1.8854911264295739,-0.3904160984029123,-0.52220862996373196,0.73305526279727218,-0.68630070155561163,-1.0265026271167261,0.47672399963147727,-0.64672505721705875,0.87272033766465273,0.58794370158527565,-1.2330001185429988,0.25225193400479562,-1.2908902571131051,-0.27584416872499601,0.61982990522465164,1
1.3181531325015841,1.7997208374151612,0.29400971556805267,-0.31122247785185181,1.0777543656739883,1.0576488126230525,-0.1707914519661736,-0.54156549385353581,-0.25031123988650861,1.4273296027933378,-0.72344191653651468,1.9546472457319999,1.0462127700924146,0.24022012354553082,0.55207279077661131,-1.0899712720846066,0.86182468010165492,-0.66726269666334259,-0.35367592549630045,-0.36597366635758855,1.2415436730115836,-1.1221548068074414,-0.46932365916101582,0.89703982306315888,1.1802097574736659,-0.048336083325533949,0.42593389156038236,-1.5532145741181962,-1.2905012705367986,-1.299862635211829,0.055540900909649991,0
-0.72680968705918036,0.45126504903894965,-2.2897851296762846,0.023411260056705796,-0.53890706041272085,-0.96693056359759599,-0.16422918352848265,0.8802999701684151,0.49052689675925448,0.37553434940409669,0.24342678957608285,2.6033360448896308,0.13561151360570439,0.68991212714153927,-0.05391674510036925,0.063945947023251543,-0.058360210249262502,-1.0974153269221232,0.42457522013494414,-0.10822013830084748,-2.3624693305968409,-0.67128928321961379,0.34185059778810423,0.69984082504614498,0.65683096095451454,-1.2671440638761093,0.035696711846269394,0.78311538808529535,-0.80910113422563146,-0.24525449304831071,0.49741369881031261,0
0.28928430789486137,0.89719317915633034,-0.89505340802872635,0.9495344053181074,-1.0635713968733203,0.9241161402063035,-0.40130527830595641,1.2954057741319915,1.1865576743070367,0.047373410636925732,-0.22112635323986685,-1.3210327603028731,0.34698754215615429,2.9462202272586842,-0.5375764330847308,0.65155133392493625,1.3520535185489064,-0.016496701432360993,-0.28073425488191656,-0.016015757809930552,-1.1313736230912346,-0.58356731434317033,0.064228235334085726,0.82286758717355568,-0.61117946129574718,-0.70563896623339251,-1.1716879861283285,1.4472742534490566,-0.22732424082200131,1.4292984110460862,0.69933746906890215,0
-0.17635143203651718,-1.7751269994501595,1.351745155260766,1.9593675454841659,0.95704276135547361,-0.52721699539331823,2.2462358958611461,-0.63821749252279703,0.027043091965350104,-1.5537957923942165,-0.7599671101909683,0.44008906297825101,-0.79608767615731113,1.009195101811732,0.76180558468870563,-0.2913864909353579,1.5784434888346845,-1.4072219108051309,-0.34043958640997984,0.79693375368241204,-1.5204998021145768,0.99513034198426253,-2.4717689529945281,-0.16721791033447192,-1.0683289988513531,-1.3717866644311012,0.80501891561101502,0.72463445196466081,2.0071080197242877,-0.29168080594716772,0.018076899382608331,1
-0.33627111380277125,2.9393100120462945,-0.36399200970739892,-0.74931852846770697,0.73882115953908511,-1.1581217148940299,-2.9188375710062613,-0.36495157041737475,-0.46425965342887504,0.23091466674212274,0.82059261741920697,-1.751209344723974,-0.55207435650242809,-1.0323695577971852,1.3069490058422633,0.68281410517075236,2.8112397292139084,-0.10392685970125888,0.62187753840909377,-0.42050767155385743,-1.6084819682763913,-0.86757368546220615,0.31260142507049876,1.4850543696463687,-0.010585319776601026,-0.49738148977233976,-1.0356431977344158,1.2549619515812742,0.97634731955738019,-0.26625648042423555,1.4010369423218263,1
0.46036170113690317,2.0504984801189168,-0.50712382850778437,0.20418239123377474,-1.9694392455029159,0.83860587283316412,2.5316510489299984,1.7455031384086117,0.68859899530719637,1.1165360732831933,-1.3639065299743236,0.88987117998223353,0.78842955860318364,-0.32488995614247246,-1.4659200981089535,1.2738866212916307,1.7323463919369999,-0.356208020672798,-0.50186262609158161,0.59810399044056228,-0.26523096343664221,-1.4382884950407249,2.0177293564490122,0.11383327069057098,-0.78680383177505098,-0.65075081327618967,-1.6112256613728448,-0.55360568695101042,-0.23592469249594217,0.18563377225393679,0.734607859604263,1
0.5607542212918587,-0.19892683931042243,-2.6891477458005304,-0.36982488585337026,0.078940629690495825,0.70307814329577578,1.234604595080661,2.2186058909403101,0.92277137503279671,-0.67128894725101829,0.26090278041842929,0.33169680061832763,0.80706431935747069,0.47681007067781489,-1.4991836382342694,-0.46084575499885755,0.82229776387935838,0.95914303002478452,-0.23376055247016606,-2.3309982058752023,-0.85076723633892581,2.7020629056502163,1.6518207613958944,2.2755642847505437,0.89428803368066645,-0.48471029920806247,0.74024857049509707,0.05658928082395577,-0.25248629437700815,1.8783617335619687,0.20986878011320095,1
0.39890544005990369,1.3358754074139205,0.90787181640059289,0.28367689890276832,-0.3641499197689323,-0.33363000824650862,0.73740888988584163,0.19714945314387655,-0.91922591130389897,-0.77797108502507151,-0.81340430507785555,-0.52613856585353735,1.5226703045957102,-0.4151139603467443,0.66425601571070603,0.57710275319062643,0.3197125788341092,0.33957084200275667,0.77961376504896851,-0.019485310007294591,0.90717687876556852,-1.6178098447102134,-0.27231993646835279,0.73922931370506773,-1.0364816284128224,-1.086420814124625,-0.76021964688858157,1.4199965962969434,1.1717304145957745,-0.35197173916799557,0.22999838139667741,1
0.91618318749932759,-1.2458695583709454,0.94838555941380531,0.52867235585330241,-0.25986459185991312,-0.75702501774808073,-0.64458882509893622,0.46617538157074578,-0.80095231395458011,0.8808199690261298,0.86773851971141924,1.1519528844248135,-0.32805842868957236,-1.1246826091385684,1.873857014688743,1.495400917466676,0.55896926809474112,-1.1562647345230155,-0.75471297805186222,0.57353583998373714,0.60707015992271141,-0.5076626980946084,-1.5067459097617582,-1.2930255835793474,1.3045361708395704,0.033274195650886025,0.18845039339422098,0.60192413971881098,-0.18412974785114467,0.78048466358816015,0.53300530875698948,1
-1.4804771694163612,-1.7833673487164767,-1.1956537230868161,-1.0531478391533859,0.67242901133775335,-0.87641285111058431,0.53241085147813594,1.4064826552323109,-0.24322012211761604,-0.83182221898434117,0.34922222667107744,0.23453600666049262,1.6523895992552879,0.15557192896178185,0.70294016920071634,0.21752749829223736,1.1508460382112975,-0.87615475241332152,0.040628932536144642,-1.7662131121261861,-2.0652713926263542,0.085229121335013008,-0.065362316973965898,-0.89700803883948277,0.075928743903105791,0.011623430997227941,0.31650120839156004,0.57157562358429015,-0.067089630785695548,0.59842739519325838,0.28267540989570772,1
-0.035834122173946624,-0.86121873826627615,0.14407026934034789,0.21600870423859506,2.2481456707850254,-0.093711185276389275,1.4712982122353644,0.4594239328751813,-0.4607568915932182,0.44319135570979706,2.1289416616688643,0.79175760970223541,-0.17808917696880289,1.4056901422571135,0.96287283405012836,-0.70906520267486839,0.15425072581626112,0.32359023026788669,-0.88808892062812639,0.67784073510999554,0.55760418577506177,-0.21313115500472624,0.39441094602187771,-0.57508409519461012,-2.0897997991396471,-1.9127022337555855,2.4459115809404932,-0.6084273391596452,2.0440599518998326,0.53413195098052002,0.047422336186988559,1
0.056078438959434228,0.071602438423275946,0.66468131631173921,-1.8667012238182146,1.139205851842028,-0.13885874914127111,0.099329780663117206,-0.67748698559701814,2.439005353812099,0.61195806237353778,-1.3848141166691901,1.3713564553790634,-0.083941938318832732,-0.48467305372193309,0.90315335310114297,-0.73582164319506538,-1.0400856279939283,-0.78130663924764954,-0.23535563753238298,-0.028144229548900109,-0.12879870895571249,-1.1552038045645205,-0.57671150662986248,-2.1994630433319968,-0.73215613018058046,-0.12721266297134531,-0.37577741300998158,0.18072874935887284,0.0076430993431374,-0.89513509614759612,0.28576833068282537,1
-0.37716677651304642,-2.1322389330379186,2.4055621886543528,-0.26369456539005043,0.96371252342663261,1.8620605702469952,1.3025206846454978,-0.64070199692560004,-1.2331819476541803,0.31209416843377197,1.5216237484791464,0.030671116319043363,1.9448132042196198,1.7951761609388512,0.20362046978819154,-1.6913528901954589,-0.057271545458584983,-0.66384037694692211,1.0740933510303019,-0.85331760488273367,-1.653525435514511,2.4400419149517401,-0.1418267973443843,1.1570254424610233,-0.77680060443125287,-0.5506650115305991,1.0521236878564408,-0.1013327532129969,1.5968937040679672,-1.4094360746825172,1.0327566260145427,1
1.5224278695381994,0.69007559810686847,0.40996387015786018,0.673024963016711,0.8099922907601167,1.2193102627556156,0.48804303429960511,-0.86659766195076271,-0.28020551998845739,0.68868749233552173,1.8325562131804405,-0.26904138834280794,-0.70335398306949171,1.0196181940906057,-0.88091180004378744,-1.7768237924445625,0.53182581904807213,-1.1020085815951557,-1.1089443330843192,-2.1225497167714305,1.2425036928820934,-1.0589510557306168,1.9377928695811641,0.28346579936209476,-0.54577584013817415,-0.62226221498702927,-0.25969472034159563,-1.737479910471287,0.97130996462272268,1.4235692148177668,0.7032569184170927,1
-1.7964708161888145,-1.0864729642095281,-0.49947079126950372,-0.98978815050577429,-0.62348310008050878,0.90059615162108442,-1.1840585884559762,0.66908795601344695,0.4890921850099092,0.30327525940565575,-1.8013870551818274,0.61642623330557755,-0.28761052451316815,-1.488456387140991,-1.0481970884751839,0.53685247364089517,0.56019728872517682,0.81780073705038647,0.40413670312433941,0.36019082069923863,-0.25338258639904604,0.47506433743479948,-0.094398878469716715,-0.038837057340214295,0.33165647601667736,0.27819470330202345,0.46804421834313692,1.3462150992259232,-0.56820440679159978,-0.30730526745364767,0.22112846221307014,1
-0.34916096891088994,0.87336169946211362,1.5183825864998433,-0.063768260267040494,-0.45408970116142788,1.0784288594827736,-0.89832148377190968,-1.699458143435107,-1.2668417887301502,-0.45381169746668126,1.2384490198639631,1.3555390987590223,1.3125998171576441,1.0604851405012445,-0.75099008881950058,0.54764411835267834,0.44254434119554098,-0.95981302445459094,-0.19400652714181996,-1.7129246321425222,-0.028971786405103016,0.50400815512953467,-0.66584893748284868,-1.2621559048917763,0.40166030647556616,0.60600028350492097,0.019639472432836012,0.082053266439638173,0.19983196150828011,-0.26011077584424719,39.810101665026529,1
0.76152491685795665,-1.0376944073419601,-0.20539015086574428,-0.28409968274020458,1.2963098739893022,1.5053213774877983,0.44964146713686126,-1.3559324378359776,-0.41439212213284121,0.27088443546460805,1.0840758000503363,-1.0407687556213101,-0.83413466303372696,-0.30596177569970967,-1.634107065912753,0.28210068587650167,-0.79004341879176443,0.10851595863339679,0.068768554020449235,0.45718136771131113,-0.10677326994285638,-1.5048865858999134,0.024729552863392363,0.9406313795718253,1.0869196828878227,-1.4665009321379605,-0.30116310382421202,-0.6857967753442763,-1.1822964498192525,-0.34909467282399231,1.7275319497196733,0
1.0061329929450429,0.67923725023514525,0.12861132279788018,1.1332501197524474,1.4427214449644117,1.6373241012523312,-0.52947955982093897,-0.27224280716270355,0.0314311555547509,-0.51811955687493427,-0.85424797896526206,1.1428655275056399,-0.78710471779970015,2.0604809528946029,-1.1656506742161366,-1.1343992843753037,0.39902378041338765,-1.780263932744077,-0.39209031333511307,-0.87705216402895947,0.33962824955336668,0.41769610430015092,-0.89964872773215343,-1.0330834804380404,-0.41638672584992342,0.38817645007016371,-1.5582919388383483,2.1814481131064265,0.20943794809387714,-0.24454394071286706,1.3683333651664529,0
0.67162971574825669,0.42936473776359707,0.044873957076672077,2.0456539886820622,1.0561143143006297,-0.1127866521665026,-1.5773577968642727,0.95218850659818532,-0.31146651588529567,-1.1728930066153376,0.3578585338015341,-0.95169394729972845,-0.49093980305992113,0.79264290702721807,0.36330412293751385,0.7422749864927799,-0.6055568832900593,-1.5786871723756073,-0.28575947518321776,-1.7324284702438388,0.013096691750751331,0.99145500524772856,0.64971002028720404,-1.4146096227061926,-0.3365101793453073,-0.062619273135389661,0.57916536253257,-1.7781509417170771,0.35748970509794009,-0.4770834220506196,3.1493984358335045,0
-1.0672313586282427,0.67954906119811287,-1.760171988096783,0.26512264715506273,1.3178448445462128,-0.08392163684329447,1.9241540166124966,1.5699998575969809,-0.92365575635406905,-0.19040941952888632,0.09704771341158959,-0.071837922446423716,0.18904625107223463,1.0156773258073852,1.0186170406386053,-0.37447359788456336,-0.55241858160077728,0.66270266759274732,-2.2059886810599432,-0.8454038652202287,-1.6486281517847763,-2.0949303910894672,-1.4940155200485339,-0.44945988575625923,-1.2519354610316569,-1.0212703139042105,-1.1648809388929879,-0.37174329213734025,1.025931361708605,-2.5200918494907989,1.4713104602395286,0
0.7670087252148664,-0.65854646397604755,-0.9141113126301621,-1.6665809071033406,-0.16610917651059748,-0.64885533095027081,-0.90498875249774657,0.56087625150171239,0.11670354242132425,0.7057420125904138,-0.85863270512921741,-0.097752119816091249,0.6011532061690924,-0.09400974499318128,0.39197028065774503,-0.29393545180607861,-0.31887515122496179,-1.5312716007351199,0.35796484855683769,-0.22313044268936655,0.83306042052540186,0.52307245609791275,-0.17296593765672721,0.86095719796270653,-0.65594653642761402,0.23651705925415223,-0.8824137369780839,1.0745813867748926,-1.3192073838406559,0.18894094809807616,0.88271649201173341,1
1.0339636227366393,1.6522894378357773,0.52923844638284367,1.4322788006367833,0.063711346844219141,-0.51875966815907071,-0.40951525885906648,-0.54382016260297861,0.28919961412251288,-0.93119042191067025,-1.0247994844774642,1.6378170431110382,-0.49368934599978587,2.0254454927829908,-0.51253246894407323,-0.78227354794803494,-0.44287701390341455,-0.4862228682984216,-1.4774710703471294,0.77623263899961903,-1.3100135258688359,1.4824142294915161,-0.66358414275150812,-0.13903663953717005,-2.2154188607942098,-0.2660525762251883,-0.14468255728552171,1.6561011329434805,-1.2555087554369067,-1.6070486109243205,0.16848888835855266,1
0.66918399884514679,1.5861508385641652,-0.87230534046606101,0.67629878918257624,1.0825936915149683,-1.3248504574833286,1.5242456690541879,-0.5145926593850636,-0.32956987079476224,-0.56206997059122565,0.54363952544647076,-1.6520736618935796,0.4498266899787261,0.18043250022121085,0.077636668844537821,1.2848349336389442,0.18496680291990975,1.5237909285313791,0.054517593734634606,-0.42835330857527271,1.7076200481996218,-2.3688574363649111,0.49415506448210339,-0.9742879807296102,0.80796713812317933,-0.59817406333610001,-0.83726906579263993,0.041142987769861812,-0.5976940793103428,0.51639887922740835,0.22369090856409377,1
0.91086407398014047,-0.74979256365043079,0.64726053676311901,-0.31823031959711151,0.034337166412725981,-0.48670709107186721,-0.12229136497277317,-2.4805632078561395,-0.63847665135190579,0.4911352460039623,1.6777069421927417,0.43453965834991531,0.035335058186371421,0.70232568850105193,0.07306363022583795,-0.35022198825901246,-0.38750548386029826,1.0717385678617106,0.013642373695551924,-0.6488683828665377,1.9316521894061103,0.084060663038364278,0.40256704295528906,-0.38154482083181485,1.9631396017529847,-0.23430141653744269,1.250607183734548,-0.92803780675230274,-0.34835655216080497,-0.42683375888309794,2.0763552408054253,1
-0.22348188206026459,-0.33469838542419955,0.5254715904343501,0.95258442836411017,0.21267129082576319,-0.015881318813130218,1.5332522486867175,0.83370691767830307,-0.55134657583202074,0.348765456178322,-0.6446880666260697,0.27119010609529098,-0.18612312178314799,1.9461601685171204,-0.55587052417510807,0.34270588057832047,-1.9167530035208127,1.1773691039949574,0.82395874893885579,2.0162953712855249,-0.21421527009526098,0.1821812296257021,-1.1691035026832695,-0.98466483565112728,1.0014875330175306,-1.0110745584282199,-0.47577065736689778,-2.0573366077111461,0.8778630858888774,0.23458104692703299,1.8640414256481743,1
0.8445814303606628,-0.19875735974046224,-1.3154256684658907,0.4035530383854522,-1.0459528703961332,1.2342184936455511,1.770941405820587,0.28738125635908834,0.92642510321320115,-1.0008204561092535,-0.10744826301451052,-1.9850887255553087,-0.14822678042804815,0.14606581068632671,-0.7569990538924638,0.71131250371512356,-1.1334946400442414,0.71244095062567137,-0.24381455563097323,-1.3362267556550937,-1.510759850534301,0.88982040870721535,-0.8723741822975325,1.4986945645239049,0.81949580808093858,-0.24584254880324188,-0.938455506635271,-0.77629345151606033,0.30931207088348683,1.3990873681673934,0.045840282387824255,1
0.090700240932766463,-1.4835799152314804,-0.38595582213535723,-0.58720623769398606,-1.3357968638742292,-1.9036153114830647,-0.22172767820216044,-0.78112391117607904,1.084267846684847,-0.11466845031301209,-0.10415682353779027,0.1931219618015638,-0.31257448212834882,1.4583248357891048,-1.1123245742364709,-2.0784133651774219,1.1513846177153655,1.038459328788895,1.0174819272105668,0.65382656486166535,-0.052699480483614662,2.2727706909632648,0.54761503654978683,1.5953645516132029,-0.5602790254247253,0.20658051706683642,0.032346830686916329,-0.79620965723930359,-0.23165090980558559,1.0516945626610503,0.047869753313327108,1
0.73571758055133785,0.67172974296136945,-0.17791586678213242,2.5492241820407826,-0.087995382838578676,-0.12145058569523079,0.61270002380519306,-1.3173481511518983,0.27816780253597911,0.55782195454237271,0.8237773464361704,0.32663720949732711,-0.48038787683761852,0.44765985837106553,-0.049730034594431649,-0.62358532331216565,0.52356246021133568,0.20472351972823871,-1.0757354261352199,0.5599321615800823,-0.76060476734794802,0.21637011325463226,-1.4787749601129518,0.14330067031251142,-2.190837412117026,0.28325582562397356,-0.0286340759817326,0.22302131570974937,1.9361729033252402,-0.93921711527253282,0.13349642176661305,1
0.74352071388623397,-0.36838730817148757,-0.1707965818690991,-1.1954528138242919,0.4381174368243077,1.4043381269409874,-0.46582215866881121,-2.7891825382251083,1.1816504567666539,0.20694575859000586,0.58607182721106776,1.4669391814576931,-0.61004146963368977,-0.4759313517228016,-0.18437579973222396,-0.73799940714312429,-0.31397060008570776,0.47423328106077356,0.59728933887043512,1.0398051265451536,1.4414378923999054,-0.10616020912440927,0.44741301865541383,-1.9420010001950414,0.0320501144417661,-0.37547499732281686,-0.17251252433429154,-2.0456051810196101,-0.50905860984893436,0.0872468824645425,2.973571355271043,0
-1.7597932657233715,0.16274358927571395,0.088288136251362934,-0.81663019034318562,-0.36857674697488835,-0.06050957651046731,0.98202952604430727,0.21046717718069161,1.0811046117990739,0.55066225736787067,-2.0080054717802613,0.52958356230261339,-0.20764893450560246,1.0979002214394942,0.86883028951260077,0.93583678639317025,0.0013393822102770333,-1.0028780122085934,-0.081262611556995143,-0.32955966990476959,0.097446371339157775,0.57890407380432307,-0.63786297425334437,0.3821374184147856,-1.4537171728615677,0.71631217584385098,-0.6999582658585386,-0.40840831060656807,-1.2380491184282887,0.20505653974406926,0.37640966493243733,1
0.33465070845282041,0.52327626396518412,0.13897431975358884,-1.3002968734309279,-0.30280503056616342,-1.7819322024192421,-0.20217960404450461,1.8165174671663009,1.8012098918138759,-0.84186190391551974,0.12475498410561071,-1.8643341284015447,0.52365774028887435,1.5168020915885703,0.26740601638356953,0.78655219698356882,-1.4207921487262656,-0.63069094732519482,-0.66786031360485121,-1.3536799176193921,0.5888900683672863,-0.63441997491640689,-0.10765065122714836,-1.3525940032692609,-0.25172233218993922,0.97800366244444081,1.2546903313769044,0.15459205372672219,1.0151948367124652,1.4631610400786512,0.65232856835356912,0
-0.34200554533026306,-0.090564249831742466,-1.1761645118762802,0.38619438282224344,-0.18538886839371688,-0.33685795413167074,-1.9493298685851459,-0.74297051136992232,0.13109417047765506,-0.71727939774159022,-2.1222549558436268,0.85464481669268733,-2.4128365640233351,0.68709650457230087,-1.454654249577328,1.2772056017507334,0.8826873025204085,-2.1413396544804786,0.81415416478860081,1.301578409420622,-0.59673480472909723,1.0172945515560325,1.8915219352044927,-1.2087683691544504,0.42788253672418047,0.81104125711824615,0.30460854999334702,-0.013317029438874207,-0.90086014796172298,-2.2304584094821736,1.4226096303616484,0
0.79585869339697557,-0.60473275247591074,-0.046002648686329084,-2.4799463592049769,-0.15207255199229244,-1.6696806476404547,1.7379686361989637,0.29109010400630964,-0.31831819879538525,-0.4839205042720065,-0.8186076563014727,0.49912987795119884,1.1698932959709616,1.0059220349455593,1.1193642822337886,0.44837437116877576,1.6458568438119348,-1.0682868376824606,-0.56309878714564299,-1.236217446468413,0.75402455422427594,-0.35169153541988502,0.20054609017411712,-0.095780751477687304,0.090770517570537446,-0.49511799845176413,1.1109545072901652,-1.2905864647021759,-0.74527117171347768,0.54093406523228771,0.036939436164297249,1
-0.044945636442055771,0.81747452555266642,-0.24284369438830583,0.15320547321378189,-0.1369884237984039,0.40793034320420957,1.0355061034384723,0.093797015198780379,2.031005388939394,0.57840018870847276,2.2490044063944974,-1.7892541601905187,-1.2108055339830457,0.86143499635117038,0.28354421226051901,1.13015912483894,1.0808748102012911,0.32134836067022765,-0.35920164776228164,0.84066710636219022,0.5761884671977795,-0.21222384933819674,1.0417897110368,-0.85876786007611661,-1.0124637238314758,-0.11890997176349923,0.21340637721831487,-0.10231942519872571,0.31785435753445751,-1.2634202567929569,0.47387151794084031,1
-0.5114019925948502,0.53416302290371731,-1.233378705496921,-0.77999510612188017,1.3163350569241765,0.014902694928967297,-0.41142879585175124,0.55168384553799776,-0.75503292366219099,-0.50851464039691197,-0.21709308580781408,-0.074429743936058695,0.38416193007358324,1.6956496119100926,-0.86560493529121052,0.92674929400870398,0.49419975428000923,-0.7930883408937528,1.6585363803598252,-0.043118486292059818,0.89662379544476101,-1.3692291601884616,-0.89457188498866691,0.30900436545184096,0.93428309448933833,0.30189118024144818,-0.32558522283963431,0.62562068773956703,0.60126823646323835,-0.91114562612767991,1.4311444115464926,1
0.54242914790606445,0.033254847631128202,-3.2788247309997351,-0.88056023775409631,-0.62207453140316415,-0.10606543184187352,1.0856788051972739,1.2517211208533525,-1.3643439826478105,-1.20786381378438,0.74642444509622763,1.0712792029555145,-0.818230132465672,-0.75709111136452323,0.31844574498806932,-1.3257992012172821,-1.170766283474961,0.27276228204184561,-0.39791299514211326,0.60191259821600862,2.1661670042751591,-0.42839459065519103,1.0908894980008146,-0.088991275044789458,-1.9045126950059279,0.50990052073645786,-2.6718461413749517,-0.43561387358221582,-1.3534264497053454,-0.21722352970253245,0.26892894025992642,1
0.8668783432699303,-0.56424347872066261,1.9389712006388702,-0.23508377646841461,0.4246500480650639,0.13340357526122079,-0.1278557969809731,0.76889249572294727,-0.39532239142065767,0.86430296697808717,-2.2038260717440856,0.10137314707423979,-1.9756219194883669,-0.12580955926418894,-0.77405875041791172,-1.327647222677846,1.2056770517961517,0.32081159670080517,0.12437014562037872,0.61524760634642583,0.45043264495268642,0.078552244769211133,0.7829752694011699,0.80010615653918515,0.62230550677770213,0.067386952747016324,-1.8214765664325621,-0.34854567081597704,-0.91313423200715393,-0.23395455272394478,0.63754056668023318,0
1.0908891604925237,-0.20744248892579417,1.3766550579859471,-0.84240522234756376,-0.80499327892307448,0.14294242853862424,-1.2078877625826705,0.75291494831980821,0.37438392171062906,-0.67262816070770748,-0.072132039550957955,-0.11602535502247896,-1.4173732417208431,-0.076285028304618877,1.67111759460565,1.5658075614953082,0.078311761340799105,-1.3510195255313711,1.356182572385624,1.4388575065698057,0.5692772872164793,1.018018545970657,-1.2542574674397018,-0.35075107718535997,0.3226909880158631,0.12416418624712268,-0.67748564033060676,0.40944815226550935,1.4218987357770223,-2.0279077033915298,1.8096767024284064,1
1.5706369729399927,1.4377416784528454,-0.4198272827341738,0.71636666699913398,0.71784025439096766,0.57950819953781607,-0.73720370791929057,0.45042710299942906,-1.8538073038417748,0.034395303610136839,0.2630809858014575,-2.2058810211186008,1.8229515084772874,1.5737449912295376,1.722516333795264,2.0190585660761733,-0.36955881547705899,-0.79725495267350521,0.18984272997532461,2.0626881418314462,0.24179588786469422,0.51776662885409208,0.94738820788308364,0.55731943667096617,-0.59713302299820781,1.4005407951068098,1.0250881572966102,-0.9686728318685307,-0.28683307539459763,-0.06514043400979079,0.43002652424410348,1
1.0552428235947391,-1.4651895160362729,-1.6182874801799514,0.32864465683399929,0.80758895903081329,-1.3919328085721352,0.21133052575686051,0.20292003289080432,0.26312592474992896,1.7170611599976455,-0.12052525111399487,-1.2309004338221139,0.05247546542039646,-0.93037966344239698,0.40463571805084508,-0.46109172794151065,0.0009424767976419883,0.36761444136057086,-0.61317462927092437,-0.72912335773796633,1.2523155065352194,0.24527460068961224,-1.1461659040632413,0.9265328078273396,-2.1322595366760346,1.3463674470588836,0.062526365896417038,-0.15981102687268914,-0.65756674229896406,-1.0104407606413777,0.067347479080984568,0
0.31194805526487984,1.1124796954555716,-0.60438694875739563,1.3702390363831989,1.388451357654704,0.015654157044177379,-0.042633954357743836,-0.18701766365542608,1.9285410718217098,-0.46016097002982614,-0.45474886701936906,-2.3807650655295207,1.7061939214742849,1.0322623293418061,-0.094526780535720334,0.36147746788680718,-1.6023300921531829,0.55394534514390403,2.1772614401073884,1.489287095456356,0.46252506932625376,0.50736325221676115,-0.55852780498029242,1.5689641962277467,2.0596996007800898,-1.1940801717047553,0.47136738061155098,-0.31643673430026248,-0.51883476012563845,0.37944189028834507,0.31843524941172402,1
-0.043845509677260593,0.39944496566858373,-0.68944825065358906,-0.46611348770383532,0.17706755371177663,-1.2974072419129412,-0.56133370742025201,-0.045730471690985548,1.9649668174357893,-0.19583046352121025,0.19994357321486725,0.24453561683839334,-0.37956865018062558,-0.94510778577089571,-0.36137995571196202,-0.26958915544308787,-0.66161177654142977,0.10050935359383459,-0.89291247618641378,0.7857512852589712,-0.9120857798526385,-0.29434173200124414,-0.49009445287505715,-0.5500665403757744,-0.61163518163360098,0.95827347051369272,0.66235446077930193,0.11580951184735272,-0.23313157568217957,-1.4224824704473629,0.0093097002310943526,1
-0.2444524962804715,1.1652518827469673,0.43365304423223394,0.58570163977007306,0.29901151800229786,0.18933403812791133,0.58912251984033737,-1.0252782480130749,0.72071831567757072,0.13245542040826294,-0.2708333267211997,1.3888877080725965,-0.39412238929911625,-0.78850292340915107,-0.030910912484875822,0.75427638056057678,-0.39903241761503555,2.6951603193281541,0.84931491232084677,-0.67535656145901024,-0.25777847333331061,-0.45043692046527989,-0.044715392852382345,0.75441343827549823,0.30142624517485972,0.16852081483632572,0.99063423123273242,-0.17537849926701043,1.3595773657967065,0.32272716778546334,0.53462541874449088,0
-0.081924780083053692,-0.59699716571142691,0.14676002783651901,-1.3491469021467,3.3459926218425604,-1.2142471040438991,2.0622309811445674,-0.79685920742599425,-0.8077529634943833,1.3923056665019653,0.15420855436840708,-2.3775670504237962,-0.61268668032574403,0.57403986070694291,0.13917528668876883,-0.54940497443919911,-0.35269166599988228,0.33252343417912411,-0.017131782634025094,-0.75888485470377742,2.3031194306101574,0.69190673065457131,-0.051029414294364132,-1.9916679271415345,1.886409662467708,0.15920160440875913,0.96930372750175708,0.7290818290827521,-0.93610827287831599,1.0230281258014646,0.0086530934109710373,1
-0.71659762872068911,0.53403810226123127,-1.3766685218638157,1.8768775433016756,0.46639961246986905,1.5182845482903395,0.52838143304315988,-0.99082978622937767,-2.4369044733144904,-1.4669473748061037,0.49891997701898488,0.2436663870911833,-0.39717060169061486,1.0475614575590018,-0.17751633838884812,-0.88129307052090911,0.24149758685555167,1.4112721910261528,-0.45042897438350926,0.57300027903969253,0.58240152447882787,-0.4676636154025513,-0.57482738355793905,0.87833161094139123,1.0922867132413419,0.26833856318558386,0.13019042690812171,-1.3129779488992004,-0.072540669065195476,-0.90027851390261349,5.7407426145060194,1
-1.8594862240841668,-0.50554433046506198,1.2769064752088508,0.075104767330030645,0.046956964565183688,-1.768279037967782,2.1632160796165771,-0.56964880347443891,-0.17202199724630951,-0.12024844751514982,1.510124435425521,-0.0072968672315562788,0.78968455311106678,0.73069503946695802,-1.5834529179138941,1.2339789751502954,-1.6562409718979485,-0.76717655550202679,-0.53697763580026137,0.22862524013499139,-0.18860326747391962,0.37913173026788521,-0.43688888045588015,-1.5152044425066777,-0.32592602592490849,1.4716047163748975,-0.60104252015591642,-0.86375627732385252,-1.9967935065724325,-0.70202359977095619,2.2573684330277084,1
0.17259168611845568,3.185807887998338,-0.6910773904276849,2.0064474122538196,-0.47026577921782287,0.26747156190075838,-0.069615163896603466,0.002661480562019247,-0.073995574670304057,1.4579565105874985,0.081764877552672796,-0.072337443835414184,0.60170998290642208,-0.39181988160404241,1.5716081022010153,1.518198628703596,0.064629248709822562,0.46341614922360236,-0.95678945322992182,-0.3966677161554083,-0.39081607711487304,0.5630288780323206,0.041543746836863897,1.4149092166986781,0.51077277717972014,0.49269614054240451,0.94691398294964435,0.87255566253125139,1.8610144648086262,1.0672068994186528,0.45255717967967835,1
-0.13860128245631353,1.575538103804754,0.47580117607210765,0.42938480125057499,1.6579745327323128,0.43539443205207207,-0.61110417390880112,0.59474853497182933,1.2524302453253715,0.39146827983188426,-0.055901535417596432,1.2417172261298797,-0.33259301669116664,0.61836156511686635,1.8505582916279966,0.74438876309315305,0.26660303414242453,-1.0488190719824531,-1.2803275723230392,0.19644468415841271,0.01182225095158136,0.45304256057732251,1.4090309568351611,-1.1850168856669876,-0.48013085951377044,-0.49200744070455482,0.74266728441410812,0.050419215666995768,-0.85358096953945362,0.1042216625804027,0.55166225652683043,0
-2.1835384155546427,0.30509055746813007,2.5614670961487782,0.98853764393210009,0.38236553479718499,-1.5978212943173671,-0.2879769377628984,0.12254112942665572,1.0253537396337082,-1.528551231592836,-0.19244541848027158,-1.1720917111063376,1.0261602059275625,-0.32787457156161093,-0.44783459548748999,1.1105947472844386,1.0329461431029583,0.1535954895466646,1.5119215016260903,0.70685177423924228,1.5225278812890368,-0.76097019646660558,0.31808122307697584,0.30547728980282102,0.67877154914178706,-0.092594436941618188,0.64296944104848242,1.0593550968703647,0.2886894592685163,-1.9911406110769427,8.3659575024151849,1
0.066921134751944125,0.88630982281775195,0.74705289450901902,-0.44594964174099205,1.5377006919381673,0.038304662199155674,0.7538904261431465,-0.018040622911017531,0.40312925749789497,-0.71000238073973632,-0.32514389304509217,-0.95560286665656757,1.1953875044969993,-0.49378315335955481,-0.67083389947605709,-0.58557631492693618,-0.78901080313604766,0.64249909351364909,1.0666657050820934,0.93235413558924973,-0.14077670062808056,-0.1054715527905727,0.96623504189796283,-1.0435402300749252,-1.2718612832316551,-0.54125167229701432,0.64214783875361614,-1.0763699951265275,-0.74488901788423179,-0.69291855774202005,0.72941634200095773,1
0.73441333294292732,0.43458720494110187,0.97173611186096009,-0.38475396608569901,-0.85742477983643783,0.85475345454110951,-2.1199115845980434,0.59954673783076018,0.89220370847727593,-2.0435316424798975,-0.10100232078078988,1.7677529113754873,-2.0717836864939669,-1.2881354311638598,-0.3951905425809526,0.04394784012461566,0.41598941140288287,-0.9704701019086357,2.5436094532974511,0.73902305797167767,-0.1566519005100796,0.35467754657297035,0.12472714518083342,1.3110881276710065,-1.9883129660545722,1.0555363310822825,0.27979168702852864,-0.81534011825104691,-1.9665931015588256,0.9829611343662108,0.07113317609237417,1
-1.1449137343009019,-0.84814004022690948,-0.56549216102128519,0.10047975477311491,0.5324173473741316,-0.20316071433203145,-1.5082086361834672,-0.67840874859660116,-0.58770602895922452,-0.98667869730239799,-1.3423854992546587,-1.4164153893339493,-0.49638355606282825,0.81997624451519691,-0.27293158462472511,0.37878179760038033,-0.50011018398608398,0.34041764228480798,0.088967093867737962,-0.15639272769262819,-0.26385483507778001,-1.071731722004158,-0.92857257757375689,-0.44884069518951036,0.034263054649780557,0.36769051684217219,-0.21119809191122302,-0.25921621398171313,-1.7110720696216302,0.33200502301810636,1.9041442458885502,1
-0.12430054909218695,0.61484663398978401,0.64300926668137992,-1.1703469613617328,-0.75096869076002726,-0.43622849285355819,-0.15466894629963324,0.062991811613338791,0.98474068734817355,0.56646055572655929,-0.53891447475286658,-1.2907665527810817,-0.31584567545383446,-1.1784784550066192,0.61516869020901344,1.068476674315836,-1.0707863382531333,1.2354568156879167,-1.4839827279787028,0.39862002111114136,0.72268696393224086,0.095143800544353035,-1.6450790843027854,-1.5507731476946014,2.0643970543524954,1.0020943734137806,-0.97508988656721429,0.71886761125302256,1.3251827940738337,-0.27180063647003228,0.37613135175703505,1
0.86455617238348026,1.0509121405443149,0.11560445715552439,0.044000915996164389,0.67224314536591734,0.59594814083608016,-0.60619528726367622,-0.41783120889874814,0.22191213492920317,-0.3783501864342439,-0.17075715119639542,-0.013224820070529395,-0.68077552511521644,-1.2738925818056774,0.43498937383917474,0.21095954672222661,-0.13965016077868653,-0.5710516656803698,0.8232116309627262,-0.44197247147029045,-1.0678382413269225,0.18719932192447344,0.35152516121037719,-0.18657334801211378,-0.36438528056630493,1.3538769305777989,-1.7111934900852577,-0.65682189331656859,0.47665376231431694,0.47872554763885161,0.11579791276917267,1
-1.5962931976380386,-0.33176350216366191,-1.6648722805187222,-1.0317654913763152,-1.9523888449225419,0.13252786357796911,0.62076344298578856,2.8789701566450128,0.79213211933176586,-1.3556192653511954,-0.20030291412788398,0.87103688855957762,-0.77214532306371997,0.34373604056487012,0.40428794428048059,-1.5041446258144993,1.7536020001646344,0.24132980146789029,0.48472832801796911,1.4228566789993213,0.12001126016329783,1.8532970789124659,0.6965409362657552,0.28533532113064247,-0.0089190839775201147,-2.0397471003529866,-0.052406094351688297,-0.78652063668467986,2.329929481361761,-0.93439650960131559,1.0918411165222719,1
0.13152393365707513,0.82088957696021203,0.1344643306610544,0.51950582473011409,1.3127700813969734,1.729922989656659,0.73514308787158322,-0.13735910149911601,0.54584331136903586,0.47841515939276463,-1.2156060059791403,0.065023390448021176,-0.082474512101157541,-1.4226257540086023,-0.79884231823708518,0.11120733201800564,0.18672355984631281,1.0343255191100282,0.91792082603433234,0.83222373276755002,-0.53168555621467994,-1.7934446330012175,0.20593514176604888,-0.43651583545500811,-0.62268556216837923,-0.10709502849876402,0.91974471196661911,-0.11701752639626256,-0.18467395672850884,0.21921228536167042,1.5340861497288591,1
-0.67170475060872314,-0.9251671789744047,-0.63418148818124431,-0.49008345698621208,0.24386719296412634,1.504459204195925,1.66709115992948,-0.80694686159105666,0.53316195059193516,-1.3448856448790496,0.42931941583194605,-0.14073470803364696,-0.19104576256582964,0.40328932177909826,-1.1241380222150215,0.48678636265631936,-1.7653358698320254,-0.10354895962057757,-0.10379875977890846,-0.017664730707481459,0.69160687443753022,0.023849323224409167,0.81451343435037882,0.59968089730582019,0.32465152315343143,0.6418014430573642,-0.63922575783572333,-0.89722209462421565,0.60015587410365423,-0.94065024770929795,2.861399002605431,1
-0.19310769110051412,-0.44474183020984587,-0.47153182005570848,-0.088566537223887951,-0.16486102292083696,0.37792830170148484,-1.0988543232258878,-1.0572545733906027,-0.026081046792438885,-0.57538684902865833,1.1218170873980775,0.46256051369097662,-0.89315329878456207,-0.056723067773964214,-0.6452872704178606,0.85022762758392112,0.66976612746266051,0.25655138144282769,-1.3164896128478831,0.85683636755112735,0.22575046940418389,-1.8079553953189329,-2.483849032375371,-0.89998400531725564,-0.39719449296067721,-0.56995766046084206,0.42895161610397753,-0.39085688730353774,-0.46414121408532466,-2.1132422924673451,0.29329245745870081,1
0.52836425943633625,-0.20997459446762246,0.98157754782570661,-1.2747591809648753,0.55856304086934061,-1.0570883330759693,-1.3999675598433268,-0.24833425464788114,0.8314284520412033,1.0215161817675249,-2.7037942313758734,-1.7657738679932942,-0.85106816859104784,1.5934982182537467,-0.1948070980324281,1.3999975707860817,1.0684761721679079,-0.54464024134262157,0.2340713877201078,0.77705692028424234,0.33071501508261419,-1.3080701731050401,2.3159817665629476,0.2257733751613894,-0.36387168311613421,0.099532776144505702,-0.94716165881099457,-0.16672871884540094,-0.73720166994722247,-0.38505485619022078,0.34885033017097217,0
-0.004928849776663565,-1.8373404451161963,-0.8967880334433852,1.5688912294412556,-0.1511847244007018,-0.6948518262726987,-0.009414644853793579,0.9841627246379776,-1.9079918385847718,0.16303578849529016,-0.54581560433840637,0.021605345127026214,1.0256994449129613,0.6487267934189398,1.003001634399824,-0.80290476366316466,-1.1479916709687974,0.14431492188069237,0.43803850383433596,-2.1763545905351904,-0.83754555705050016,0.75037468246096639,0.59681773549030359,-1.7438826665568867,0.54517749127684123,0.07552158865424112,-1.1160956935105431,1.2210055698922413,0.8565575172473967,-0.2577738738233315,0.075089726692123271,1
-1.510811796320352,0.28310179917094663,1.2690730211712331,1.2525479923975142,-1.2104916398350913,-1.7420350108449516,0.23702027174666943,0.86247132933796666,-0.15726360282437316,-0.73337580165245719,0.81367975625205902,0.23626170501980157,0.72496467516595842,0.029559414237855072,-0.13308147803702025,1.5701436321592679,-0.97010595050449988,-0.92815193747301572,1.2924467656092062,-0.031411793534519089,-0.74853977999308996,0.54730973935986971,-0.87305033612878047,1.0560987342675512,-1.1555001613445568,-1.4854746878888472,0.53643752931577993,1.6175875617189983,0.72788020742429449,-1.9165368489501582,0.079634322472565536,0
0.12400623093711637,-1.3159698760627689,-0.76443545232776666,1.29953519967943,-0.72767716984569097,0.17961179228157256,0.86716812891615591,0.74918930101141934,-1.9765698689949196,-1.342883935238854,-1.5202855313798647,0.80678565367484945,0.36367894320233668,-0.3586804708333981,-1.324433649469436,-0.054878930008951846,-0.26003569636300455,-0.043901161864888252,1.9757671345723737,-0.16132090389306439,0.49663527350944137,-0.17071521652885352,0.66511655800503988,2.2044694326300078,-1.6478806778330055,-0.73502174069991422,-1.393446899480534,-1.079770181464679,0.27152088748628067,-1.2197012400805622,0.30017053868545651,1
0.62421172492180288,-1.1458751117160209,-1.3951493792838667,1.0093249921538943,1.1160372285904816,-1.3389052979942737,0.68554734380040239,0.45006445611387141,2.0000870885018642,1.683097411652327,0.24188329216544574,-0.92891527258722373,0.021400221664271264,0.26073687933582523,-0.29043120512288462,-0.13144447703245277,0.47543053928583884,-0.77099390009857371,-0.47427869562896791,-1.4737941224018949,-0.6368136707740647,0.44625935730757132,1.0321950225308554,-1.0122932662466357,1.0760548747702834,-2.3215095815972311,-0.48132168694918637,-0.070670937153226587,2.2275782158844657,0.74411932976235795,0.0077039907664113007,1
-0.13189279336515458,-1.6902692324270063,0.47475816973062479,-0.94914393964241062,-1.3438068028071597,-1.5846855287499404,0.8606659891109012,-0.45928403801248924,0.51968259767614211,0.090144509788827099,-0.37977693357470005,0.54486992192299999,-1.0782236632541125,-0.071524730973377443,-0.97893172941830231,-0.24496270558386815,-0.037884855447275129,0.15633567206451879,-0.70830334619023405,-1.4439874985784209,1.3283343999625197,0.84318682458015493,-1.450741675411795,0.13581560703731649,1.0360585730143121,1.3869820049674282,0.15789898497809765,-1.5397876155289201,-0.51288127112557846,1.0714439248103558,0.012259342357209563,0
-0.29021069432047886,1.8761700350170694,0.38852990704556101,0.17457706938644371,0.84926052183094725,0.49181129671614565,0.30324005382448438,0.33805098559735325,1.1323338481561371,1.4343446561896338,0.2710146239306806,1.3798603309210473,-3.042810353056995,0.76902727887574185,-0.17758729269710724,1.0927049207210535,-0.52808044054527647,-0.12588217120265843,0.86817092942713392,-0.47077741562255704,-0.4050880325328256,1.0340785242520849,-0.67307495849121091,-0.41815202992982448,-0.66898037293244439,-1.1832809652114864,-0.76977262726333628,-0.61375012837028775,0.81124400492501891,0.88800348460910461,1.7637754448451541,0
-0.08204321263383077,1.4395233466868838,-0.76830469818835478,-0.67039393786364954,-0.01084054308814637,-1.3509671771861116,-0.80296513761723298,0.6293237772583945,0.56850340436316216,0.64509895864872591,-0.063248379103610849,1.0783599748508625,-0.77132492518019324,0.38647343057141192,-2.6064472055232146,-0.65153936175277349,0.20623373459431318,0.77658249271803459,-0.57458916524845871,-1.677774200484824,0.36582057222351017,-0.31331956982232817,-1.0144646313731867,0.52863345560569763,-0.47224574572151407,2.1976700969253486,-2.027156155802325,-0.53325804449281555,-0.18061514840563345,0.71430953983736101,0.73223644025255008,0
0.072425794820917849,-1.8287527982295604,-1.2291936871899962,-0.12580276750934985,0.3731683107068054,-0.42107056598248022,-0.26678885261560142,1.2532694350381248,1.6853112421765744,-0.74897312160371132,0.52592434998949467,0.7161363054431088,0.82021271457163514,-0.73295246740035991,0.22851849800255417,1.2722408668742555,1.6889468345304464,-0.87840664815784786,1.6961229525632562,0.19181402049630564,1.048308406313087,0.22291358954549881,-1.7244421057024424,-1.4454558416584855,1.7657744975838221,1.117094751673851,1.2518881460482565,-0.12234911333176685,-1.8992378499834861,-0.28477194486057189,0.18057980846331059,0
-1.5541088707208652,-1.6320919044058986,0.49929214352612861,-0.82309610370551656,-0.23831312445837341,0.26973214479080909,-0.2127051213487986,-0.12685190404417579,-0.25258042180734569,-1.3254774204472124,-0.29779677190314974,-1.0846450655753632,-0.27328074179524531,-0.023770589943091336,0.61493975466080508,0.15681842528371984,0.59490551389413771,0.89422477572286163,-0.079815655986617592,-2.0808205203934684,0.7019952132974806,-0.45324107432553762,0.72188675992157625,-1.7005635005197544,0.97806642086734952,-1.0602573872409573,0.7322824308884236,0.10149647496185919,-0.40021885496598153,1.1471675634383298,1.5173649699430927,1
0.04519419904483455,0.48651566836433902,1.016136962455876,2.1496161821717941,0.98296190516278559,-0.3788370410933975,0.95645040298955575,-0.12232573578811218,0.3554484575550429,0.47802899641591007,-0.38220308351823201,-0.9635332029348419,-0.22294008080836875,1.0648945693817067,2.4289328754260922,-0.52593759935277695,-0.39845122028163038,-0.22942063418802622,-0.087958461400829663,2.7414076196409676,0.50262283678828135,-1.7555687714113017,-1.4544454080104445,-0.11046902283036719,0.60911288581073064,-0.23021464358783242,-0.88932475876277051,1.0539553155884513,0.42951698966252716,0.54509557392373076,0.031346798003204106,1
0.47907891694392918,2.3298820736746531,0.59237476247000631,2.3007845435339269,1.065886858686715,-0.83149258092174161,0.88046889999159883,-0.58137903173915917,-0.52063332873258394,-0.60545587317789029,1.3940688189176227,0.19744089638801418,-1.357825425799571,-0.97256007667162969,0.51257006804292071,0.52111642023044269,-0.20762214927943551,1.0017463840572987,0.95750532527169852,-0.67177276014048914,-0.1122527301163162,0.019527592148074691,0.69777298004591437,0.078635954621783882,-0.97519732610460197,-1.0023628843836774,-0.98158660924015773,-0.94976101046018557,-0.54236666328156824,-1.3187716601974304,0.16289075797370944,1
-0.072152938653602103,0.1327407297262081,1.3587122295141594,-1.1239786689424198,0.78862438584942518,0.91791896446816879,-0.95070711925449547,0.37783667331162701,-1.2087020817665637,0.47685208057575335,-0.4591819703379495,0.85651282906104986,-2.8701185979885522,0.88927402244277409,-0.12373684177952443,0.93888386517092537,1.7330438017837966,-0.5025523010437245,0.77283893977467011,-0.71019517348357653,-0.49112803365371993,-0.36288251587992493,-0.27860030219138471,-0.98111568617469047,0.12155008803422036,-0.28752381064301702,1.3430879641737634,-0.26975480525806012,-0.44646108062700168,1.6662223477882703,8.1087607227032841,1
0.46113770470306426,1.0508539020427998,1.0779016581564567,-0.057720985600536463,1.2634385846470348,0.56753299611651853,0.53890509960078714,-0.58899188980419392,-0.70666171411216394,-0.28194696214661252,0.48848238275964073,-1.3261515493998828,0.17783816571847746,-0.58257906840100493,0.37486083730966846,0.84607058997564921,-0.22396421579602721,0.072156343558786751,1.3252208469882114,0.78083745488328737,-0.69897828456596423,1.5866821998104448,-0.27191781459687009,1.5579116075783543,-1.6942780401860082,-0.4361196325834315,-0.190817635341227,-1.0375589892932544,0.34375250026797216,-0.67481443674314534,1.6483049599117543,1
-0.6234134266746999,0.11656129576683714,0.91565675576696559,-0.93397906376623352,0.1929387545372033,-1.853276311327714,0.65056539410872216,0.39783665968039283,0.51407811710788764,0.39484709439231669,-1.6688024285249166,0.52061637101340008,-0.95231533724416817,0.59509855716824378,-0.95811409484557797,1.1477751726100571,0.014781288861711426,0.48023421144706752,0.20741682770166261,-0.024010622204216747,-1.7046476758320601,0.69197762290991516,0.29169032559007452,0.38008068193161532,-1.4828764166225199,0.20921686838456857,1.3128579717149205,-0.50015106897609751,0.54343544743313499,-0.33731472582446187,0.66812206602913693,1
-0.4279949788721284,1.7552919342686997,-0.71562124224583834,-1.1664767653347665,0.80764128825551895,1.2849415917633418,-1.2388313189247391,-0.77762594397183005,-0.239011316527831,1.1220662366060743,-0.86112646975615925,-0.34295023487735005,1.0991658018547246,-0.69740803097020798,-0.95636837701726207,0.043957109835959941,-0.22089946675993191,0.87790041885327363,0.7047766037208808,-1.0093275134819353,-0.84259232504355819,0.56729238175138819,1.3841936763196669,0.94543254130806909,0.80519839656973036,1.3959677206906709,-1.4092481569919342,-1.4816664483675006,0.40458957542722174,0.67301887674304595,3.0742605452781011,0
-0.6431360801724133,-0.9488703178554333,-0.64113715109594183,0.36524152574323548,-0.23689300140211772,-0.48920046444290993,1.8480282351438579,-0.38085778022578864,0.82950565313388847,-0.41558334313170942,-0.93649658950288628,-0.15525521866807804,-1.8324776532060669,-0.18833665233330507,0.77998143882685378,0.011136933770951795,-0.96318282457050497,-0.3545785296069035,-0.47250296447201062,-0.15734752650664566,-0.10324541459929687,0.39467193199654932,-0.32628196642139801,1.9447435588800679,0.26460173583979829,0.28163079102967731,0.82148794030747496,0.92878627370523059,0.45465746076076186,0.88643685579337583,0.27339928083801707,1
-0.14270060580115435,0.032641010256737296,1.0807716216085741,-0.076805346236774749,1.534458152782614,0.2523486182911503,1.2713630074992284,-0.83250043460107559,-0.42279145577255456,0.3884970158915218,1.4695670946899575,-0.9841002806163951,0.27529208753862389,0.20776321356314081,-1.6373910777077427,0.37094945915163391,-0.41515775764569063,-0.44320769997415049,-0.14018032151715271,-0.45438114240732236,0.60030406447262352,0.047214638364009791,-0.93020697828271914,0.53375349147666951,0.94144515049348587,1.986270021425651,1.1771302994393051,0.43834011482662377,0.3774491972750772,0.27476753064490811,4.6789144920156334,1
-1.5162755507415293,-0.40589099101214676,-0.5244330149349169,2.1559692279925655,0.64177522279309807,-0.20698418711674141,-1.605953461772442,1.8590862072743848,0.0718305312280169,0.013997697393604375,1.2679203703020758,-0.15136844113105255,0.4270401726964354,1.3267077877592499,0.96280834352261235,0.60384558699551971,-0.56502826186820942,1.1248126236763785,-0.63899015826534022,0.052062587967335594,0.38198576548093804,0.87333505940224543,-0.10826667786834916,1.0278272469217149,-0.92645883489287673,0.79344285294656713,0.31474837455179328,0.34003099041310897,0.057680845155966262,0.42668754840031875,0.41097665365055164,1
-1.4187964793069541,0.52882782303725107,-0.42273189875169948,-0.52830212319618308,-0.48253127362828008,0.27390221586255331,-0.46738339776456334,0.22978205786952297,-0.49999657369779688,0.48947500636370467,0.64947089805374791,3.2327007458892791,-1.4212238881281285,-0.14700657000910516,-0.084289698410852446,-2.1764965063864778,0.62327039102031034,0.57162572897468689,0.50086170434835986,-0.1738512303992687,1.0356001481121178,0.8910505997801047,-2.1088357411386145,0.74077840039409237,-1.5566504052793617,-0.013262790917593387,-0.44680059473277117,1.6579020555700166,-0.8262412898152014,0.56231213981296357,0.98128459268029689,1
-0.3920900876125134,0.052608418692880313,0.81577956532288243,1.2875269487963956,-0.64556931041421561,1.0319003464261862,-2.9104108421289769,1.2413978843455979,1.3132375678410007,0.60741500119143854,1.5608085380947858,0.38195650822697896,1.6071760772851764,-2.4803683422756779,0.038161733011733326,-0.58650177021021799,1.1880056868763231,0.3081583255408698,0.5366203962660242,-1.8072400904927641,-1.3829675428943777,-0.25233688757691913,0.91271166697609463,-0.83409679285380978,-1.5064020145676242,-0.27038280207314475,-0.77373072939875742,-0.53906582019173654,0.81807110110665915,0.9487420803628156,2.3908588277382608,1
1.6864068750697465,-0.51412502901424539,0.12426460868931268,-0.45506283063190395,-0.40068784604299595,-0.73416875604853415,0.72260388981023749,0.084205518369134161,0.91555360497197547,-1.4175964329900357,1.0913203172256241,0.6221750886933316,1.1566334379150409,0.40096143238517074,0.71647480782839279,0.47852025195024173,0.2705706980801702,0.15673353328417791,-0.67900630726734057,-1.5328449162771351,0.83321739632120018,1.5423599623687203,-0.33434961311234429,0.60609098875704615,-2.9562544124725387,-0.28604133556305167,-1.2984583039005102,-0.51725859381779637,-1.2319884382008102,-1.0960528646753009,0.03193162850789482,1
0.4409891875947613,-0.30805567868615891,-0.90296404950438791,-1.2686753621647844,-0.51875369367964597,-0.42111973334726494,0.18502203284845145,0.98039895834562918,0.49082170291661442,-0.89499010343341112,0.7240929224477729,-0.50919413676936609,0.3725374479579695,1.5097730767081661,-0.2238150610212068,1.167853420972057,0.40083395767714153,-1.4562757519558871,1.2950521425279056,-0.33567032103291006,0.16756069567635495,-1.1429843108005475,-1.5946698762476306,0.38284294099265148,0.48334966812757874,0.59831104025299464,0.84545654155662231,-0.47130953339842335,0.2934938121178684,2.5224051608427542,0.28798509735248073,1
0.59336333550703457,0.91702669509096468,-0.030574839116099175,1.8216974989072994,1.3300168647277153,0.85874691971832251,0.26954258700244282,-0.9753551599914696,-0.17664919875594431,-1.0743779441113268,2.4003681533980057,-0.35708703138037601,0.35295384140460712,1.6166068728019185,-1.4196514401193014,0.023992470315105083,0.61392210463980745,0.44208645014819947,0.68730131300840969,0.45658978741695211,0.58530083719436465,0.0098122923312408978,0.37404362751660136,-0.35654807816043638,0.34287639859584473,-0.47429690082566961,0.5257260528442278,0.86136967847162793,-0.45973736125322373,0.70776978045222616,3.8528980428502964,1
-0.50591816285230107,-0.52751966570273834,0.28679056315579038,-0.23068167097564093,-1.250858154171085,2.846644340583063,-0.83310933934707054,1.1697720244412051,0.16294436441524277,0.79237937899344335,-1.0148001676960283,-2.3293925902168997,2.2196503720690166,-1.8679120861184526,0.24057437787355121,-0.22359029372681904,0.18580822642623379,-0.38808505345461203,-0.59118299573554189,2.8134423077118385,0.57580202617816845,1.19696247619216,-0.45137409837322251,0.0013301050906202056,-1.1162228270791024,0.13106210344300276,-0.15368391657769312,0.52011564541500444,-1.498257522207193,-1.5010098803269289,1.274403563806328,1
0.39444592600838807,-1.5691153406005154,-1.4704296933375334,-1.3248052956233438,-0.10975052933182754,1.098022965006382,-0.019048712880598392,-0.051590213236134365,-0.41236051337818241,-1.467856625261434,-0.073694449006995691,0.4578802367210712,-0.62211426171196937,1.4919068936742812,-1.3096381470415783,-0.33177546613991366,1.3077378284138281,-1.5376418733811514,1.3060430493639565,-0.171136050172221,-1.9665015083271047,-0.31953134500948976,-1.4192123038459907,0.71947725832442189,2.1639390984903963,0.60706137192110743,-1.8195262226723807,0.13290042064605684,0.20247378336383079,-1.8921103498760667,1.3894863424092303,1
-1.1011212034743343,-0.84868468961954513,0.86805037379567918,0.036538399749249294,0.60836621298410443,-0.94135264179876188,-0.85824497091794893,1.5044676783128317,0.52930017316145117,-0.33709992918361142,-1.1720617750393261,0.17594366047269738,0.56813580942378439,-0.46103910986089897,1.5814975165934049,2.8861978258780128,-0.72523448215353681,-0.7475364729800571,1.3006523567468709,0.22533666099781882,-2.2430738171060631,0.49506941482210493,0.94779677208611424,0.26675840338229401,0.50923016927881026,0.30058961931481476,-0.94935011095932498,0.65837189457986967,-0.3962288522153708,0.15128718610789665,0.96507543927005723,1
-1.2761045582834423,-0.14735126805628695,-0.59830495802962547,-0.73981520779573773,0.62840442346560133,0.053595536628249688,1.0023069676625849,1.4159792622196534,0.024046352385230722,0.22964351257365348,-0.49701163848090174,1.9277950983149339,-0.72752540978680791,0.89624965029517756,0.36957717421199926,1.3764551734750745,1.1763935290682064,-1.3166656445774572,-1.5889993529236057,-0.554076364043387,-1.4966854486765568,0.10708873446098371,0.30903152838489739,1.0368554827767036,-1.4916512445654566,-2.15490502023551,-0.42262283569574199,-1.4521256253202479,-1.0095842299773259,-0.45149724929815999,1.1324499053884798,1
0.55215039182116399,1.8458405660690689,-0.83678599424849509,1.2798550868017835,-1.4348837060206272,-0.28390197241953763,-0.87340314482515846,-1.3690073623479262,0.54538085610456422,0.11687010471808339,-0.84211533620518275,1.2874555217368704,-0.203801620796699,0.9783375886064315,0.73740778537657703,1.4525855675320545,-0.93208897594059403,0.22314363730919806,1.3840348819786719,-0.64440283340168836,-1.4325660148984392,-2.0942112085253024,0.31228965096681471,1.035981818049363,0.2538896113512164,-1.4966634520411144,-2.1221925983822936,-0.16542256111020098,-0.045279196200818488,0.31864774954497105,0.86694884551174278,1
1.6048833016233361,-0.088684096884288466,-0.513971294394998,1.1826399708188491,2.0353612523418816,-0.11801075764749337,-0.21978833571026171,0.19143592552699973,0.96782510757720641,1.1811635830470528,1.1029114032732552,-0.14275709605302769,-0.048509406981272374,1.0321976029316302,-0.68987721454304385,0.27315878580313308,0.76861099023917134,0.80907513673661369,-0.71604767241935974,0.88096253706111427,1.0828980988328127,-0.13781653462076729,1.4707909682998628,-0.45769554567495879,-0.8280214073538138,-0.0040756846432980862,-0.89895748374823059,-0.30878985412260151,1.9221454768696455,1.084991840216919,0.22616369665240599,1
1.4793436445688246,0.53209551645784425,1.3280344488254139,-0.011993224746035168,0.0035556206482764718,0.56577724993765799,-2.1803795450112098,-1.5088668041700126,0.68742835722559836,0.79636385104268326,-1.5169748923932278,-0.23535626597520845,-0.36200570955939226,0.42649153624903879,0.27515547496092307,0.6085145573784233,0.42874086671019274,-0.35212118834928535,0.33668200156192035,0.51682927796774913,0.15298547114568919,1.5834501866231052,-0.75453583695995752,-1.0141090440519036,1.3358711758114692,-0.1132037995311852,-0.77390064559177874,1.666275618472886,0.64924865197405457,1.3679083976139244,0.4731471656697136,0
-0.49997860009128181,-0.59878112530064709,-0.41812674308870046,0.21513349699990825,1.6019764332683,-0.98062521662827695,-0.040511550663303662,0.15224587049635765,0.68228144248536904,-1.0907645558135748,-0.054649117290017944,1.0070159068569131,-0.090380590047028295,1.3655722949479299,0.70241971056507402,0.1782248917334304,-0.75762812109700561,1.1585751424932116,-0.27988991180512546,0.45105855990266508,0.77719419766094899,-0.93671909233781225,-1.058877198451718,0.96176011941146355,-1.6610796549904647,-2.1383396780641579,1.5428383583890599,0.74862232748862334,-1.3518926985188899,1.3651942677958246,0.46289247092960051,1
-2.306526337794788,-0.52335726408570238,2.4295511812073189,0.56629121427492402,0.34341480531458285,-0.38566960472041445,0.50557723588590076,-0.67499391274245413,-0.28847625602733573,-1.2713174485693568,0.26384176278359589,1.4416782555928851,-0.52758558153636892,-0.17019000069669435,0.62161269474607306,0.75817709724187288,0.79172457608362135,0.27023850595819982,1.2439648240373145,1.3085236544735765,-0.41755371320752604,1.0692253182457809,0.54695902909244032,1.2644179239905984,0.88407376336277621,-0.58997273477388001,0.81550974638229734,0.79913717933959161,0.65598963217738127,0.13657835705150984,0.16523021517844308,1
1.0682064853285549,1.3103150172958873,-0.36012833566433078,-0.78109963535925575,-1.5749874152326213,0.6294140297209222,0.3340905578149384,0.7936046617472966,-0.049765879514623218,-0.51567942579388748,0.28846056340212528,0.64635837101733074,0.34464344952897824,1.3715707013780811,-0.50498671999416744,-0.70240038858755527,-0.42284034659848363,0.32443164682880693,0.65695075040020934,-0.19114122378154449,-0.26785200697574979,0.0034734142922038056,0.43398238583191739,0.17984606264558556,-0.99800961493498508,-1.6902384928594822,0.13245567789964824,0.78759766330518743,-0.93542990459992592,0.032520070842676906,0.41427400661434893,1
0.85325200635384579,0.97246520761646993,0.7679771809519057,-0.21156646998316467,2.3099559115265036,0.022596755801158941,-0.02734152936531677,-1.0918271806444511,1.2284839168116073,-0.63603376188152783,0.0076036859094957771,0.39446545347918044,0.39294665692895508,-1.8877021294773766,-2.387527740709062,0.42159476530119361,0.16739430817052112,0.5013913881526032,-0.84446857767267736,-0.22487934568085344,-1.6278448928681657,-1.6832014268477054,0.80193524624581869,1.3047301060393708,0.28782352582020693,1.7162567760916332,0.24613440324534558,2.5479851205216302,-0.94386068773593301,-0.0010497897715285396,0.40821240906695982,1
1.9522265779379551,0.95713481502565712,1.2508706423475424,0.0098458597407899643,0.0038607842938294711,-0.66593612678289349,0.95947143808757052,0.73719029287996529,1.937151710090439,2.3022344112040902,1.1428094229978374,-0.71916422260647195,0.16626546148591134,-0.18669840409006899,-1.9366521106242887,2.3386119183339789,-2.1068827360729738,0.22926903789470907,-0.7168152078181933,2.0637931235150311,0.37916381961232715,-0.70305297922783083,2.6935230959368708,1.190212400335783,-0.25190088298153018,0.39132024120665926,-1.8473752542559831,-0.81013535467108244,-1.1932856766218412,-0.7055898161861528,0.0044539258186103272,1
-2.4851988126287563,-1.1306414023697391,0.87711830749455078,-0.8904057005497823,-0.08486143153212776,1.1488972416011551,2.2069925589629902,0.13624400109649695,0.28687875624064174,-1.6988898681757907,0.15924692650582056,-2.378594526934025,-1.0198922240718511,0.91356001948931598,-2.1269402307122771,1.446664638229449,0.74745648027422362,0.027040191049615581,-0.40406787600574395,0.039806574763180461,-0.59542670246888385,0.0098705605029463846,-1.5678396423382541,-0.97154856952277624,-0.85928061960839575,-0.7088876638044318,-0.24667984203779592,0.8238753335177893,-0.56512952401849148,-1.9911023429404227,4.7968698637021285,1
0.30972281158420223,-0.050273470537716122,-1.7154502573692436,0.19804123261942427,-1.152672139813617,-2.1113451931136482,-0.18507126536657456,-0.63769710978314431,-0.46586261499387749,-0.24760212701747455,0.13569130827887105,0.43199429613844326,-0.12348154234162,-0.93975430322280495,0.69079360942576362,1.1162115533183752,-0.11112458327234898,-0.81106037357986882,-0.020613345833774069,-0.1583931787887905,0.13994034457160295,-1.6947297460741018,-0.78616923633114133,-0.40428466396028284,-0.36779081348856096,-0.28638914598347137,0.59953934642564433,0.26456908321973077,0.5677259586740615,0.32492657764748506,0.2507578235861736,1
1.408966841521144,0.13906971976346705,-0.63762099761062474,-1.4377844901832484,-0.33670387862856177,0.74252132139787952,2.6614180240217409,0.98837709227933124,-1.4058596352323152,0.68324813094916226,0.29680400375688226,-0.097912154484210631,0.44561328191171057,-0.6006620106790691,1.6902543317604828,-2.5710461954494535,1.7779667450721821,-0.38485839437694319,1.4633807589073813,-1.6045846109331054,-0.29461925106763931,-0.57597949943941906,-1.4922044791537614,-0.13043262395936556,0.11317579282055701,1.0537606762117711,-0.79848600786577295,-0.48342831886554943,0.49870530865540486,0.19810743102512107,0.019387347078047096,1
1.2165631641791981,-2.2941916302760594,-0.20996993987526047,-0.041735542789209039,-2.2265085042001971,0.15719325186431363,0.17174327882635404,-0.42628221941974004,1.2233956492958351,-0.43966093473280282,-1.0114002721396915,0.95988137923585748,-0.3306282557354292,-1.5235948329914397,0.38368253861991203,-1.9264249283352879,-1.5220854193963056,0.2677282571948662,1.0344611880547241,0.027741522266811914,0.38756879227285151,1.8267271301273318,1.9002752396556188,1.3363134956057727,-0.37979871052013037,0.41637538952756514,0.39320154222855325,1.4967330352648716,-0.23736738937809093,-1.1116663507754472,0.0379988876561081,0
0.11482633240503559,-0.29854614787789735,-2.1054880708180912,-2.0369977151416814,-0.16887295672708996,0.0010038574299211652,-0.0098486716934982604,-0.60646214037403934,-0.0058406506263433272,0.66488268289376684,-1.2438911358128073,-1.7081470508006638,-0.083252053622774144,1.1040540400532097,1.2391406581512419,0.61694582470581638,1.4796323574603283,-0.59420387758689241,0.8920630191072626,2.1541873774936242,0.05190527638606425,-0.2589448986548652,-0.33093331567552342,-1.3219918586046535,-0.69842566955128016,0.013067142697848031,0.48561493891379798,0.23246284777075357,0.46209522648471824,2.7298944506782692,0.46862573587993728,1
-0.5058548720159185,1.6297794922841786,-1.0969342993041717,1.6498586565332218,-0.11794135322220446,0.54387499924246219,0.62990052031652199,-1.0420390806436672,-1.4051309930076861,-0.40993264434781257,-0.57137417381966749,-0.49253320950420659,-0.13401940899215836,0.68258653117909673,-1.5452491020004082,-0.40445038807356892,-2.0645922896354802,-1.8427676908813337,-1.0502391445143291,-0.07814895649766794,-2.2178403661401407,0.35434173984903267,-0.619159498058515,1.2508279681587791,-0.66260003441757076,-0.35610513299866248,-2.4894773137589614,0.72633772305492106,-1.5713678854635551,0.77645039053334974,1.2195112592871025,1
0.54668943733379149,-1.3864547746224178,-1.4699954253222003,-0.55801855127168343,0.66249292613123179,0.1139607759383056,-0.81152078329093424,0.24512478660561846,1.169061535626271,-0.72980459840658696,0.9021406696416242,0.93674949566325971,0.55524455950893614,-1.3578508733697734,-0.1845994714727956,-0.60501784752457077,1.3111998854171731,0.13110679383853377,0.17472088326425,0.52617541809444679,-0.61229622209554924,-1.4878494461279748,0.98570841763712591,-1.1923018033845998,0.0066727436133875656,-0.098594565602252909,-1.549229350216071,0.78874681782738298,0.61039492183255795,-0.57936813586701807,0.55351517594712019,1
-1.7489487126673893,0.29873795935131209,1.2182714924939924,1.5458684211500131,1.7227968663766624,-0.16287367260661248,0.082698727162282687,0.76563329927520662,-0.77033043620076735,-1.2134973239039824,-0.14721848428205306,0.31474201546336478,0.090566833979350239,1.5693555394201626,1.1934644569758652,0.077341551024694311,2.3771684203825711,1.2644334164959459,0.024868633150594822,0.80138685851788405,-0.44635892299623781,-1.0939868983035796,-2.5170392951674763,-1.3091157542952041,0.31228361637005675,-0.070829848843139018,-0.61255483724071125,-0.2858001022032669,0.83517819658651327,-1.3864823936838444,3.5263078548854585,0
0.21678785534146933,0.4791162829270606,0.36529178324936817,0.97777051340322652,0.50770052329133775,-0.29388963524157763,0.79974814707503716,0.78131596920756408,0.12008053339931088,-0.32684134194450248,0.71488218977082263,-0.82921399333796708,-0.39608563829729704,1.1886968422681223,0.42511540655648483,-0.12136507860041454,-0.96364476986129866,-0.70030192037188932,-0.43794631782128035,-0.31237716051198633,-0.22376554792169848,-0.88427068293645339,0.25820403672704551,0.79607052012125457,2.6451848586550928,-0.55594338152317602,-1.0919695570834493,0.34010881239289897,1.5646513216030313,-0.48289579027679758,0.01066421999192417,0
0.8704342280107118,-0.8254628997090685,1.1888864806901187,1.2195351839009649,0.70931783881367594,-0.16128524100662955,-0.50754723626410492,0.90554054440077558,0.37105433633791185,0.90963660042959993,1.0274398502992224,0.89743559809997808,1.2953083657627205,0.50381104833321833,0.61801479502088219,-0.96343243888580488,0.8343569929868595,-1.0066125053549122,0.39218627632111963,-0.29739400236458735,0.28124940703060891,-1.157044024437512,-0.19015440209247486,-0.11495030829051298,-1.0123712292714115,1.0337739748062538,1.0928304889355944,-0.99132508191794766,-0.36319418920941104,-0.071971310537711525,0.27274461593755406,1
1.5445404694486513,-0.24296123882901824,-2.4667092666131896,-0.58030912513746535,0.26718956884469763,1.1492792841741191,0.92581297494586479,-0.94927874360464481,-0.040677753964721591,1.4815816223815941,1.818440242399028,0.29588572992955425,0.065207810292592386,-0.1404950200244543,-1.3225248038203981,0.57982955470851827,0.43293963352293696,-0.99344023705768281,0.40784214278048825,-1.5936983027158473,-0.68588362949358883,1.3050580555665894,-1.0808339910789588,-1.1573342587502846,0.33357884727228565,0.74038412799055264,-1.057252212817454,0.22638958454048116,1.4761132192331659,-0.21013814009073378,0.020579716516540284,1
-0.95170055885986193,-0.66061020642262902,-0.29801027595697993,-1.0012174530975531,-1.0983272265052295,-0.27338469460330106,1.0908081577132687,0.19846004163699638,-1.4519235576721594,0.63622709313047154,0.89192212576946517,-0.2617981054979856,-1.9477223483614996,-0.83060093810799296,-2.0707267686095512,-0.096853802194306796,1.931363917124842,0.32459760149175493,1.902780225976328,0.59265231838469967,-0.6274413439270482,0.5108728450726594,-1.4588511011219183,1.7512950312443676,0.55609538283014792,-0.81286369882602605,-0.34237565037681328,0.022115649135026474,0.0081747982023046631,-2.0657173343085389,0.34510996382172782,1
-2.0811364727250803,0.41892474139545877,0.07894282633216422,-2.1403484719170436,-0.18507159469186038,0.3621276612919429,1.4419258082569621,-0.11819233266030842,-0.28260543453748499,0.26195883816705751,-0.68488305755677259,-0.16780776665310901,0.93235905988119427,-0.59899473332720987,2.1307576480485877,-0.093033314317210361,1.1463928362303335,0.14113669934854914,0.061701449934302467,0.41147847636643792,-1.3869100321611711,-0.85893216843546538,0.57226915646756016,0.54502197356406756,1.2893632825197554,1.4757721112642881,-0.22134357461294846,1.9399263623091711,1.1184579062487237,-0.30562303796875379,5.1496695762587148,1
-0.89142245795204489,0.99808923051005383,0.2484607432033713,1.3003366701222006,-2.2225830042841368,-1.6500913777049648,-0.74250406092025967,0.49754943724512879,0.26919253402193222,-2.248543604897661,1.6319931901173148,-0.043276787641250217,0.39384464326741953,-0.9377358721432586,0.013974848731927031,0.44934944878734517,0.88072074972418535,0.67193879453140803,-0.34166616782367737,0.18620633791317262,0.6517912703381874,1.7479033093372398,0.27867177194341775,-0.054337538972543759,-0.27248068471633213,-1.3607208468501313,0.18710499448009529,1.2802209514460736,1.1744590787118239,-0.061019739579944374,0.091259123609554849,0
1.1375083840565627,-0.41861663094144708,-0.22287023584086876,0.62084826782014657,0.36927409678255468,1.9553832181975959,0.20246033431439647,0.16870331192608296,0.69583912759581124,-1.8719416879337465,-0.73311067689689502,0.32852956335278272,1.7837992679005772,0.6985643882845699,0.136335549507277,1.1192047834191359,-0.52181103056960776,-0.4627717016068601,-0.82308720365039301,-1.1856693907346345,0.087601255010530926,-0.66492782859187127,-1.2501027673410057,0.12203503623956087,-1.1236461828507107,2.4830898450714849,1.3792916769862473,-0.20718483724798062,0.84308283964931308,-0.075187504943783803,0.16979783076880636,1
1.3889391983556463,0.94055105171534259,-0.13416206675900477,-2.5150223914820988,-0.012099409537398041,0.24830342836776126,0.99990339365752656,-0.026431091236918166,1.0345856489756995,-1.8505128208380452,0.71723874743411109,0.57785587518277237,-0.4467683301082479,0.47916858581423816,0.72048492688186339,-0.20410039781741909,1.0967745550502124,0.019345495278370459,-0.10633729650779905,-0.065775501863322428,0.55697534591852371,1.2089499777498169,-1.673357539315264,-0.43369148668151425,-0.63191768414743754,1.0170301271483615,-1.7398791778584703,-0.43320605271779961,-2.3574161290519324,-1.1831656026157182,2.1132672899131646,1
0.51810927950487196,0.56707872493798173,0.57825790678923572,0.18756791847367596,0.05236364415809372,1.1083981712935125,-0.63338861229843335,0.022413893851649241,0.23908226266638974,0.56952445304061272,0.89183954224056361,0.72314559914066145,1.95520728132571,-0.036330841941174329,-0.0056327969700554299,-0.27430621154861995,-0.054815222390735281,-0.4720843582762097,-0.54666158210441973,0.18912789157890741,2.9796077030733747,-0.4258422134538874,-1.2495280427780369,0.12633645933328208,1.7824682581960918,0.94713393034916593,0.23633563320028919,-1.2002755834437737,-0.98148620968448719,-0.47991588836783866,0.04400978837449613,1
-0.71047802837023566,-1.6149964607112954,0.010489774727184865,1.0486473710906938,0.43360404262545804,-2.5454981427051258,0.76661920996726851,0.65131315796514799,-1.004719865321112,0.22031013638279123,1.0663097080960227,0.38528856455746185,1.9315257497259355,-1.044465676192349,0.93734069938438713,-1.4038572519305037,-1.3457596152499336,-0.5687044609296541,0.80383321736757185,-0.003632062335851539,-0.56263414196172679,0.21889304364032208,0.29866449614224383,2.8642204953826593,2.0745551091706322,-0.34771921120808591,2.2357833298335441,3.1742855624973556,-1.2465932146825636,-1.5483078452157835,0.1428580952733603,0
-0.90705640734594495,1.0116984475061837,-1.2254173382625329,-2.7401115917629109,-0.54915319588111389,-1.7640619993328732,-1.0435313701627564,-0.51888619608163189,0.013461229800545867,0.46166205318343084,0.60052262924271427,-1.1117352024557581,-0.28129916246228703,0.031916986317330344,1.0290667412923962,-1.6285067321416475,1.0653511264321807,0.99096674133769813,0.84162019850013359,-0.28749956205438204,-0.75852319013282266,1.6234414871856322,0.040275696166367198,-0.041212052567120176,0.39627297485490476,-0.43435552317241521,-2.1089284938244455,-0.92909964953905266,1.2410626462118501,-0.91198949665419748,1.2744753624547718,0
1.8978025946483272,0.99027743887108532,0.74204421881833948,0.89043918535516375,1.4840235326000408,0.63435798044681768,-1.2014062699554924,0.35762363290718602,1.2631214141596108,0.19409492145115201,0.47646290457341767,0.81342005349518431,-1.3157000174293749,-0.20123756953428307,1.3863956338973609,2.1358714999425823,0.2147582453973409,2.4719380714246699,-1.4246867924802058,-0.43156335414922375,-0.073332673631034823,-1.978850393348677,-0.14902472567396702,-0.0068284847655313737,-1.2395633073892782,-0.79051246093357519,-1.3320442895802087,-0.65573189237873164,0.37243120100277149,0.2525084551817306,2.5689285498136298,1
0.60190766816489927,0.076543253680010331,-0.38348512905223991,0.58385356365445928,-0.200637766444137,-0.30897176052366071,-0.46540109742084601,-1.0639799115244888,-0.87375887851246303,-1.0961944492534292,-1.0577307377518319,0.39968164841611697,0.44333863622805764,-1.1968614428213009,-0.16632947584160646,0.65074337045475505,1.3745489910468911,0.061692091288339593,-1.4852073159361685,-0.50678099839176705,-1.6255413659729019,0.64631595380892637,1.3489703626910763,0.38615254487855932,-0.98058947608283575,1.2149472244175745,-0.85721202669071384,1.28096048835316,-0.58351378772975693,-0.97069784249962343,2.3457195445929599,0
0.79444174163522063,0.42659177232680867,0.026351501186307216,-0.83865674492921904,-1.6836533100209232,0.13731845173025686,0.28029759559095652,-0.97818096706951019,0.64124227375442666,0.012590892263691311,-0.73480580582419575,-0.50299554860503726,-1.4514273706553631,0.046135099158749054,0.30104420366982587,-1.2702361328044216,0.44918772401290685,0.53679082691408275,0.67583226676385633,-0.46599713896233708,-0.5009506840333664,-0.083943901328599579,-0.18155914619909261,-0.1068775745840518,-1.2620583631889923,-0.19520156543374725,-0.63180757425883316,0.39507346973728524,-0.42517296632841795,1.7748076333010088,0.28254763896315588,1
1.2012365604738027,-1.9284926951708021,0.55091668776501479,1.0525799965460392,0.59620424771306457,-0.42676759662126407,-1.9815948700034491,-1.6616977176207803,0.92422129808613984,0.52010660838957867,-0.81378679075069249,-1.128678488805364,-0.29430986801354103,-1.7794604086663235,1.7538839852923034,0.21929822563104179,-0.72065705268190294,-0.63291669246894777,0.59177063388728113,0.22205661075290883,-1.1627554156067781,-2.0298630412424807,-0.26863657275162595,1.1734960321807657,1.7632421285416202,-0.39375970339193533,0.39942213020686668,0.45512418822134232,-0.84162628479175006,-0.028338463209087308,0.34389062869416176,0
-1.2657011966013387,-2.402818718890074,0.091485194604439421,1.6459562722869565,-0.14335552342191388,0.89775607891763087,-0.94999825490817524,-0.54717775728046658,0.12253393971240432,-0.82821170650848863,0.46853718614606399,-0.78562999144775481,0.23448509080400756,-0.50301336090226367,1.6264629374031387,1.900828402783205,0.40603217882054815,-0.35966142989836047,-2.3875130456290097,-0.68669238389875276,0.58974828925017686,-0.16406555505650963,-1.9828972380254239,-1.0275204920543646,0.73193308756978648,0.83123423020511766,-1.1585424267305136,1.6088638886091127,0.037964836532405045,0.7913343213072328,0.3735197985844686,0
-0.38708068191446915,0.83789783778611449,-0.20442122144685523,0.37873298902025077,-1.2614048442939085,-0.40251724887362927,-2.0598106555778823,2.00225485531884,1.6695162468389377,0.45092334831139047,0.054733714021211854,0.61110338680700682,-1.1163258646777081,-0.1745718045679413,-0.27084239630407153,-1.2899440179592767,0.071165530577136746,-0.6363943730883721,0.50844819756990856,-2.2138707558042108,0.034083863968595356,-0.81059243311473561,1.3768985270111245,0.72806365965518971,0.42430721923973586,0.29520661417271366,-0.46693013139094364,0.27193526913747185,1.2678099657474802,-0.57528588153195437,0.34308932398974223,1
1.0221219765121676,-0.57911274066234675,0.73223830195424144,-0.72905789492480788,-2.0667293290464825,0.79840818635082833,-0.4611286575013836,-0.3500123166388025,0.3030035191396161,-1.3234645153876328,0.59320497167719266,-1.2120466864643438,-1.4281978658319614,0.43516405871869196,-0.27129813473963876,1.5899542347652806,0.81662302069247295,0.25444789900411791,0.21412539999873176,-0.18204356605816585,-1.5813931542572,0.70870349251804687,1.3718933403791633,0.15930485720177762,-0.89294600582447992,-0.47904623736963398,-1.0472583501427255,-0.0030840259863380015,-1.0769509170501554,1.4817743496634757,1.0236512621366849,1
1.0149527431500713,1.2507190557020305,2.47609644224812,-0.10388291387298243,1.8395128474011659,-0.51617871329270348,-0.10875065327570216,-1.0331235177835665,0.54675476153169089,1.2043351514893643,-0.73393252822694677,-0.88280434583494416,-1.190753042489981,-0.73935611370010423,-0.52523911230418396,-0.034965888813205975,0.9114806725796184,-1.4594412891704103,-1.2499652870482325,-1.71425284634106,-0.16329030262378849,-0.1571914217183156,-0.88240760172070787,1.6767556883444323,-1.0367559857818076,-0.87757880214230899,-0.14806926303709042,-1.6765799919461992,0.31005084820098616,-0.48801896294956193,0.37442950479023029,1
-0.43461666664598225,0.5848593832971285,0.45829967058127286,1.964990575365922,-1.4350935249399541,0.58213346447812298,-0.71432699409546563,-0.2715233134104636,-0.748533538284477,0.38592209047777054,0.53499851628904294,-0.14260022114798623,-0.3393161256614689,-2.1882628199566856,0.075344311496937336,-0.2957173309217036,1.3129514731185841,0.12245759062119319,-0.82479135263623393,1.0378249225716329,-0.63386680108060534,-1.0074725089474224,0.5757418237258598,0.18560772178662738,-0.28180134625026632,-0.083880620758911062,-2.0644676856754356,0.18209219230051138,0.36111437788151407,-0.65408496101742819,2.8449702556967877,1
-1.0205911706020552,-1.5925140608892352,0.28872653616246813,0.59070626620755506,-0.955553294624786,-0.10308953022509773,0.80419313537940773,0.61331086282034786,-0.37950628602503977,0.63225915694269941,0.012506256371057144,-0.95108865231807171,-1.5266868416859189,0.2559913861722099,0.46583369893317511,1.6311546363296616,-0.61582431586281594,0.25187050162256486,-0.035939720284351627,0.8433343302544456,-1.2295601615878797,0.025803210139622782,-0.89478518341837954,-0.69571548367701053,2.2637287556927745,0.19319123265096347,-0.28807587091240866,-2.4635294890850976,-0.57226641733562433,-0.60199997130514638,0.81322215673903453,1
-2.7648377391468508,-0.10459946260691785,-0.09087611530444771,0.52533604391503752,-1.5473148540528667,1.4393821086790097,-1.4833020019606478,0.31292765321792759,-1.4949366431369888,-0.34007914994329758,0.46885915441490456,0.55140879728132142,1.3864399048410849,0.13261974788959638,0.73960074749258353,1.2989853394265067,-0.58262412823879994,-0.53644800881971544,-1.0213389763067997,-1.1496441436854019,-0.18695916043939226,-1.8983812116295125,1.3796714802892529,-1.2959011447601769,0.95262974079905505,-1.1108962304097161,-0.48513701275486293,-0.43957045880802964,-0.44936909346372245,-0.98537607944617933,17.931746076628041,1
1.7491542986608244,-1.1332231329967679,1.3608238807227038,-0.94576740183266639,-0.92759925650436414,-0.46324981242072605,1.9178169432890027,-1.1585424880606463,-1.3787265433846885,0.6311524447753003,0.17755398459990132,-0.45876664797380184,1.0237387470569768,0.0055194335463618505,-1.3635755715017692,-0.73279867357176909,1.2779274118272921,-0.82327707299168507,-0.92319317075169416,1.1442065993707415,-0.70026385586627871,-1.0059255748815477,-1.1050656593825519,-0.97141311702718747,-0.12091941101625088,0.041326146052662292,0.12305244511091597,1.031914458762436,-1.4755995828725719,-1.1100926024961293,0.21538571018045174,0
0.89462849016471135,0.80172739504133206,1.7615830111274406,-0.28167041645416763,0.078945884064474794,1.2613957659488944,0.86538439007333889,-0.44023254663131217,2.972110118024593,0.90974617204211516,0.038840485731546109,-2.5279628002949091,-0.38395935262408754,-0.12634255676755207,-0.8146159287027146,-0.68181433100593369,-1.5369273890217121,-0.11891464602892753,0.14364186371343324,0.40170888291474499,1.3569837774903466,-2.6484994403987736,-1.4437221176406976,-1.5562594198425357,-2.4187105392412214,1.0857585879826153,-0.63642887169690288,0.13196853341249415,0.98838725749240575,1.7834678954147263,0.015249179550162265,0
0.0032128266838627466,0.17392054728910553,0.387871617742644,0.21247418974524016,1.247195366067994,-1.7438178617346589,0.52199690258152232,0.14578308563199419,0.35855398922007298,-0.18313494432639874,-0.45999853802783003,-2.4122538868815542,-0.44971544457084489,0.0081998001453542201,2.0452166162180858,-0.4006458426564673,-1.9442160782891251,-0.29422026084223574,-0.41106941726378804,0.22551772626937527,-0.23113356083383615,0.51502483568454727,-0.25878749232063952,-1.5936531693857465,0.58691819188624583,-1.7082152403599009,0.66296660032432386,-0.80784274199435058,1.4547186343945206,1.1627730684967235,0.5022044476232429,1
-0.035581863853089833,1.1948737031135563,-0.82875489718126072,-1.8643011368974582,-1.0188512825292957,1.2736950109623859,0.78951580183296355,1.0365253877882188,-0.81746618800710302,-0.072115506119065059,-1.5791165992688054,-1.0458187056875607,-0.59066842656615937,-0.51420826267683128,-0.38400618272216525,-0.19208732139627432,1.3903950049172706,1.9995900975192631,1.817586731966286,-1.1057527121345032,1.5448382114040451,0.033396426524436668,1.326624445294351,-1.9497910661736952,-1.1389471358310945,-0.65489813844806277,-0.60392605057328463,1.7907036998268744,0.65246166858904642,0.69652161838729953,2.6907363622259615,0
-0.93170863594971365,0.18773639553083832,-1.0830334166328377,0.51697508022183958,-0.21075254270955635,0.83802535835611602,0.50011054866971105,-0.78831251446198769,0.75724606345231815,-0.4237795170968115,1.2680565556632106,-0.85320540777625442,-0.96874002502920542,-0.8185881348742704,-0.18316675881368435,0.54258362374657398,-0.7774320316381873,0.63271668872823628,-0.78801315791815651,0.79254278351281404,-1.4478851269884987,0.92272058372706645,-0.029910053464770003,-0.6727885804468593,-0.51483002098562769,0.19314345586304993,0.60774495145219742,0.44420395186934786,0.68291701700395946,0.83873220365636691,3.1103130548586333,1
-0.36834799007256674,-0.12607927602474173,0.05113706462366293,0.74950042779693238,-0.54139333826793989,0.52630719735350517,-0.21110229925197221,1.054202868866785,-0.82025303202123445,1.0803955342526657,0.72822619336948702,-2.7847574741622498,2.141137977846121,-0.020418424133105777,-0.4070505566239086,-0.58776370220582608,0.20056176084695521,2.3608744760407379,-0.53993072345431958,-1.2987944375285507,-0.023914598606031207,-0.014717654364671802,-0.92577899559649912,-0.0018850500713510363,-0.7743528573754499,-1.2077506470136619,-2.0947141845813091,0.46861584949405066,-0.70726914157804499,-0.43443782400959019,1.4992468928720315,1
1.6463614200713832,-2.9816973770171544,-0.43803821963820128,2.0756663651937033,0.51682636773291557,0.45491135750900297,0.66867886961607403,-0.25744333831579319,-0.56635063165420807,-0.39384076823896091,0.78286319167005802,0.42434798307527871,-0.18730062272108436,1.2677225275840944,0.655351571973111,-1.1041254090125603,0.43279091988736756,-0.48283347095863616,-0.83856369811072518,0.21915216048491037,-0.99173008433682597,1.1932585797216262,-0.93043365317216564,-0.60076460611613636,0.070555054783053531,-0.90378069929094351,-1.834914342090135,1.5372320907164765,-0.78277065059787809,-0.19920513691488201,0.17641124758407659,0
1.0514742859847286,1.0803751130506689,1.5332497348903218,1.0881235466096149,1.0519350820742313,-1.3702653121421631,2.032808656090749,-2.160485736957046,0.15378891394852376,1.2201457309601547,1.9080670471685082,-0.93007433592358757,-0.67281995084357182,-0.60343563414890289,-0.4240496906644019,1.3746178294796489,1.3562490014686712,1.5349905894253242,0.5352597181541241,-0.45984288778640958,1.1527675269531847,1.0964936113734312,-0.93138011439147839,0.39405978925360241,0.90444462755256194,1.2020002285210387,-0.69775682630698643,-0.086845376485756548,0.63988600195660017,-0.5153800918758823,0.13808878076661865,1
-0.31121568505068509,0.93961689094580636,-1.6433288941807784,-0.1261044762393515,0.47583747309213109,-0.18795017396821206,0.54496153001844183,-0.33622856683991847,0.42413005432069256,1.152809975730702,0.21930823975122399,-1.245631974101544,0.73480143437690515,0.5308739733879928,-0.046078447792086592,-1.165519581287245,0.46508321978124717,-0.76659407951884539,0.22518481320787859,2.1715745948508038,-1.6182893839256001,-1.5172225010801588,-1.5732070046820608,1.1316345149456863,-0.31507458031725583,-0.016506477236546198,1.6490369226140935,0.19836100152508193,-0.5047709803968371,0.47361388058174902,0.38445096628359698,1
-0.091979024704434142,-1.0258673820973967,0.24779845102426359,-0.34594724381378161,-0.45567548364129662,-0.89707066867629959,1.7391031530558199,-0.71007789415967237,0.52488547617668402,0.5608847766342433,-0.084218423702934586,0.47239175652431514,0.17957025433580845,0.099892867047855771,-0.37939554805595282,1.3049100430928586,-0.81078257941647147,0.49339225420325744,-1.4227945828885866,0.40171710104824077,0.80221048250872662,0.40119466078699823,-0.86582885659399356,-1.4869359586157105,0.28317823251718416,-1.3022615933517872,-1.4180220229527774,0.64859886852194137,-0.7627824082760376,-0.63511511323095649,0.044024895177338923,0
0.77715757371894256,-0.61001853257446059,-0.55387002108018157,-1.5597000061310555,0.65559889443169372,-0.14624773369438285,0.98624082409507219,-0.85818654521462556,-1.4741739102988451,-0.61048886264551561,0.38352902390677107,2.689365143876719,-1.4775811718152367,-0.45787543126711949,-1.1816864108358098,0.7759029498597243,1.1183863650741948,-0.30306533294388477,-0.40890482372136266,-0.4876133610862825,1.3715240476634289,0.79084867645824175,1.244773071195614,-1.7329020888717157,0.0058946390094896011,-0.40045643261944797,0.54825532488550888,-0.31924607712289038,-1.8716715781372064,-2.3961683139394978,0.74825239067228289,0
0.2253933456489404,0.032535787525774268,-1.9236532724044941,1.0315217203741391,0.48874799420701143,0.5817153576238957,0.54212653947537182,-0.14322717849931618,1.7561235088022518,2.9063571854034169,0.20475557329030228,0.86977945333437323,0.59596743234934968,1.2197935955955046,0.16823572959631211,-1.7002697007448908,0.6561427533129065,0.4178683753428753,0.60640479076851517,2.163863081878477,1.5580678584173018,0.073392690994311324,0.13094526015452287,1.3711260515172168,0.69602089378741805,1.2784580480033487,-0.030825848051098972,-0.56881436715779599,0.75142176994315202,-1.0823962395640807,0.15943529373537732,0
-1.2123467360185076,0.034532124106898647,0.070757593812116049,-1.2272673467375483,-1.6625183725880528,-1.3504566387035368,0.37989191479053858,-1.2425492789075234,0.53422564688386431,-1.0179256661925613,-0.53567769261066434,0.69238549709278641,0.16271754353903564,-0.26721888053002235,-1.0697924344379657,-2.2471698047336548,-1.182488317811919,-0.32728590117996564,0.7927259941809921,0.4054648232692436,-0.034319750414267776,0.28879801293412077,-1.0619018299124994,0.48229753021088972,0.035160297561567612,-0.79437575793835824,0.54497646988422932,-0.62389203860279918,-0.82542213575747403,-1.2454124616758881,1.1758856729120779,1
-1.5026049228137224,-0.93607850960216332,0.073074369286635549,-1.9635755644439989,1.0052574620423187,0.66299729496512771,0.29092768465292479,-0.18128987604276933,1.1112909015677577,-1.133553755796715,0.048780611671168025,0.055861260360573976,0.52570689330800524,0.975821308240019,-0.39286748899595353,0.68848146257785137,0.81427933067258484,-0.36602027230046053,-1.5462465488701485,0.23202825393440793,-1.4702958534714554,0.32676805300029055,0.16269000573041539,0.60059454656820443,0.63398325159236446,1.7397793559077577,-1.5345902058846477,0.12638411050172085,-0.29976146020614275,0.73501695189312788,2.0204372774964345,1
1.5812603486283492,0.69363309797000439,0.34468780409391303,0.13656390844122079,-0.56953030167725571,-1.1500182874956257,-0.072851389437041919,-0.093480970236040961,0.15424812380580022,-1.1095794558837653,-0.95035518018574006,1.4424821850998377,-0.74698947327535126,-1.2315879771478118,-2.2612401929424664,-0.23133005629490064,-1.3395604168352377,-1.1435822096053898,-0.45286300885029113,1.1196559223381215,-1.3715427949135901,1.3849325627794578,-0.010829771523126036,-0.053175520829425379,0.099254191188033747,1.4616471401584046,1.0300856914021581,-1.0362969619846478,-1.1873104122793423,0.55102820594927537,0.42771188401772109,0
-0.50325648397116751,0.98541233018321461,1.125024568494887,-0.46902761126047587,0.54228947385269799,0.30552959503671662,1.338434709574708,-0.66563975550780119,-2.098362881468355,-1.4361016803071505,-1.3167449733105498,-0.49838871615298658,1.2658632880328844,0.37630665570876143,-0.42921291566670161,-0.62108709567024245,0.16816895404778875,-0.082165428247510386,0.48150546010967366,1.0693011593412918,0.29277214914348348,0.1045582235892952,0.46496281459481836,0.98713667522063242,0.48897231804920255,0.92415557934575832,1.0789494733172136,-0.33105793802812306,0.2235808976967962,2.0313585738528381,1.8038759054753328,1
0.83043919365473906,-1.4125260131085795,-0.16305345230802518,1.2362369116394654,0.40897121633562838,0.4430450484738061,1.8394860197884795,-0.65894732233750031,-0.42664823488697706,-0.11787333068720188,-1.7409902743190526,-1.0722136292763669,1.0666767751079789,0.50586091428983349,0.26739542668713867,-0.56173344171427031,0.28743779517718759,-0.70698263347821733,-0.23348728810495512,0.1272789708081129,1.5936114299372648,0.23302871600853792,-0.22526688424176206,-0.0087251660499534246,-1.1651185394298764,-0.77688892561420086,0.47303880084332356,1.1280342224704016,-0.28099070852714725,-1.2114737039446168,0.082684550866117132,1
0.78773620616795648,-0.67100073956679918,0.46502866743080862,-1.2000220881125387,0.67187922205474504,-0.70228427153557449,-1.7638847742235744,-0.024837500202903613,-0.3541642326040671,0.2534147283799465,0.93002264467113349,-1.4711118289642489,-0.87435960551538128,-0.66418776744989638,-0.55173967482858333,-0.50129511643406854,-0.43171783261259661,-0.27500813601623519,-0.44834240841998718,-1.650428963356469,0.21601099280084535,-1.1602276858603353,-0.38035155079625754,-1.5258827136858868,1.0214959770860306,-0.54208325025672133,-0.054785295044546233,-2.3514247492101976,1.6753682319114009,0.38103830932424887,1.1971087191179206,1
0.50975600517234587,0.77845030148893091,0.84964866761266788,0.79043100402358346,1.943405037261831,-0.4407749718776624,-2.0806023706682546,-0.28391990058216116,0.33027414755319906,-0.12969624407879635,-0.73963677560002528,-0.46680391665812604,-0.049310635391485134,0.32895265981337024,-0.85779936740908735,-0.43277684923231535,0.41971729708803612,0.2353908964754817,-0.94847969144348343,-1.6740592195152482,-0.89536927736320537,0.28976610003143183,-1.2502801232404188,-1.546174496868806,-0.13438775138130088,0.14834956163464763,0.69985145137868743,-1.765233819176117,0.34723216844900473,-0.25527316500499814,1.0134447408028564,1
-0.60197866780851017,1.9930483393864493,-0.34267983264981317,-1.5545371790057232,-1.5816330961066185,-0.45744987375715379,-0.21002183859860843,-0.77039065681003549,0.43619776913175384,0.48756768464407257,0.83513483900495111,-0.88293431489750607,-1.2295362755081356,0.28028155743737809,-0.69275164822323931,0.045126423624644516,0.53268393615388454,-2.0092443120760106,-0.95757235397550999,-0.94210728122298626,0.97693750246646449,1.0157403287067104,-2.0716263649629263,0.02202061882692179,-0.73195185064948631,1.4822484667199121,1.4133246830297159,1.2942439817237872,-1.121720206915003,-0.53868454805513744,0.24935682014818891,1
0.79173436072537329,0.028088283211304486,-1.8382288388869874,-0.56125564674846018,0.65973219919381987,1.6319890220608948,-0.57131804010962473,-0.5827476705246678,-0.83809607262155217,0.26442392623174726,-0.05426696976541865,0.78185359325047454,0.2257021905987853,-0.65722329589338047,-1.8231453603972936,1.774461054698375,0.19528644013802415,0.65987059739265019,0.51517245952602031,1.5141355426898739,1.5471263214458824,2.4071838911306758,-0.93247448554679446,0.25839452499504939,-0.38728744924247283,-0.31481039156982921,-0.74172439914068056,-1.0046410260645422,0.085216605112386892,1.2053207701813149,1.7521619428999384,1
-0.40899663463572467,-0.3827938215773895,-0.53702576687874815,-0.071592450356509449,-0.72889494741661087,-1.2554543377839731,-0.95846348761828237,1.407433529269607,1.6244812409403713,0.031387125550015681,0.14249745472622968,1.1828308155934679,0.39279548866380459,-1.3044566370298767,2.149947157881297,1.202133947014538,0.19820309090956981,0.69019251938364989,0.17728914452104777,0.95949141087717682,-0.63615783594835518,0.059322026016254394,0.29511691674816742,0.08154794982791326,-0.82049274026781815,-1.6204677189954797,-0.68772862923651279,-1.0456846819419325,0.061531989664991238,-1.7142513040554181,0.33339839376200903,1
-1.8403477581324708,1.6162845391538918,-2.1320280854305604,-0.64784166382398034,1.0358321340096517,-1.232710035560203,1.3988733872149393,0.8229150141492515,-0.28825585344570631,-0.59880406871386649,-0.97956448140668417,1.0559261192271672,1.0148533622100753,-0.033325425187125821,1.2603188832919101,1.3023575794142317,0.44417974356394568,0.94722191579607118,-0.23583169921544775,-0.18922362541040902,2.80194854671428,-0.54938308591996887,1.0711296163847843,0.010183582888190039,0.71914846997722937,0.66359750910929471,0.013197272542892402,-0.25214248635594588,-1.7597684154753188,0.60174894479737007,0.51172483880069353,0
0.45951682454724052,0.61964246288665326,0.090167011008698075,-1.2624928802061912,-0.72169021158537228,-0.29841768831950893,0.64157071954616562,-0.72186120241951668,-0.24585283960772938,0.062969532555059535,-1.252421284818154,-1.1137489961367242,-0.43180167306527334,1.3447446181904037,-1.4461444813369684,1.7721216271381042,0.20265461570000026,-1.6341718787107891,-1.1632404634726718,0.51121521165842831,-0.21637307308141113,1.7305513777075756,0.39503709571244405,0.72395676908226614,-0.56441395429764663,0.77915039379230855,-0.27016083260155616,-0.43771809508521048,0.40660088484791712,1.0183859255399033,0.19661676310331841,0
0.031978654430893518,3.2157819998170631,-1.3745701409568529,0.46581331039765245,0.56726332550585057,-0.35511821998513304,1.2856749770427225,-1.1008787635041073,-0.52638330490978924,0.050768971699287825,-2.3349904642716943,0.15278854559441696,1.0095955644190058,-0.24698734473369974,-0.20700838036147434,-2.7087301104831294,1.4032316933304814,0.53134311513138055,0.2874597281107788,-0.47277198606602694,1.1096271012317447,0.26079235156133257,-0.58383601990063572,-0.065052355648914484,0.30329247346642468,1.1357213869257174,-0.43370667859182643,1.0633316312117118,-1.5907854553393115,0.67389165624256675,0.49771803374140328,0
-1.8950014751654007,0.074570986692561805,0.38133837138050108,-1.075147596249199,-0.72083126490907423,-0.13962198669084155,0.11123956487568712,0.25065293765737839,-1.4402488402804701,0.36635176193416386,0.77495825166333654,0.24117922585241999,-0.16688244019788759,-1.1314719311654582,-1.3268743661863467,1.5917904908280653,0.72240525093984154,-0.28498262362297483,0.94197224774772381,-0.64999939414408048,-0.72102388135790041,0.99350524115986982,0.7035999380914395,0.40784802399599335,-0.64970163973567607,-0.64851262862887438,-0.34645300376847271,0.084811428847320999,1.0993104679139529,1.5874496186793845,3.6361548228963985,1
0.50704605301496564,0.046013840947740518,0.84892323846695128,0.85481605653775061,-0.61942991249831381,0.66160864476643222,0.13091749807051112,1.849883660250671,-0.84691680937427172,-0.18336267154802832,-1.5075087458305243,0.23754778522953673,0.65904147245352851,0.11150669977138981,0.15141365085996911,1.0464228737823198,1.9778018210002106,-1.1400210213840083,-0.63327856793590775,-0.22269446285990005,1.041117759227038,-0.50676635183129992,-0.62851189865509549,-1.6458145870299787,2.405154225642248,-0.18198024305831648,0.25104508864418074,-0.26744009647174161,0.57841907314894492,-0.31383360412344247,4.4593264306143352,1
-2.1468589521333086,2.8645089370341124,1.9933010230235153,-0.41171066722332339,-0.5465066600082219,-0.97668522345878628,1.0166657777034684,0.5793827164224995,1.5251335839047455,0.07257571663557115,-0.35374888810443011,-0.45026245859423086,-1.4345611787154693,-1.2525201772271057,-0.79035808934476948,-0.19002710912563986,-1.587745503919942,0.48621877810165615,-0.014159811902083047,-0.81355900918807356,-2.6951637982820502,-1.4794151639392168,-0.6717035245787879,0.80748768379604852,-1.9541004987277131,-0.11552887911582224,-0.43133452593959903,1.5354433185283514,0.4679022275199336,-2.5872007762178781,3.4395389222352559,1
0.56109537646519436,-0.53556701034997589,-0.45311306573046178,0.24584708124804794,-2.2638495407999715,1.0271008029242417,0.51401610592030944,-0.21128797910190356,-0.8460081085243315,-1.5357750848285734,0.27885375075697022,-2.9073346254397121,-0.93816869990524687,0.075078197171897773,0.40938492607934018,0.14889530394539885,-0.050638985635022976,-0.69715471543724294,1.0657989440694842,0.10719589312839259,1.0705775772657697,1.204765926093474,0.031307728856131818,0.33154441982177824,1.0601088017166544,-0.23514646682892573,-0.050389570906695963,0.45911614316984867,-0.51805718149030899,-0.42520162150767599,2.5622230125772432,0
-1.4132644924297229,-0.52368007429483832,0.22256554237822562,-0.7733504558735641,-0.87548373175777605,-0.88785859389360033,-0.10969179145809402,-1.6530987900634517,0.44890995978346115,-0.91757805515645585,2.6505886263882341,-1.4986241208055244,0.75870763609196645,0.22344357078808802,-0.18352031109604219,0.62412327918270105,1.5529636317211364,0.68865664999952525,-0.053831897853879845,-1.6030817785304123,-0.25101071135406727,-0.95312433861610935,-0.084397447208833506,0.75783937177626925,-0.95277574232559403,-2.1562528061864072,-0.55301360632169572,-1.7825099860794458,-2.4660187656566142,0.49244751002204634,2.6748090196484435,1
0.075574018469273641,1.8651977953813865,0.95693867812998912,0.40263499230811017,0.92440969022461583,1.7104712346446969,0.79234373611061848,0.080743035194756105,0.16841227348898319,0.27514405611040976,0.60200623631736583,1.3925940088481663,-0.50279032228667242,-0.23848785607758313,-0.76129930963437187,1.5298525513244903,-0.11492994161605992,-1.0008371872067425,-0.78611749805634856,1.1820351139649776,0.4269042210778588,0.07435132714297793,-1.1562316587900454,0.0049930290858811888,-0.028666817450420608,2.9168063527843051,-1.3292941566905401,0.12724402582867025,0.14590077998157783,-0.66652056202287535,0.006272166161748108,1
-0.2903211651501712,0.27622167390522306,0.45175622058703629,2.1818849595632992,-1.5064215705390664,-0.65082141023444573,2.5482847044119201,1.4401861085101408,0.25147726861613034,-0.40447149636176805,0.091041900739705181,1.4273096360399788,-0.82822589736187502,1.1150249032042152,0.98808664873032914,1.0669633373118128,-0.45931375549625153,-0.011407837296865245,-2.1220865210045976,-1.635795345730517,-0.34666961678907027,0.2632134990444116,-1.4138553134014122,-0.79976449134025096,-0.67677043172733153,-0.65196009204152583,0.42081371305549048,1.0270676937695842,-0.0080127605002016621,0.18383664402950675,0.080860196757610622,1
-1.6457038279055756,0.92912814217385475,-1.5399987819377032,-0.59316984326770827,0.88043189001692179,0.2593382691253957,0.87992746204702676,-1.3736484962931907,0.39280678729951918,0.32454056695495836,3.3062831667598402,0.074582750768083045,-0.73882443429856637,1.1232372390322256,-1.3988807951186444,-1.0270831051847606,0.093090398330552604,-1.4481574404749857,0.43015310236777549,-0.36221134935186283,0.33537794433091217,0.085270784054995316,-0.11323922080630468,-0.27470944352645149,-0.23122571143953877,-0.78636460925353868,-0.81697222953238313,0.38281143404679496,-1.1393735034809604,0.50117769245902666,0.21230075822857986,1
-0.99991655651994948,0.013503968385350245,-1.2403386869451329,-1.7738275659704601,-0.66072899018804299,1.0613045875230456,0.13793457017880517,0.38064177111939479,-1.0852393458563925,-0.83960155797930447,1.2664023142252736,-1.9624828507775562,0.27889952971431087,0.75002922425891894,-0.28304767856006813,0.18575268599396674,0.28910206665514476,0.12394021446040411,1.2635374322637589,0.73356407279389069,-0.097266725073004823,0.11712284032966883,0.27712280617575097,1.1465116839968899,-1.5860846896729388,-0.81821432251043202,-0.53383496665138552,0.45146571988551265,1.085566333602717,0.41953889654448029,1.3063013337462357,0
0.66385715168374149,-1.1085784015334157,1.0562280184441357,-1.2625094943049153,-0.75106926557056686,-1.0478053760439008,1.117525342017279,-0.055537936649137566,0.58995569163184891,0.39997039480658902,0.59487757185772572,-1.3917678224375534,1.6961588736030395,0.50581303174885373,-0.30926290811963081,0.70846933496148079,0.35584575670694213,1.5859099452054579,-0.95309908321956904,-0.26667997879612632,0.26364237286874381,1.7160662246791107,0.58351942034350068,0.58422349541741847,0.60086286621379037,-0.54529204382254437,0.76739965755994022,0.98527066192910695,0.22652925698916954,-0.097583200668814152,0.093456027865641014,1
0.87310687563458922,1.1201767739281139,-0.3824140672412969,-0.58288285643333537,-1.2145930874105899,1.4213222502003744,-1.4595671057081561,-1.5228741572978233,0.49498445118885009,1.5214606490807792,0.79894633568721296,0.034439390782472129,-0.10520490810539716,-1.2333815216325845,-0.55218390719792432,0.77840319579095085,-0.94185964179817616,0.30708690290995649,0.66369799873841706,0.031025802286536695,-0.29768642582211241,-1.1774131224139248,0.80367763849139862,-0.97987078210777301,-1.6154338646133968,-0.57365190460918136,1.8273992298989417,0.50310046011728971,0.065566214223967592,0.16828368110164413,2.0744474728263338,1
-0.068276851259841648,0.23038958608532537,-1.1157447478058733,1.4937309397333676,0.5463687869897228,0.025386510241235689,-0.77954093449430972,-0.70401508176153493,-1.3739089018046844,-0.012143846855367124,-2.0160757492576922,-0.013402123851650015,-1.2867850814951904,-0.086022189597346921,-0.69273431463339641,-1.1347337727601747,1.1760697526160948,-0.76453316358888601,-0.3807801143955904,0.43464102720844283,1.7387501439491666,0.032098065766810104,0.74486736550941424,0.98134148700549584,1.2313715350976586,1.534538090444501,0.39033234523642363,2.576029001414526,-0.26922359258220163,-0.031713666091161254,1.3502538321850437,0
0.59570172996992488,1.4174547081436006,-0.36456343001079361,0.034311970763748999,1.201838781333546,0.077306545833268889,-0.40085655910834944,-1.5248904257726967,0.65893272444544582,-1.8654718101120753,0.52094397831493677,-0.84569209484648167,0.32176000280951333,-0.29321329959844361,-1.6992019969563512,-1.5911074822902882,1.4804310433074475,2.2644046386594066,1.5025723070413477,0.78767468408717556,1.9690202503684793,0.37992094704469465,-0.03877227375069274,1.0776082233479067,0.15788983414415603,0.88733798820661858,1.9274368785206226,0.78724796984898771,-1.079326449600339,-0.26764980639625913,2.6155619033507822,1
-1.8236942907606988,0.32428301555870226,0.5294838377502773,0.006034376679114186,-0.33122314948097215,0.65100509744830792,0.75180038803823779,0.69993929187371162,-1.0810331710013741,1.5057002583920627,-0.51459242046919751,-1.5769320557234563,1.5319040736896972,-0.48059399290383653,-0.12036329630598798,-0.12052758004271154,0.75551254160694181,0.14073994956646557,1.4996716195165274,-0.16420336112397971,0.72158347617303609,0.19132326941382224,-0.22953667207255285,-0.75130265292561282,-1.7441454862039407,-0.37265556131539734,0.3992435999758166,-0.23579380212293322,0.41415690438932207,1.081352955370781,5.6506073344087335,0
0.42343392803684998,1.1003119721096037,-2.266662676488171,1.7774870362729116,-0.14824692792050678,1.5994036401101386,-0.5864560548151343,-1.1743729486757315,-1.9606688493776609,-0.44757677070046925,0.97967742491526333,0.66520391789710842,0.41774737172818549,-1.3437448337311713,1.2241176639612945,0.0017486375910463431,-0.12434570464544638,0.047053691846580072,0.078211262706929102,-0.53325719578968467,-0.25597848851265953,0.23614594938089231,-0.18987455330064298,-0.82334460264043718,0.88863541340724117,1.3631597662047172,0.73335407087410587,-0.41561680904228254,0.27923708898056593,-0.31197246524498323,0.014200044083243848,1
-0.2975142523138366,0.43066197029907799,-0.75447585255459204,0.65414271719663164,-1.3066653137149222,0.1312275116372365,-1.4529447792731232,0.045073110312079771,-0.86020971888333608,1.4395303635964056,-0.29345207767694947,-0.032563139845015084,1.9251274794941109,-1.1819589007043969,0.44777339524347931,-0.26767831024593414,-0.13526656659228123,-0.72503796226845485,0.028798873951313572,0.93839281579684675,-0.68234680044147322,-2.4838603338013416,0.071084284999101452,-0.57416347980293825,0.54871163149296365,-1.4168997180761222,0.85230475590317811,0.25872585141696697,-0.78462579070119443,-1.1205406053353961,0.5717095988385994,1
0.74990117647026233,-1.4953393721717565,1.5576417754204295,0.19064920294422869,-1.1350201143467198,-0.30774925001098069,1.176159602282514,-0.0064730677189563622,-1.0402416408801749,0.74092969865894942,2.0905808654878468,-0.026315294821239735,1.3218991736416144,-0.83867145621856021,-0.1004527228709665,-0.81779059746718874,1.1351338509049684,-0.16154517920323494,-0.98134090492328607,0.0059114991665249013,0.13113999510104735,0.63438046084974442,0.33259261672308282,-1.3784758529730976,-0.58096892028337332,-0.86371328973415717,0.25610348214139961,0.70328487694149233,-0.84288031966751442,0.99972926318015432,0.93973679141806399,1
1.1995289199293759,-0.55236370390109202,-0.9738481199424297,0.31806851636751132,0.57991998491347496,0.54409339544484392,0.069310106287989601,1.8588336667192316,0.27786044265714238,-1.1302664947470122,-1.3081649621117797,0.37240247242410385,-0.43755949064443528,-0.19708221511619117,1.1534685616237919,-2.1395139451276814,0.53864919091091867,1.7999784532325946,-0.32667788053745417,0.89647492722544653,0.30508045207933859,0.64838510871930932,1.0265979822382896,0.97498054819970825,-0.78402288572522993,-0.2620193044007138,0.48397332482252392,-1.3131410745916352,0.60027460220320528,0.24109500338784121,0.2091911324603766,1
0.88909122829563147,0.56267172038732283,0.12829028949852078,-0.98887667908327792,-2.7915774107672418,2.3347391692472188,0.26198986268813318,0.11557881757399706,-0.052845910193455678,2.20404684348813,0.81105254312378949,0.86432376082719209,-1.0945785582469374,0.9516922553166528,-2.3029804154286095,-0.4286092662590506,-0.080727872509807397,1.1309589067261425,0.13282945906345889,-0.6043686833071592,-0.50993446577828949,0.99787025391624129,1.1063487753734882,1.1603619080518612,1.3972035767661817,-0.38086459514701132,-0.80548726026035977,-0.45217262407050562,0.53555672760608353,0.1033802470796179,1.8861689962774015,1
-1.6788262289099312,1.3686905980308517,0.22570492450335095,-0.90274376256140343,0.5415259089661062,-0.12002913643383256,0.10633337670794349,-0.95176368988207538,0.022740002548152161,0.067244476035232703,0.11344207992265679,1.1713334896582717,1.2815110188762613,0.71520627876499632,-0.96666447794093524,-0.35712992885137801,2.7597464464259365,0.78133979763327888,-0.18670220211409966,0.57823241699254768,1.0603795818286827,0.97788269199481626,0.26458831881320943,1.0172966849637903,0.32506139208209051,-0.15591564717304163,-0.6427683985706415,-1.2757622785532099,0.30334542523040992,0.10263915912120281,7.4613865204338827,0
1.0125291158213561,0.23976145739050453,-1.6574224403625597,-0.79746190599549105,-0.94721054154623219,0.46478966069072525,0.90209130638494217,1.1802791595886382,-0.91200303663829652,0.25001688166416236,0.21444317102825086,0.57963986880563478,0.10171213919341855,-0.72276245770836078,-0.080847799939082865,-0.20590145959610134,-0.34146388309897668,0.49261699343919002,0.62975208331394372,0.76062356557934874,1.2643891267497052,2.1520448848378568,-1.6001731684028719,-0.0078025187387063587,1.0394500912253497,0.17090325251488103,0.64545242695271132,0.70222564150247802,0.21988557245725857,1.9108950470450088,0.57651858932103961,1
-1.1802777549868644,0.77759951600288613,0.67007998831213,0.26122011413514351,-0.51083202895477209,0.62397181037796112,0.42744802111028019,-0.28316448391124205,-0.27465003093318863,-1.5609105145663966,0.18880317704192676,-0.63829075888793729,1.4137223067835551,-0.9974604240312519,-0.50610248384733214,0.28050414876971647,-1.1801262522920843,1.3262141331756443,0.38235593070465279,-0.7898378928518881,0.52163335123854015,-1.6081889485763519,-0.49825460046192793,-0.47635913310119088,0.94556356361378657,-0.91164498603053967,-2.4947703121502514,0.98578090079865188,-1.0841080617841736,0.80711310061547681,6.3422811255075393,1
-0.56810285897453294,-0.19147979175062918,-0.57391505900474693,0.4472667008774116,-0.47438517642738764,-0.21177176398871711,-2.2185233531256205,-0.29703725590963326,1.6839886853279147,-1.0677434851517296,-0.81302056636618192,-2.0118109031271709,-0.12314701946081096,-0.34104823281529884,1.1445882236838987,-1.6963509959328513,0.31025458179969967,-1.9240149010975784,-1.2886108095677806,-0.43322372181679358,1.1989460315265457,0.94645637751351996,-1.139961943557158,1.3890876037383375,-1.4114912665351185,-0.99901868084618872,0.091187294678580083,0.030752359840279159,0.13305815614610633,1.0310803201531236,0.55262855415012946,1
-1.1055363215024221,-0.20398112169900698,2.2706972265968561,3.1269730700101426,1.1043005986702223,0.013981014737414256,0.23466782992517402,0.4917050175917515,-0.67011799202646694,-0.1891261836229729,-1.0842968438376901,0.096753910435427609,-0.20938259080559715,-1.5031076120411213,-0.58193576370235955,-0.56170771858365209,-0.7921672009326628,1.5918379990936165,-0.7245209934051754,0.25303773602481988,0.54751751987232478,-0.53796730187413622,0.83560976653437358,1.1278574096377834,-0.17821699511588615,-1.3310427186832789,0.41735362861452407,0.81901907351544689,-1.7700352825153658,1.7835012434820501,3.0248107352349836,1
0.18936326246314164,-2.1388242956333841,-1.8006104807232968,-1.2744475067566705,-0.45610926387056439,0.73868375752976134,-1.4917796844612188,1.8943414457803571,-0.70612454715863471,-0.76297359481287874,-0.25485156030120981,-1.8962192610255879,-0.68485889879051631,-0.85344260277032158,1.8945790763616159,0.8048159038978282,-0.99993154996935962,-0.90406596364943792,-1.0266457333063859,2.3634157005040071,-1.8709608812296978,1.8955396013507277,0.048875474278746778,0.31724291685700889,1.3735967909871312,-0.011909727456352116,-1.2475374205254905,1.6046056166115059,-0.065289358022272134,0.12455302909461623,2.186353416528434,0
-0.78929417488744724,-0.85438465771932115,0.22931710445687292,0.68224294345005998,-0.41553896623979553,0.38739454624968728,-1.5055904445949113,-0.70634404831368169,1.5595738334477407,0.69228549032189624,-1.2010588015063013,-0.70580381328025676,1.4517362155519351,2.7993077972907385,-2.5355221850086411,0.22198229466768227,-0.056136575950216316,-0.019265576644478092,0.66536668015644551,1.0100641039043849,0.77187153852442802,0.10027088401110462,0.93957932864279348,1.1923452092234155,1.3794584331009803,0.039779505493305986,0.021215655079194803,-0.67665430971190166,-1.3455370383673027,-0.59249662292076799,0.59281452971096282,0
0.19233870418195737,0.02473179580660459,-0.98759783240419552,1.8861791997678932,0.77214211818216216,0.11919243749358448,-1.8393589819492309,0.15132812861406322,1.0563283501831504,0.1913013274076395,-0.087955014009971369,-0.49026409371153756,3.1719735181290778,-0.65515607265345088,0.69393034731181513,0.81806140053836685,0.73474632095114356,0.35077311979891107,0.10034662040742161,-1.401078736485097,-0.54802053128257255,0.54706432581262565,0.62162024156766538,-0.22017126113615776,0.80550778108017451,0.26427710460669346,-1.1822570466042632,1.6830930869045109,0.40503900177345131,0.23404895944540963,0.058588400508959915,1
0.12400903336116967,-2.0875304925950187,0.26422085539314139,0.60853961724191497,0.41744143994160948,-0.73543030915064067,-1.3054817838952217,0.040829537958110548,0.26585966037001507,-0.56834052046725003,-0.30621170725492658,0.93215789375402058,-0.84503695121569711,0.47905774055151223,0.32111657317622833,0.49822224557879452,0.20962998177735356,-0.71472284310445844,-0.87043240980774739,1.6616196623672232,2.5411177868207022,0.23277089959768457,0.27472740530797685,-1.5356757973391773,1.2855335216093848,-0.54738058923684252,1.4173193990059036,-0.1839086103770218,0.82505004328504605,1.2415790017445096,0.18686631585852181,1
0.1876052563038392,-1.2064923757865154,0.98460557953106942,1.0775446392510026,2.257397919800773,-0.39249225979276103,1.8066652021159808,0.70934101139489492,0.68189587028119836,1.3583884912214048,-1.1986609035816871,-0.19915190443363917,0.97382780194970386,0.78927642748826687,-0.80788190604404675,-1.1750510281261952,1.0815096626332918,0.36620711574341575,0.29712764177017059,-1.0258760151304294,0.64855421947918945,-1.3994186527863779,-0.23490541801891526,0.7199872588312537,-1.4484469579876078,0.28368316525501958,1.4993088977159927,1.0058878007629366,-0.29082833785759055,2.4788728420883208,0.012189790602985175,1
-1.2440884239648475,-1.2537582374919556,2.2934017418044288,-0.0056279586863105446,-1.0878428699352156,-0.0076714435201586575,0.74552744595855847,-1.7917541483002379,0.98513450850076045,-0.8563523058010758,-1.84396527949267,1.0320651630826809,1.1107677073976934,-0.29008522137566356,1.8487570754516833,1.6020424040822034,0.72724170289826939,-0.68875997691603996,-1.0765043172581998,2.1267083043767965,1.6316795512657609,0.82084579895272536,0.43256109818604332,-0.64168648568939857,-0.50002507671855889,-1.5614808214190552,1.4503556009296912,2.1345911990750266,-0.16431609021476137,-0.70191883545165146,1.2377758574157618,1
0.35103934109035401,1.0616673123601517,0.21459821407775895,-2.5863417897748051,1.6141049359654458,1.1429585637796227,1.218775075013163,-1.5694144837340576,1.3565876989742673,1.4207987641928694,-0.44089731010397576,0.74090967442946942,-0.45826257212301341,0.95062933219585399,-0.23320967460552228,-1.4210484645113495,-1.4735315906932549,-0.53419801347971996,3.1096222521117705,-0.082281389712418357,-1.1923881482775454,-0.006122883422736476,0.39129251389691888,-0.22571438204004129,-0.64266412080295687,-0.042202430385495815,0.62347721972192671,-0.52830640529498762,0.66335845681105632,0.6968812828117924,0.85454362511525706,0
-0.37268219859811386,-2.2080620911043836,-0.12562130069757332,-0.30717406014904003,-0.90854600733081026,-0.3590483884956614,0.63867203669849804,-1.0989558535159638,-0.63122089616797938,2.0319741771840558,-2.7626603983569513,2.0116688260420137,0.66647078948941096,-0.3751502620593084,0.26953366793731198,-0.012738606159644608,0.89108328788141655,2.1045465994238715,-1.3798284336808539,0.3323967541129968,-2.408288149537225,0.30275749733702889,2.0270148212591597,0.011330072447967932,-0.033260129542920347,0.03989361715315666,-0.37899376940093726,0.24146599570254118,0.55558982192151052,0.44105414502838686,0.02064247068354871,1
0.58703128127147552,0.28656129693356946,0.12111051732788175,0.42640062557266017,1.0694610757030911,-0.46173170518929041,-0.90714524827945919,2.5781067436844625,1.485009249677852,-0.34969149882821682,-0.74950828291598692,3.0036944721175289,0.81820030222177575,-0.94156986610268911,0.14967724821278058,0.61700889104085921,-0.46115399126831724,-1.274692957030529,1.0593435739689887,0.54693186225548862,0.058016882164593268,0.13479276230268572,0.60252620170491566,-1.2108720212071202,0.33368262482183797,-1.0947853541179002,0.39167444778796401,0.15629807777348015,0.51633424916792869,0.16186981486443369,0.43077150670196218,0
-0.23626953732283329,-0.48891402845064752,-1.4865006935693836,-0.62368318468449024,-0.94010627202416974,-0.87824264631741478,0.99082690768276793,-1.5260848803255906,-0.43199921268915836,1.0484936185100697,0.97518931862113734,0.60579906857288746,0.56288373891350085,0.31375136150336203,-0.9364266283888748,1.8629556262310647,1.4217042235825745,0.75419901638728204,0.61309308183097877,-0.21747673939851406,0.95407287805452168,1.4931963851835024,-1.2804292654355742,0.93333058983427497,0.95163529092513166,0.69498630119679283,0.25961382071459033,1.2330102524942745,0.75204895793848248,-0.92133416635372944,0.21158704148861748,1
1.2568372298581758,-0.035441023662599581,-0.028170102998717604,-1.7431339630139548,-0.72277873279090532,1.2980579192208181,1.0215907413166856,0.27988793080126367,-0.43804341357331028,-0.95091734537045935,0.59650624685028397,-1.348874642593153,0.10873025328918703,1.3536928155752093,-0.43035010163521603,-1.6617624167467344,-0.44312030317547296,-0.42841359301666793,-1.5658095779079668,0.59968441113419146,0.90712624512737572,-0.10460078574978388,-0.12016837047730894,0.55105585226859133,-0.15052643284938094,-0.11949657393407116,0.2980243898695919,-1.467998766213191,0.40620228062307007,0.55544518331966586,0.49869948154141336,0
0.50275398772379509,1.3722181422375002,0.16092024649375719,0.28175626615889632,-1.5869689784725287,-2.022190892358259,-0.097817120306814831,-0.65919817857563801,2.4029143463736373,0.084802620513087248,1.236948392063141,-0.40584687778363926,-0.012298079259027633,-1.6033830423132334,0.87620229327268151,-0.36140429683994651,0.27654731327849635,-0.55646458474058702,0.3250974759723036,-1.5878944342296133,0.64462810799378467,1.6762565251221968,1.2898304199406376,-0.2412327892620561,-0.60012487998973907,-0.57830782043382456,0.57415313115476163,-0.50245078441730051,0.9587097691304779,-0.13297527992489744,0.042040204146527808,0
0.55555192756472549,0.55618179275609247,-0.53815014932523642,0.63658043497331851,1.2592637941480447,2.0694744860212269,0.71436392713289498,0.49366393296162842,-0.074473076338716207,0.42463513790651913,0.30584248253873403,-0.68446898046947657,-2.3108322232974552,-0.3999912026356513,0.36690440610504205,-1.1626631419123776,-0.32066620432135928,-0.48434548047365789,-1.3678324451162747,-0.56350953385020186,1.0366203336508757,-1.1739650601677138,-0.17716149784143365,0.72337452460756491,-0.22803998161562922,0.19043522409862657,1.4350921469181204,0.4431466711405076,0.26829224045848227,1.0453297768808125,0.93651723474760629,1
-0.13629066055890929,1.1346904589240256,0.81595037522294389,-0.44492627442745164,0.78330199135735223,-1.3689783771985247,0.95840235083472158,-0.48273079935033442,-0.0061140297438416948,1.3157562055804992,-0.92651703412306363,-0.36134182710080215,2.5342199310546603,2.9576465516692161,-1.1676234465888422,-0.032434045779306926,-0.7659742847722637,-0.11811837562996172,1.7648444415805091,0.6294284870087421,-0.45333091891296723,-0.12176259049828687,-0.4459585248378608,-0.41536205169794194,1.7049808045170785,-0.022101899314066975,-0.27576247588672259,0.21421717081757397,1.1474692474524557,-1.2569751737634332,0.68464116614948045,1
-2.3745388686644664,-0.41004857457767063,-1.3360516363443555,-1.1084831313125534,-0.73993913223132679,-0.067476664530755598,1.9810976294269544,-1.4557981903707509,-1.5997913525967402,1.4559092247801932,1.0587391307122438,-0.12941044124415313,0.97835598863304862,0.46573836168427596,0.1224075041816009,-1.1341650522274458,0.49020114548602051,1.2859241858275396,-0.50621126495007218,1.3550454499742566,-1.1140423988547175,-1.9462385121736416,-1.3196207480557334,-0.77791624590373143,0.40560357422172533,0.0015688052774399347,-0.18767212913409256,-1.0345761205408615,0.82146639784249942,1.0331446770341395,0.64721602534308786,0
0.57614235827140658,-1.2052675279050349,-1.0227288318826264,0.79658576006714044,0.34829250507345694,1.0004504055558077,0.00018060768436355468,1.262696918966705,-0.031458073665095947,-0.47104815308822134,-0.52357266859791562,-1.159890206439393,-1.4308761145971622,-0.75174617816303058,0.081484275391000532,-1.6168182058978435,0.60472664710213742,-0.99486646673668266,0.88943427164368405,-0.72691675257787092,0.12522183807375603,0.024942608688199881,0.37716810138785856,-0.097997254013233351,0.79702226157648326,0.086169860312933749,-0.95501792941146679,-0.89877473710238898,0.41229896377454989,1.159231080379868,1.7180554640059353,1
-1.5251985194799342,0.39882253195228984,1.2526451018202387,1.6842793751902394,0.51063516261602915,0.52822880319420951,-1.570510971766828,0.23555316340610274,0.16433364149841848,-0.46297479201025088,-0.07017030762257101,0.11647513228869885,0.33741854466805504,-0.67223015928580165,-0.75711358833485776,-1.7766820442145954,0.72074636200992348,-1.0848093261391134,-1.6193767685961533,-0.87554716765801988,-0.020221394261851083,-1.583348186224562,-0.1773121672749759,0.186250768030331,1.034624323977354,0.53018120209119524,-0.57823490600285177,0.43775833754406979,0.88403736826857471,-0.35021094584974127,0.32692504309533599,0
-0.96378926800701026,0.028828442737370698,1.1543776424744099,-0.091660917572267991,-0.28014617643183276,-0.35462030768148939,0.076822491164785928,-1.6381397667388531,-1.1191265262519501,-0.49980300555202967,0.31233602208654787,-1.0602536246076333,-0.68534074005583323,-0.599880020270537,0.074082143019631314,0.73474411382827753,0.60098980519110456,0.97757629251465661,-0.15044067248641221,-0.53565835759088898,-0.35138112359813506,0.28598283676249636,0.71129378345606697,-0.18274269948131713,-1.210481145320371,-0.18067767285220868,0.43518158150406472,-1.3087511112557273,0.88874603142825293,-1.9427791766379174,0.41194937812131083,0
-0.51009733990399408,-0.10792049653849356,1.6727475482202485,0.82045627079170613,-0.013204324295277837,1.4303083336753015,-0.49242027323928922,0.63266280536278019,-0.94976032050198933,-0.26756156851939311,0.16973010015061829,-1.7405237297499971,0.67180058444571911,-0.82017493220170423,-0.72440623336422494,-0.76284703940274523,0.64523302097481239,-0.060080079382817522,-0.10413418023206321,-0.6981617715093148,-0.23065438575094549,-0.42790761029287594,0.55461622029426605,-0.95899365623706734,-1.3288663019870408,0.10148334222703015,1.2496743532472654,-0.97614467251442683,-0.830902965216471,-1.409209326050646,3.4629241676345792,1
-0.83188815639017588,-0.64179110910584303,-1.1240317179920458,-0.13741561933469987,0.48554167301605605,-1.2898977851685718,-0.25139767404215874,-1.1802250032703701,-0.2761935549715448,0.03872953626196507,-0.50030360310850286,0.44505396201734415,-0.84710970318665368,-0.79917433859045006,-0.80015257952641838,0.79785057728370889,0.44437119859486918,-1.0052736243992613,-0.2108943188580889,3.1299452892190427,-0.34971369310039208,-0.013582622406428225,1.4846770441589952,-1.4331868516739967,-0.52338702503826973,-1.4818679062642968,-1.2568701965751343,0.58790231989488839,0.6363122982993823,1.8167071858752739,0.40330244461731291,1
0.16014297674180317,-1.2533366818361513,-0.35915908229433319,-0.72819718911442066,-0.79384369477001127,-0.23599596055150363,0.40385874498175195,1.6402746349224002,1.3688178930819104,-1.0374544617645558,-0.96613073563655238,0.75197796612267531,-0.062468619067631764,-1.3960314876565745,0.9292123544475388,1.2103817981127498,-2.6862421638905132,0.014938648102768185,2.2793557721464759,0.38059496239464935,-1.2877426636845686,0.2250500621832279,1.4356803883170444,1.3950640286937468,0.39975962483076261,0.44423718247081084,-1.2329993344548076,0.2173150181571144,-2.1622260007221308,0.070690392441279296,0.082002073366359229,0
0.18038888389630872,-1.2105843514304739,0.40408093136236356,0.082908445351996859,-0.45201296741087649,-0.3194962154163758,-0.093146447435261001,0.12845473564056295,-0.3656551113188829,0.9350935167636093,2.3036558398743003,-1.8289628666701723,-1.4880043503667923,0.45620107965960327,0.95846179655172592,-1.5979298342602586,0.17879535407550406,-0.64672071851984514,-1.7499775367618446,-0.42981036261894584,-0.68259956549206802,-0.65893090798894693,0.15605071894594494,-0.74666842585429949,-1.3573697909238127,0.77746831186632137,0.82475021605255938,-0.36676486840808037,1.131367933450079,-0.85757941159858364,0.50753302193096195,0
-0.73963565251534957,-0.94896181747866681,-0.023984767005382986,0.072647316912934551,-1.4852591822782721,-0.80541562372682485,0.0071889392626129705,0.55341046398629423,0.045929563817268787,-1.1654817333284953,-0.62067479118082591,2.0463249182523731,1.096660393355892,-0.53117107658432117,-0.96186281437512411,-1.0410104089883678,-0.4322346442285645,0.47724329253238551,-1.6428056045784183,-1.5350643853775188,1.0160146120209845,-0.51260091336950675,-0.52210208667132996,-0.36133868891611448,-2.0427515665876306,-0.65360833091326531,-1.0866164094423698,0.2187073469878871,0.73988492628932501,0.64502568909711522,1.1539813914016555,1
-0.4793561921122157,-0.6970047865694381,0.44349287477501043,-0.58779365091281643,-0.3061088841777555,0.39772596419404971,0.85718909287981693,-0.50397974495385844,-1.6407856260286262,-0.19608115497844425,0.47120395698689899,-0.14785564306229909,-1.3302827053096336,-1.4164411191639006,-1.2823042507424289,3.0641501884289331,0.58483046286617613,-1.8026196921155928,-0.32134514274361242,1.3318429451189819,0.41950455601477843,-0.070381195063539168,-0.73924919383260279,-0.066784920124979538,0.25493542621609527,-0.38996025550037461,1.3919942274551063,-0.97631818171586304,0.1394886204958122,-0.51815112921028861,3.723344294278502,1
-2.5158253894104194,1.0028810802406185,-1.1175081740447845,2.2866544953644508,-0.44918598964918183,0.65176665767661957,0.93508066225278452,-0.074741324193180331,2.2447048641825424,1.3515977021652441,-1.7617391869647676,0.53642863280455066,0.30623658539379417,1.2265102547159805,1.5899979780271054,0.53419345196113188,-1.0009693846430769,0.27821295016802938,-0.24293965865521597,0.5426872225873931,-1.1855462505201315,0.75736085033185463,-1.0360792608167628,-2.0988291840397433,-0.31116053126508092,-0.45178356229929401,-0.22232586909506499,0.73374908650396375,1.3323281301235326,-0.28771015299424979,0.48752623170017717,0
0.25725646890465415,-1.1587018061303289,0.0028628201970107275,-1.3820644823016686,-0.20517709001204917,0.043097495600057704,-0.418560005620014,-2.2904515931103244,-0.10184709800759541,1.1016257923677859,-1.0551292072940233,0.20044799870756946,-0.60703569549004388,-0.088972393971026714,0.099603126282150622,1.2424419728867599,1.3263457616958636,1.4322629172175545,1.5270651324251316,-0.043979180128831653,0.98598904947678778,-1.6635684615259851,0.36879226111834812,-1.3792278159254219,-1.394776416561232,-0.89751192760587084,1.1443971944164677,0.97937455465879775,-0.074106717481784545,-0.16987313554886441,1.6974055820019429,1
0.22224413203054358,0.013799221951330175,-0.59138143192683645,1.737175401298219,0.0082342691524685974,0.04266267858465439,0.31038142081402326,-0.021860108046144144,-2.0696967347176836,2.1845501450204119,-0.54176787829681516,-0.61038084913834745,-0.78867182231109434,0.37058815400234918,1.1961235798289538,0.6937764797362671,-1.0192606983535322,2.0227634858018693,1.0963699192096734,1.0123677985955324,1.8353592709253053,1.2359557149367897,-0.57099186221454434,-0.28330687231980611,-0.45422578201399039,0.13160107967636805,-0.84625811227697867,-3.3000525193140997,-0.94785434674507574,0.79166945559229618,0.89966677607992729,1
-0.013060937183737114,0.73419161860181437,-0.67655035495019433,0.51068398329100295,-0.27604133536834768,-2.407739978624162,-0.32032139108161439,-0.016826084930439158,0.13950538500652065,-0.77709971502141129,0.20524299005000776,-0.65734512781135845,0.43628188232932785,0.10572391727558381,-1.9431840859088569,-0.033351175177862437,0.038483377535427327,0.42168577003160029,-0.045951981793463811,1.1662079207445473,-0.58120198727794448,-1.3059218116272497,0.15609399319559231,-0.52093938862564748,0.81642854263960862,0.07170264203554122,-0.99957242004303548,-0.92822669273025493,-0.75726033458371012,2.5086491835584694,0.096544625016540375,1
-0.014189373093016978,-1.5327822302365777,0.5791109861869489,0.071397793198040391,-1.0123936730487468,0.31681668841684019,-1.7837642046481064,1.3780565253345238,0.55482290607380325,0.13948084722778611,-0.58404917998430916,1.0813482616006895,1.0159588128674975,-0.89822641105095635,-0.29712312411263725,0.49481191717607814,-1.3629969612761794,-0.17994388278007478,-0.9468257028894701,-0.10141267851982073,0.12450237906293514,1.7934469018567021,1.1425015305382868,0.021515363053930772,1.1650143091177168,0.26544257115970865,-0.75328596911712853,-0.3697068472481545,-2.2607435847856041,0.58849272073181513,2.1593614026865655,0
-0.41182618109998936,0.46688397216197508,-0.35011422084115251,0.94427537262007277,-1.6250424911180934,0.073716987513947174,-1.0186965003892867,1.3088035138448946,0.27266482920574375,-0.22163268975664649,0.28433517751476384,-0.71862115032942042,0.62887477487850973,3.595990941193294,-0.16616006571478981,-0.82758792675330906,1.3610619881932964,-0.14950012961379716,-0.18805729429701482,-0.40701965307144544,0.93264664009675247,0.77336389837253994,-0.14307573170822238,-0.92871268883833591,-0.24166912874242857,1.3304743276022772,-2.2230900774181679,1.2222948387360903,-1.9514743522985125,-0.75878301932351011,1.3740254307185817,1
0.91802513595863733,0.25783018172510092,-0.23405215801181015,-0.1435174554228246,-0.85600803847112972,-0.83950299802777595,0.63460612467121946,1.1360624182705843,-1.055941265092313,1.246635188412786,-0.23818868304372554,-0.14949036604899257,0.56435933017369977,-0.19877512569891362,0.95864854503446995,-0.53537935710382401,-0.54071172718534455,-0.73485062294104753,0.11125065338187319,-0.449524550407915,1.6282231298586791,-0.61008152355882483,-0.015924229375230765,-0.39060948757950431,1.0310242544889365,-0.61061275835318984,0.097593715188063188,-1.2554360031913234,1.2471987088323555,1.4938368619947127,0.32950226182647202,0
-0.11228359414622781,0.15819423894407242,-1.8625477156890169,-0.2603991705847401,0.64687578388683609,0.64382325878508806,-0.41391379205341461,-1.4578511486739627,-0.94870298884343707,-0.56048581832294442,0.19645019397829869,0.0030483539320822501,0.79697827341735417,1.2158673913263276,-0.054674719156760448,-0.92442070960456924,-1.6610015038236341,0.9365455704529082,-1.0636260126899824,2.0301718871597898,1.681167407722568,-0.3144038017213297,-1.8027216480684896,-0.42051585711816525,-0.27587703978280709,-1.275171198487741,-1.4672771421175381,0.086965262771681401,0.399221661113769,-0.8912507327307988,4.6408641158043924,0
-0.45964117547424965,-0.34252436921536961,-1.5248848864539797,-0.19963850638158709,0.42929037371088258,-1.3857557126091717,0.65778715262395626,-1.5341438503399929,-2.4075376055062616,1.1619482084177613,0.92810655950345011,-0.81965970811364119,0.4563147744448558,-1.1030623797335035,-0.18291178658190965,-0.52859926488502984,0.95886591734805815,1.227240354194592,0.64499010883746688,-0.62952223204629554,0.34691902870054131,0.085620213412870003,1.3002822278860171,2.3867947172884372,1.1523163350950434,0.32593428105885175,0.1130957412772766,0.52181767107656518,1.0162619480200525,-0.88261120618297983,0.12853131090180744,0
-0.45133036413992067,0.66778124458486099,-1.1126003136685945,2.1890549601163016,-0.37584883828265359,-0.095791040618596765,-1.0627105886321389,2.0240357639047759,-1.5119234331733367,0.28784300922985662,-0.33052198595375487,-1.9077804699845597,-0.57049217594037105,-1.4647937627890815,0.50922705643653154,1.2228304665778038,-0.49446560278975288,-0.44869184280251007,0.4019246581064263,0.54993234664365009,0.28544595323607858,-0.38348205179262301,0.20163516430966891,-0.79258996147795757,0.89543641277907671,0.77832469407904792,0.19522154037744768,-2.2308952690091255,-0.47725760490359503,-0.6468903513012908,2.2855554611397721,1
-0.023792057696534086,0.28929240684238544,2.4319806809318565,0.65207748786948239,-0.013538873325151007,-0.9748984880832704,-0.2768620492189337,0.43713417888452477,-0.46702546477903595,2.2959623555734736,0.92734166592069434,-2.0736044618842495,1.7983657065472543,0.24581736937557147,0.92668890563754558,-0.55313000687555192,-0.59566805602241635,-0.42829241690451286,-0.33759450713810041,0.72459650363615158,-0.040250027268337561,1.7762671351927335,0.46581230580824601,-0.57477594675420274,0.84166979811408305,-0.51300528499466846,-0.40443474444948496,1.5062939695768995,-0.15926937885435691,0.88401234218995561,0.0039769108082276395,0
-0.60110577207576898,-0.41272312898124736,1.6618355896903971,-2.1416687316894101,0.3598522082092917,0.33863437795874646,0.56389268483940869,0.10015941060745144,1.7591214828090866,0.99284442537384821,-0.058861035765041668,0.54185978260269163,0.19927207499183028,1.0989835019469414,-0.68881950278037396,1.1015582702228768,-2.0498116037040401,0.80783649266841762,0.22281460013671517,1.4333038888444523,2.2000801790082534,-0.63351784316836013,-1.5627104692271383,0.85573607997264578,0.010809370531673379,1.8344146346185419,-0.26569976117724314,0.2852104061410885,0.34233228576846292,0.40662773198709573,0.14017153269472818,1
-2.1263960156126998,0.89471544050355079,1.7931895767436565,1.3626698062589981,-0.00060394116337985227,1.1414581813566695,-0.65654691375304863,0.54055397384282766,0.11118350649001642,1.513733588815559,2.8185010746255985,0.21867139330433905,0.72082523728102776,-0.24173547757976857,0.059638174169458213,-0.74052341759115048,0.67404866927237039,-0.043204271211515086,1.0041597223513214,0.52423436142244806,0.45576965814307885,0.39661103921328772,0.15511127414148715,-0.36717961971265067,-0.31682046201130881,-0.52059260983071998,-0.5642520427450386,-0.35169539073395262,-0.41875601634726878,0.3937295951096369,3.7202723216009632,1
1.9148429391939774,1.1788962954661233,-0.40898011557746639,0.48095777426292657,-1.7524547923862164,0.073104227015437021,2.1072813733207405,-0.46944572612765295,-1.4256045179035015,-0.35039822791044406,-0.96711075460100548,1.809754477873373,1.9349231215309997,-0.19814491819762398,-0.66878610006291428,-0.59228529255663165,-0.54184535222895147,0.56004752372354893,-1.9326695187678151,0.67022198798052279,-1.0074114109550558,0.37411270732925983,-0.40156960518226165,-0.94506467475029088,-0.36848212776399364,-0.47293980103102079,-0.25773073630933047,-0.50885860894604507,-1.3342180320039119,0.1538307758169124,0.11553758975278422,0
-1.5324166077313157,-0.35104090894569218,0.50406307777226145,1.552464390073051,-0.84325054804857913,-0.93494729771928198,0.16057202464828141,1.3549325508459245,-1.3981320210366344,-0.2939637491206965,-0.21291064888274575,-3.85533536216154,-0.22578092105990272,0.99157181582422416,1.2838776564117895,0.25721100478142561,-0.28617173288663628,0.13429556401089981,-0.83458999155670233,-0.62888439857992751,0.78566878190449119,-0.7834090226855065,-2.5602345142772913,-0.41861008981169173,-0.2766713448564091,0.73711251772204611,0.57927078382855424,-0.80044796166968457,-0.67031959218824733,0.62708226557297719,1.128775477369766,1
-0.061872373600964488,0.3931004645900526,0.10686722014850228,-0.91906203004126752,1.9414923985487831,-0.12020646224927004,-0.3661651553243771,-0.68568763461166227,-0.73724676822797297,0.41045546667883825,-0.56881816020295384,-0.60865495374779044,-0.39820427895059574,1.0364599835665722,-0.58009470428703969,-0.93260544571499282,-0.588190289653168,2.1305595230928751,1.1358894307005059,-0.544886288083551,-1.0125707645537858,0.27085117162600336,-0.65330633919738146,-1.6080050334334026,-0.11300828755640364,1.0962375711763412,-0.15005683802868711,0.14128917092262405,-1.2300381794363822,-1.6619392559208233,2.8803460107605412,1
-0.59055062194255548,0.97701334338342349,-0.21159531733192916,-0.045258507054951241,0.89758483609852935,1.5036623073920126,-0.12361624223548001,0.070188825929199436,-0.18672080923355311,-2.0106243934139734,0.063046467621393668,-0.78385450494385112,-1.0527416978080579,0.29310354893721391,-2.0119626297068622,0.79067936862516175,1.2039081827179232,0.046240058487970581,-1.8700731514429789,0.34536594738539617,1.0533813916693757,-0.47593199747454185,-1.220208781674984,0.17159259861401949,1.0027799503714467,-0.23453118518863686,-0.9514694145582302,-1.8380098620371657,-0.47822939157956712,-0.28934460984558341,3.520289538607686,0
1.7664755398534469,0.66439324999131411,1.9474818483960379,0.42470799419959487,1.0621259037827186,-0.23941458576965127,-0.66216510871453393,1.4855020523805387,1.0745175069934407,-0.18326917011755006,-0.41338535600433018,-0.10246462126348918,1.0893347769976007,0.19790046733424524,-0.60076771442949339,-1.6741411964340607,0.44808195745561008,-1.1247691691728414,-1.3600017154665438,0.90849209541580878,1.0437664343220501,-1.0243897707064133,0.42159118714157501,-0.67451711598500685,0.014227575804448604,1.0200132475823314,0.5652403029723071,1.5391501883634422,0.50370975016469244,-0.19050921772267762,0.3560399810080872,0
0.84966648946634449,0.39209865216138218,0.88750749636318238,0.81889057675704313,-0.30420680138401635,0.41161690010792895,-2.602030820162327,1.8931768922464434,1.9744158950970858,0.90394601021224397,0.27444501505694457,-1.6479249763863728,0.07885545338403703,-0.47684442494852902,-0.87889109889740147,0.47703806848860403,0.39510864832562603,1.0404078638531185,-0.75186451285617661,1.1063351370701227,0.9893567634072068,2.645919516708203,1.6817345907644798,0.42432852545516941,1.5973339055612525,-1.6573540269040963,1.0584928810256948,-0.43273264561947788,-0.068050462697291231,-0.76151074171024502,1.1614236505468412,1
-0.0086197574521848161,-1.8457857642407833,-0.77624841635889041,-1.9140656333429655,0.26440024395847145,-0.78203356442313932,0.25467385481735777,0.8623059736025277,-0.16317213481815607,0.69061393999186382,1.2153981336166451,-1.0926030988285229,-0.16232638217036413,-1.7024185583492488,-1.6883203994666256,-0.15013728841144364,0.16386003676080385,-0.081156795433552587,-0.52215904674152014,0.26604747663250256,-0.03352374299915984,-1.7805707382366771,-1.1071408967563863,1.6675743135760621,-0.29558078451194203,0.70044621038474297,0.051539223797247298,-0.22318372227190789,0.015000709048881357,0.9207722801405448,0.21511961681937594,0
-2.9595026583553938,0.68125026833448432,0.29407370546004924,0.64918373842028743,-0.92934639300481703,0.56174417688055511,0.89997684470550743,2.1654476264040996,-0.13548111301363411,-0.46004208272949848,0.45292113941229201,-0.33218864720053898,1.4151487539608545,1.1994914378023001,-0.72153218645524597,0.35779291947569786,-1.2004356221641914,-0.3217081019857847,0.87283675960895724,-0.078313447475745437,0.28331397255198848,0.1986324132817843,-1.8558533747944912,2.0698801537567086,-1.1783507078639841,0.44167985847900948,1.1084840105132452,0.86200303840273651,-2.1293674226920558,0.2959994900694104,1.0468341768828096,0
-1.7163041567679045,1.8100062927581717,0.45215879262083541,0.73608803452311478,-0.083406369203285757,0.53266284018176779,2.0493457139072024,-1.3315479754128843,-0.64675646307156909,2.125865782899703,0.50771841650972249,-0.35609062489933174,0.12148228765703575,-0.44589432130958528,0.37393852127017435,0.96740881065863582,-0.61058193495847357,1.5443621112066155,0.57605245434841956,-0.84549271359547684,-1.1416944979759855,0.27381966275835296,-0.36059652363361422,1.8657939862982422,-0.71153470041530564,0.72684939111724522,0.53154341194938282,-0.35025529090334162,-0.17264506034204538,2.4165046703437643,0.080490985636362145,1
-0.91925080967870088,-1.306431640816226,-0.81446872824298477,0.029622933883405114,-0.90908948329375572,-0.94246265159992459,0.54964351808078826,-0.12525526403711743,0.14012245041286256,0.94145823494880587,1.0443269106704542,0.52444357941587572,2.5021267023810614,-0.7011064021655995,-0.021382537473542663,-0.75518481567997542,-0.64927790722872192,2.2540370519459803,-0.92891923973044221,-0.88910053650505971,0.16420687451981272,-1.2062952669873417,-0.81932442923665294,-1.5379894244827355,-1.5124345680885938,-0.35295682668820527,0.32873272424858796,-0.30370136704711392,1.09753214593583,1.7683875372778317,0.36359678543025037,0
1.271128638801069,0.96982406021426204,0.59585690701267102,-0.49705753713642292,1.3514992862859148,-1.520346400652326,-0.33403707700662982,-0.12888087850960839,-0.77444695524378426,-0.27082107054185645,-0.97177991581080925,0.0028850676157885454,-0.92900867220783634,-1.0248967745830593,0.58888681841578927,0.48606972341096477,0.54894267384688866,-0.74701917702076215,0.6745882363013801,0.10359851641454727,0.16491009507502727,0.25991930505367156,0.64201063396361246,-0.10464997334327865,1.2176475414884209,0.30425154913671559,-1.7342665069783352,-0.23136143952443836,0.41084602113440355,-0.21339498556811048,0.038550216424207362,1
1.3703637629946195,-0.61792122745549705,-0.79325405604195531,1.0883761373797978,-1.8658096018887604,-0.39469179745012428,-1.1833989557296114,0.93290194478567756,0.29884209968643599,0.92085171976700164,-1.2645315506743915,-0.38726463770165287,0.38407289534455791,-0.26191978825432694,0.33229622804467113,-0.27758042438485553,-1.1278007681451394,1.3846242267654305,1.2732961694394849,-0.58847355050494543,-0.28339100968721448,0.55603146305670781,-1.5123388558688473,0.74172399353146401,0.31695785266891291,-0.64235837263785567,-0.60753350931628458,-0.69813173769474501,0.27646577736406197,-0.85435139463502885,0.029795122755855861,1
0.96393039754053322,1.9329326501819157,-1.097888220309327,-1.1466897817715371,-0.70568165079119216,-2.5868408122513262,1.5516183012053595,-0.0031648244144036157,-0.36650147570759889,0.35001146616851303,-0.26842733527636925,0.086490858912891488,1.0274609081655037,0.52816895537804709,0.42711742917736367,1.5603620862049015,-0.10387995931489953,0.11256494033086488,-0.47471664643311789,-0.49115946041085684,-1.1326376116506829,2.5306542787617397,0.98845097778287139,1.6913204241815072,0.26252991309746931,-0.57305778666391805,-0.019190948328912005,-1.1068763563336532,0.38774309655907679,-0.098313793518636297,0.11079440645578534,1
-0.26907299733292417,-2.4397171687854176,0.24415203966230906,1.0983798184227411,-0.19779740179842503,0.79917255727068137,0.33642804014870814,0.29929348034374209,0.82679165775383534,-1.7772886901312959,0.71529805700247395,2.1533866389248373,-0.14119375542626947,0.22148771526888547,-1.0586327188202727,-0.98411853281920292,0.77974671319128064,-0.3873056006107915,0.21873820615894618,0.5086257160562051,0.12143757212494957,-1.1799023494744523,0.068530637184104584,1.1864076422628878,0.68650807938658831,-2.6423245586813575,-0.68898453148789052,0.054899565732740858,-1.6087011494332681,-1.1942288236745271,0.76112120592005927,1
0.025749432391484903,-1.7080592350804926,-0.4671187404692142,-0.39206899525279354,0.88137654510725294,0.40952048258886925,0.7741639597581339,-0.80241814239152975,2.0908987044425471,0.95671531650804231,-0.83392987635331617,0.98785102837383576,0.44201892075016946,1.0097738977197506,-0.31851394867156452,-1.1460843210316396,-1.327737851449764,-0.64079321082487417,-1.2544854228277622,-0.74598485330720676,-1.2910946412769468,-0.087700423410267445,2.0037214708791802,-2.1590047097977783,1.351915826539055,-0.45782307337015232,-0.95239229453378615,-0.67733776317901107,1.2822704505133766,0.99669419173768581,0.11260770135862688,0
1.7783390716396477,-0.27208931346057691,1.2799973606656962,1.1219514337359027,1.3420744349078317,-0.74430829409137034,-0.24559194594015366,-0.87136663255874147,-0.55827051387048077,0.37717720118282183,1.2176818089102543,-1.337619240150961,1.4280298046911193,-0.96021470850351076,-0.6000236477507751,0.18296503222453503,0.81804003326740748,-0.68455871815094282,1.3472316863922207,-1.1258699576797468,0.87945613249339261,1.2376420785216091,-1.7502562223175264,-1.0202031162934475,-1.9633387569143903,1.7819670042811044,-0.93214391580490463,2.3265435234708156,-0.24480633113419767,-0.39770528413331302,0.59549227181180131,1
0.65012630133227034,0.33830722356988624,-0.5700604945240173,-0.83824616620446113,-1.0505566690424799,-0.81112307837537356,-0.30359313815346411,-0.34320975533158693,0.47929537732281746,-0.79861362133973668,-0.59959874231047228,2.0530174823362803,1.3305395909874649,0.023866104966664185,0.52716622890898346,-1.2267935708627857,0.70510856624461749,-0.57866990864029288,0.058498325195853067,0.56414627418432106,-0.69016859591541091,0.32745759765020443,-1.4374938113043969,-1.3074946192949026,0.028686613775771214,0.39622685021958914,-1.5684632695242233,-0.88224487392814332,1.4520563160124513,0.37758998838457536,0.35431695491714277,1
-0.88545868093667879,0.48783686154589812,0.24572777602933835,1.4138947010143432,-1.0864189597174365,-0.5742989174125428,0.50572015242012369,0.14248799124352993,-0.10751392882389192,1.1555923001936579,-0.91383483763407403,0.50188797471563917,1.2778881230586525,-1.3425811296285914,0.13298599317156345,0.43946704587605806,1.0729141947525529,-0.98086124064957081,0.43461390228408553,-1.8494988528009002,0.64832334543549763,0.15050606159288846,-0.15965199924632653,-0.37604414131316494,-0.47200753685683094,-0.21520006868121097,-0.2260497370432645,0.51693157335526962,-0.58787196632240546,-0.9976617939944572,0.19782284415862059,1
0.3125084481495839,-0.80220280551137613,-0.39510193785863151,0.20816826273635797,0.30233922085148218,-0.21684195854908669,0.065311596258200447,-0.77716548357986859,0.068750510896985292,-0.17148133266849042,-1.4418232684338925,0.43831997207414053,-1.2566720751590663,0.44273632248666789,-2.2049845946972915,-0.7203495714015562,0.70967581917607203,0.57679177224574329,1.0413580618244331,0.31955700524733993,-0.29474423875811934,0.18530435534744577,1.0832822309411911,-0.92494786418172892,0.36382109020689707,-0.69606208773293532,0.47475118920064341,-1.2053753324973731,-0.6743033396695105,-0.72250823119182006,0.30576226944297025,1
-0.41969941412105649,-0.35231103024249372,-0.77379798488574658,-1.0315758184006167,-0.034726677068738061,-1.3115237094707533,-0.68881706582613045,-1.0717478298804126,-0.37984235504761937,0.11032826489055811,0.21427330998031532,-0.50921641864478406,-0.092072300365855675,0.82534198387353641,-2.0950077445699242,0.15093230793565071,0.76084683422420074,0.96089901478436313,-0.90050443190184559,0.75373939956601155,-0.76529565342570149,-3.0919123339174699,0.61382235067462165,1.3008673450372221,1.1837323368091746,0.53251486077932975,0.49404343113110699,-0.27267108907755699,1.1789781689787533,1.683085075497756,0.2828888310416221,1
-0.14836517918101569,-1.4141972950818356,-2.0019264842564448,0.98104938177432011,-0.16833101818841215,0.62686705623844141,-0.70008955286624597,-1.7898042666821787,1.7513145511961778,0.62606512611441367,1.1656295194430044,0.80843035349221393,1.0867792552489319,0.89544950198509354,0.90710211026327103,2.3162031159149508,-0.89112594015834101,0.60280036241492585,-1.5762440279924779,0.1112541175614736,0.20392955885089903,0.44913133444655695,-1.2174070595657052,1.9325165050803432,0.2945399420557937,0.11574743364700808,-0.39924367687386941,1.6565424943670666,-0.45247460841335407,1.0167125937867856,0.58796727217654743,0
1.0073100594467128,-0.21282880910791327,0.48019441985887557,1.0706113011706,0.65476207452281965,-0.36016454473680776,-0.52729486037911177,2.2021196131483456,-0.065905588001032384,2.3520047669511919,-0.82484737589693702,0.17680921561780547,1.2621366933887017,-0.035116611140831082,-0.98077848147801527,-1.3589166677754319,0.89550080085563444,0.023942230644203737,0.94797658717279021,0.0089065201252556906,-0.46890839253496208,-0.32446473076051696,0.13915622336983882,-1.0553275714468027,-1.0574601453451997,1.7049887604030833,0.58408288470663072,-1.0481432353511038,0.042992061654967779,1.0976952607048043,0.44474163136390304,0
0.064217350083987906,1.070366435526527,0.38672221102798565,-0.56437283209962785,-0.072781219840045097,0.75347284814663551,-0.45857444060985103,1.5010818257032599,0.48991255162392178,0.0078807409479118642,1.1499806894588716,-0.90540482243076414,1.0096187773568963,-0.49930735082521088,1.6259157380311142,-0.018634323819224446,-1.1336974879501307,-0.45579190884743076,0.28870753808090766,-0.7953562296678226,-0.76351697649059236,-1.3605709501402017,0.66380372008690802,-1.1112262487171634,-0.17389590751608622,-1.2348138902571852,-1.0015885475540209,0.3408791871568071,-0.50030669129421534,-1.817019907879809,0.22895109882596279,1
2.1105030893428207,0.67498228180777597,0.24526668660521583,1.0491430307398688,1.4678422029440334,-0.5546732400537252,0.65153717449396631,0.0019351930698614191,1.1920580534764309,-1.7327947229192335,0.74115685693929756,1.3589230888223245,-1.6756160727150771,0.69237996404660362,-0.59851174911669269,0.41829027469789304,0.65571569944952235,-0.52282950113411408,0.3157367220853155,0.68697601162337618,1.1527211736464253,0.95175789373542352,2.0296391744050721,-0.040515441894245233,2.2761092998118579,-0.30519742881789591,-0.047690254393417786,-1.0243412890593389,-0.92930264456143463,-0.67571613985675261,0.21374220871906932,1
-0.73449149160488403,0.20528574910522995,0.93971094924038712,-0.46613067832271948,1.3536545397811028,1.2193557871387795,-0.037112052543968654,1.0939792041244754,-0.04232410072170914,-0.2687910070142992,-0.60734494611984136,0.74121323963674246,0.91964108782980847,-0.41193521323386084,-0.5794728704899601,0.13401844190831036,1.2334172449609002,0.45939738598471513,0.1747227950272883,-0.40773388411320932,-0.70688088214979927,-0.60131792049370569,1.2303332173363561,0.26825894216467727,-0.98199564716133347,-0.024840541931940605,-1.4615948478837264,-1.3996407133509416,0.92105629435627434,0.80415780760518241,12.816468275385143,1
0.0095445541716626895,-0.11334478609886474,-1.1051831358722317,-1.1775386413442204,1.1609060874979245,1.6790997585752196,0.22376923035849103,0.76710578626827741,-0.3630603129531772,-0.061418299106528212,-0.32798862153897274,1.050839405454326,-0.65194199531311525,1.5729781222550843,-0.7327648201008603,0.14164597598092302,0.19944222480542356,0.1826618246503815,-0.41092664276880708,-0.96459612786182281,-0.0076749775754799089,-0.53110351245060083,0.20799662262318316,0.19971728215854889,0.061691815968600391,-0.39156163571865321,-1.4999299800862738,0.92327551109361494,-0.20056374176831543,-0.41500464181706398,1.8018344979552403,1
0.96961095465279512,-1.1350714017756305,-0.027394895342348125,0.29241628846306261,0.43632804604769115,-0.32827080713260098,-1.535337372903582,-0.23801996449169585,0.9261106277633262,-0.76580943530161316,-1.3584550240119901,-0.75428990319165867,-0.16238086640389937,-0.099348749780890103,1.6500984875790865,-0.82458813627531424,0.078204692347503282,1.1446170020301556,-1.9118290384520786,-0.45752495339089488,0.79050924682187895,0.013113265671290337,0.34155509040455373,-1.1354243654072889,2.1065059226633829,-1.3062688004563965,-0.53497206736813685,-1.9027269670059126,-0.58396979421523498,0.95144149110103415,0.14193611096035161,0
-1.042966515901889,-0.59445817832619552,-0.32491139897852733,1.3013573166844303,0.58031583016110844,-1.4836927443776311,0.030438125724661067,-0.50419667713219818,0.59310452585183882,-1.6346659503278576,-1.3707629082159063,-1.4430658135396566,-0.77752446318360635,1.1270988695177595,-0.6555979871742561,-0.064048559092990356,1.1815708906677407,-0.27300465137443225,1.4480947468405037,1.8510150534913241,1.5629238273125867,0.097469803157265097,-0.35466636030402743,0.28458486678736,0.19003713340473991,0.83860778075637099,0.27729203750286829,-0.095207973728705098,-0.12657311641109661,0.99504427802471485,0.35261921391844109,1
0.23032471538443292,-1.06650569856789,0.069436336470902443,1.5940481207102637,-1.5148009254488486,0.46010330028872326,1.3564323988788185,-0.19973667422912025,-1.2549149957784813,-1.2741461548051836,-0.64246537794629099,-1.7167526703917741,0.72939332202985774,-0.48460748171206575,1.6666632638000147,-1.3800013929503261,-1.2025179968136426,1.0342425705656619,-0.31768727105970418,0.77007150870181007,0.29953599856549989,0.55647423066421109,-1.0525195004686052,-1.4523538038924468,0.35141376668437863,-1.2086988274520998,1.1427875139811254,0.56863209898275924,-0.80715241097496304,-1.1536896805480661,0.071111421841494979,1
-1.4797563546644659,0.75948886013226513,2.7675362066545772,-0.63245575223422812,-0.50283572819754374,-0.28194256379322657,1.142436996786939,2.6217759529309115,1.0321146224404572,-0.91153692862435198,0.49177783313762707,1.5102026924157748,1.5463681858093268,0.61474819968322458,-0.99177919857973162,0.084210540701130723,-0.14138502909652509,0.61643683557134143,1.4787777595513012,1.1473164812187535,-1.3426691452684212,1.2307889536733123,-0.40318860632959413,0.90173558261821418,0.24893260218166602,-1.1097520433266317,-0.27195665485901188,-0.77635724165833664,-0.57543697537233507,-0.10367027746864395,1.7502890422032218,1
-0.43300205829011829,-0.41787466918942023,2.2655918331322304,1.6361557804767521,0.3726652989083975,-0.9396810557442804,-0.16238639884060302,-0.67035345805454649,-0.31768933578147285,0.75612779637894334,2.1520791338959784,-1.2436840011809358,-1.3651013375559928,-0.68556678823131911,-0.38662332825011397,-0.0029265434127382652,-1.6920880306207022,0.25312188129601715,-0.77288441289082921,-0.13286404708740121,-1.301920817213597,1.129844363600075,-0.10086927462867988,-1.1066466240187363,-0.15922369952497462,1.5930302433768848,0.44437758359646984,-0.082590749696829946,0.5349930979683043,-0.17536519103882028,2.8286015470538661,1
0.035762725478448408,0.97908160871500172,0.78514153977450563,1.7250973053882737,0.71396442136645655,0.28904197465317627,0.23890532173683723,0.34444547879557058,-0.4433770830008007,-0.90852542840220585,-0.47327501036109648,0.14042666189800004,0.50791787538976796,-1.2544651703022216,-0.47359727805602908,-1.1325458025114847,0.55831616477152435,-1.5408177197871056,0.58786577360309411,0.93369025209736722,0.13434105260959653,-1.0909383690776506,-0.60093554622786904,0.49224528925669009,0.3038968130919073,1.0263738801766764,-0.082208331655184819,-0.25883557678619978,0.77140009662162623,1.766475537615029,0.54260470546805084,1
-0.47999023735836588,0.2642327613367163,1.2790864640564867,0.944358461543364,-1.6252486242658037,-0.038068957399566124,-1.6989197842238655,0.31358950950565112,-0.10976662391251267,-1.3970448945537957,0.15749046395352131,0.51228199083921677,0.67209445797942058,-1.6700660384475317,0.73456191626563483,1.353754574327843,0.48900137061146931,0.33703968938155893,1.47816359046959,0.85409571604807932,1.4098484986805764,0.21512826623800188,0.031139358440197992,0.72883960966893946,-0.25804415142437231,-0.23354212135532307,-2.1506843404009657,0.17255533686968225,-1.128794559968348,-0.48476096071551605,3.0373259181700378,1
-0.82287199712498438,-1.1383025573324932,1.1615249743753135,2.2484289887006783,0.41796675511061926,-1.9222008397758152,-0.48143503690298489,0.25419725542141847,0.63383767647642986,1.7819928581176394,1.1328002922161324,-1.670003702893035,2.0767369397357003,0.41786954644044783,1.0230600706284041,1.6829788643548136,-0.7542861494303571,-0.3381759542173679,1.7391156573672293,0.6991893336423527,2.5929746460788814,1.3048924510523787,0.55040664958153729,1.5615076544465587,-2.0108632129838431,0.1126599079063856,-0.013475656849353557,0.37936405819582725,-0.3114358581392912,-0.051489465832272915,0.56423579742190333,0
-0.059477347715640443,-0.40326342158441952,0.12798468483207651,-0.50118714063996306,0.11774874570932169,0.38484170816825514,-0.3907117588421411,1.0168186019322538,-0.00052291027111146067,-0.32677163616763621,1.3112973821998497,0.59862029872219891,-0.34916216015869778,2.1706507188453577,0.55676372829463072,1.2953984094878768,0.61252171717709936,0.60532789857999414,-2.0731626876345541,-0.93910918119012776,-0.042030381681390255,0.047606925985154987,-0.96318562071545688,-1.2041591364791762,-0.016699609010779291,-0.42070278368958919,-0.35675718213057994,0.97521264506932337,-2.8855940302765162,0.33400436281616402,5.4520721749566281,1
-2.6512521906731172,-0.74215993002257119,-0.079842642844997577,1.3220998169649225,0.097490619732212735,0.29588542307926796,0.36954777262327526,1.0075503111467428,-0.52843045037446112,-0.0067610450607090439,-0.58321213733431287,-0.14721182600991123,-0.60865724071952965,0.58796572033857142,0.42089717317710101,0.56922241167699983,1.1037432793086008,-1.3813140021667543,-1.6033110124713041,-0.27100455676636404,0.9955128678180577,-0.22800758606372062,0.87792127088346994,0.3035515663691114,0.5720511449758805,1.2503613541852225,-1.2827731065003412,1.2483849859909821,0.93858928307458855,-0.79809366896571809,10.303084335328226,1
-0.30114316535671537,-0.032969603429052918,-0.89035934213175527,0.036580914834369378,1.3445154113032176,0.76014115842665841,0.53385582795554032,-0.5330724085811952,0.19827935098204222,1.6107011520097032,-0.88341527917133977,-0.54612857994736286,1.0169677137386728,-0.77681287776246899,-0.34017988762016493,-0.050351081089021449,-1.1746463805250873,0.57457806672321099,-1.9003545910639215,0.94632599688150287,0.79879813364228602,0.62501792136657519,-0.20401923836787231,0.66663809478620883,-0.11857913500556978,1.0381715215867147,-0.12931194530111578,-0.22958827984429223,-1.0359937679047408,0.1266176804283658,0.30835259786620606,1
1.2218372719398067,-1.2073575411510988,-0.44555178901527415,0.33272912611876515,-0.39564745445319238,0.34411582385093958,-1.7595149602840576,-1.5005382639845706,1.4280358984414996,-0.66527466805775026,-1.6249786355128624,-0.041240059209842542,0.037068786441952599,1.0301565315548604,0.45922253440611094,1.0335685435154107,0.56094062204855699,0.92192449103654917,1.2924349719860382,-0.47189229457469151,-0.96222858016343327,1.36974406698758,0.87851515541442715,-0.73477133242299753,-0.88366142066613318,-0.10564142075491918,-0.30869731590371974,-1.0709930270185204,0.41682797118763848,-0.43600064652699133,0.66764978245181095,0
-1.2619440225405487,-0.79604669957682739,0.59101930175572925,-0.12953798289106494,-1.6928731752660642,0.35353791694361442,1.399485751957136,0.21984728047632604,-1.3503795831235521,-1.5347983612195253,-0.22620699535808791,0.08465938233165525,0.74385141514481679,1.339531851397455,-0.51606947693107974,-0.5466890056176581,-0.42551753154145638,-1.3531855248411713,0.70588662617143672,-1.1537174430081427,1.4866675697106586,0.88029217385049197,0.1750274545815792,0.20964513774183896,0.7006548588858339,-0.69340255407967999,-1.7214236929839246,1.3815551462789617,-0.24969236593952168,0.57031014858055562,0.10561981821947469,0
-0.71763448178117062,-0.63055571046119818,-1.6437982934297148,-0.45687690299507394,-1.133534460401417,0.83111248025727558,-0.55981050933458443,0.78917965993235484,-0.52954602703532139,-0.85331912211249417,-0.6864301331528887,-0.16893015911722767,0.53325132285120758,1.2000558023381245,-0.093582005620629335,0.86978647481420701,0.62173355026562405,-1.5723682515857766,1.0781760250361954,0.40584210191516679,0.41339792394124009,0.17242723522709474,0.22150380460114963,-1.0696291630326233,-0.0013287308371241746,1.6099877818808712,0.39493960393545219,-0.40089339759890952,0.69881266216025129,-0.69767013998359195,2.1937290383477777,1
0.75187806139837943,-0.89167756656018027,1.5621456438356611,1.243741802014606,-0.8888397413723752,0.11635981002670333,1.4920412603240591,0.027251824616596049,-0.39692732348071447,1.4787863625617979,0.71808999531205697,0.27780243044630698,0.024497925377930101,-0.034384966756307492,0.91418587325590495,-0.30962592566554153,-0.15798664685078181,-0.23586722853179937,0.46202932249168205,0.1166147996542358,0.22846515635537004,-0.29591870419115296,0.17266184883631808,0.66462062289858892,-0.92825029110145418,1.1917608258222074,-0.22478992555302635,-1.7756847395815361,0.00781265865687766,-0.13306078216697989,0.12735170795003781,1
-1.3437085910006219,-0.47075091888486603,0.55440282229148263,0.20857384227545311,0.91569532703502776,-0.013301939341607453,0.90863826060972541,0.13987680816121034,-0.80551377854008877,0.94593588204531431,0.23283401855114305,-1.7105384925472424,-0.62001436263533449,1.1377094076812482,0.68338712299055437,1.8394942534343048,-0.81814445762908405,0.61683111305280991,-0.080259121584082743,0.18431946262265633,1.0909322770621233,0.21587503504189903,0.39242008191814809,0.73766087163424976,1.1927100374201958,0.96501980539443966,1.053357095438739,0.56620315050580439,0.60621718208124464,0.58940399911146679,0.6574513569875734,0
0.068604761675617063,-1.7634987218985823,0.58188371005323269,0.40552159040471836,1.2857796202235883,-0.21688320458358115,0.0040742398533252762,0.88476087195167707,1.5668023607375079,2.7545579524435695,-0.092315700007050971,0.79456142701153898,-0.40605314394744346,1.4894395551286308,-1.5105257589823109,0.1472478657074815,-0.35620210295240134,-0.16446744778812625,-0.55817769639971093,0.4673308251533736,0.043752617373624417,1.3190889896247127,0.11262924990823522,-0.14383051837774025,-0.75388630926906008,1.0894160550374525,-1.3307953160719885,0.37776156529856381,-0.16208479371864071,-0.34916394943713286,0.40692448228982248,1
0.61010929791512092,-1.3259505766997453,-0.87343342840610538,0.27588252196439023,-1.1856214914236269,0.24513475734492837,-1.768331655790969,1.5997015591624832,-1.3213167874604475,-0.37131869166474629,0.44584427007931243,-0.83354947942879665,0.51237723647038202,-0.021783371110407453,1.8804746947349997,-0.59129438682583313,-1.0633997073487838,-0.75522737470994206,-1.7537632769683928,-0.046151781364278527,0.45601768004715226,-1.2893389734137599,0.37273796241564794,0.70949022681463958,-0.65078660925961018,-0.89627272474232067,-2.2283027249934872,-0.43741038962809325,1.2048360626704624,-1.315779227765786,1.0248305842988343,0
-1.7494331307938398,0.87880124775302071,2.2015326455254041,-0.80726297355507182,0.82515711000711744,1.244365287659607,-2.0692515998665719,-0.048009226406365901,-0.45646666390733415,1.2743159426911739,-0.49949212207147115,-1.4602691138262329,0.23032472370595083,-0.23542210996804061,-0.63904683885426239,-0.1159374710668446,0.22913189027698053,-1.1577640001744494,0.21003012483482456,-0.50680348651027829,-0.39366196588389335,-0.24576656189853893,-1.2891108610843043,-0.76664407517814026,0.097869992974998141,0.60219832296527509,0.18134652397464143,0.12417981791997046,0.69616577663698798,0.02626109789071588,26.545375645328178,1
0.50831087192895352,-0.74018572660257165,0.68949851004141149,0.41463998210084857,-0.86538186786119176,-0.27678026557801805,2.2537626527257917,-0.55481335111556884,-0.83348457510093887,-1.2597050718644822,0.16303719144989706,1.3996056438717299,0.29426526875234477,0.3497410985417308,0.15852551172277821,0.039010595935510518,0.13937381677490179,-0.42047040918100226,-0.841704686504265,1.4922280594699322,1.3804174690225253,-1.1321006552587038,-1.7476851123136132,0.22095778280325892,-1.2444988075856005,-1.8044374529277873,0.6144400578475494,0.43519390393477619,-0.40173921538924723,0.48777168936460685,0.32135046806369283,0
-0.28827342486314256,0.79333409202824012,1.0557361623979109,-0.29478405084015707,1.2095893698847171,1.4353011498300527,-1.4631526361105605,-2.1616949370273648,-0.38106153437075446,-0.027488262727047141,-0.17414668440117698,-1.3339629838430531,-0.36519398015719079,-2.5273999369621154,-0.58904601699463843,0.50362994013837958,1.8817790101463172,-1.2357158439395202,-1.4546401301330341,0.74697121941907929,-0.067030361776935762,0.65303834910562686,1.8036416357036231,-0.21606410781254926,-1.1781761578997829,2.5301110228475108,1.5147974013539889,0.069498373709117295,0.31253662852500802,-1.2400578043838235,51.703430063665351,1
-0.33106550093093651,0.51796861472896183,0.5640352663473216,-0.17532912169099985,1.1378768591227955,-0.44594916804387175,-0.40349555200106058,-0.48546487734301946,-0.36294602391370523,-0.90668037608037255,-1.0990936750235238,-0.65023263843008416,1.8637912510060348,-0.54504188719705293,-0.26975659829692911,-1.499477538107469,-0.76505297504708325,0.054798528238948332,1.3510125913970787,-1.4436063837490263,1.1578685515732674,0.26073872956817318,0.41790445119796032,0.40968556539951706,-0.14257202353103271,0.41840326441164805,-0.37506766768435862,0.40912593979257073,-1.8024013356675321,1.1471004638515401,6.2334536817555444,0
2.0436184563936943,-1.3078352057065572,0.12027618137912237,-0.55640206653879998,-2.192153547261241,1.3519637144751313,-0.16035083714611101,-1.3869811539568973,1.7870461295616451,0.79813544801723957,-0.2039703570075995,-0.1648687675697654,-0.57820057584674756,1.0789617822053543,0.49476256224472437,-1.3760064956985718,-1.2106508518052308,1.9371503256072988,-1.9721711261550032,0.79238120630836506,-1.8750093859447285,0.5681512265328208,0.86820987458871945,-0.11072842804803248,-0.95222214236025426,-0.58035610806583826,0.57898740590724662,0.31693747359602142,-0.044780947174869565,-1.5917424918694303,0.13973700110370507,1
-1.0259960493563787,0.47718370874543725,0.010576359361152797,0.3756717299264008,-0.63787940073559635,-2.3093696045029288,-0.95102118462532503,0.40246958067805666,0.81199757788401306,0.36272410462794868,-1.500992085063275,-1.5953129271935591,-0.54097278952619787,-0.42064127097723486,0.67784972620417916,1.0381893361140484,-0.46280943213932518,1.5747685401358029,-0.43110993536452069,-1.2401631203906474,0.097040553389319606,-1.0721723203206519,0.69076908852109908,-0.33564855606121768,0.55887245866927227,-0.71378824413313124,0.50502405226184732,2.1761099446530681,1.238366395406467,1.2595088903237273,0.17529203970159754,0
0.15643558078415762,-0.91911928512947783,-1.1766285900055635,-1.4429768327011367,0.2312041444932483,0.93381843776224671,-0.75073017152442645,-1.0749919080367163,-0.28323743077049368,0.91750433967993605,-0.28689623612090093,0.29471024935989804,2.0543194640943105,-0.71601011267811288,0.76523227297006446,-0.68431520540709501,-0.13037658163000287,-1.5607319265239483,-0.86974400271990548,-0.34342667199049126,0.96976819433990169,-0.046767297444120247,0.61490102368026034,0.10234455490403527,0.020454917602690258,-1.7369754088734237,1.3843763088062293,-1.3137741824780091,-1.4820404533739799,0.83856951787407674,5.7286835772481322,1
0.069278091450782633,0.29558338539522822,1.3496899307579946,0.85277483446243463,0.38311344915799322,1.850427515101559,-2.2648166826102671,-1.1731056145472836,1.1346898909574772,1.1562135925973944,1.4215355061114505,-0.51193289040658074,0.71114099966306277,0.87887996510228128,-0.71594451311288521,-0.59373955021840596,2.620634221328602,0.74242450267925031,-0.092872528333393059,0.73475146344418019,2.1264913427478342,0.76754765565882743,1.9161407700109458,1.1368038357221182,-0.37087451324219112,0.6655845218508164,0.3925667819467068,-1.3796328152436663,1.1644286039803753,-1.9132554194703555,0.32189949369738086,0
-2.1727930492939542,0.46684356986884401,1.400896718971322,1.0558736686811547,0.16180343455039733,-1.2366740646291352,-0.32405391617880891,-0.049519306156929371,-0.49958662063292475,1.5229132127571745,-0.08576097590554356,0.58528800263432001,1.6273875280009868,-1.1472057392731838,1.1580623648451325,2.120693168180074,-0.52753632225021685,0.057674148338405146,-1.0152839646001008,0.40310835634751524,-0.09370663273384118,-0.63890796423013585,1.3114296597800044,-0.22797552252073372,-1.1236614929887294,0.030802093801533783,0.63001911362871266,1.7297078741877245,-1.6613790706263052,-2.1278285955427112,0.47428795491707282,1
0.77664013879233362,1.7599970690716964,2.2093205830662055,-0.40409196370066092,0.42074703019006299,-1.553548000295081,-1.5985311475796173,-0.017917643310757816,-0.48909345665527837,0.58535802686004468,-0.83421892976882916,1.391829413713922,-0.32580125640944924,-1.3485193665948456,0.40251956659722404,-1.5275174657410355,-0.49245020026791109,0.45513347686083783,-1.2929872663341473,-1.6555386724229655,1.5931827079777507,1.6986666807625963,-0.21169563608955849,1.7639799187364,-0.81148029842231528,-1.2962940484576619,-1.145739111459483,0.39307909051406048,-1.368973958579689,0.27833560206481844,0.97770861783781737,1
1.2649097525877364,0.65586541147714372,-0.66348726996771812,4.1303272685901025,0.15495266493574583,-0.17561055877302384,-0.86333020079694633,-0.16019570076786591,-0.19123194962493448,-0.22687497387823055,-1.9160233649239609,-0.17479927061530301,-1.3089720206571476,1.0727576858885177,0.31623416771513885,-1.1091844079988811,0.079824529724202342,-1.8814509028172277,1.3523445471527293,0.68819172802454731,0.50172368725764793,-0.5705911870215854,-0.6830469734769401,0.10410468871500206,-1.9638462889171673,1.0655399182440723,0.32657868267096563,-0.58693519357189639,-1.5887075662301646,-1.239497977651685,0.18809896883004162,1
0.60003893704886502,-0.86974127695702463,0.045248779548130703,-0.21420362201560547,-0.95312344248934677,1.1584433555639866,-1.1738026396773613,-0.18256750182235798,0.24015467062819149,-0.050390870330102186,0.73333112872054296,0.90115795341865323,0.25564995691683134,0.4705831814767415,1.1684147808867409,-0.38393341353114196,-0.11924891101836847,-0.95435895814755412,-0.44825529393884667,1.1457930338057922,0.22333077199103812,-0.26886750203203003,-0.25048923533647788,-0.58696091861497268,0.89188416474845345,-0.54953284695361448,0.45696726663224652,-0.16545049483878602,0.82643337629883273,-2.0856941345999349,0.70716585038667767,1
0.15737547770877003,-0.49554128781481149,-0.10808801863723613,-0.32022457561811901,0.24273186283073064,-0.48280845700611374,1.0707492905035192,0.86062101724313633,1.0221204646568158,-1.7789514115626546,-1.1212950913524742,0.6459045630483643,0.53579308703976225,-1.8013954342722658,0.77352737746159583,0.19472808582177251,-1.0028584477631362,1.0468149526286687,1.1460665566265558,-0.68382170050721602,-0.35291069047409707,-0.56191023069831714,1.6033603946039152,-1.8996216417698484,1.6075065546661531,-0.80425333221680573,1.449156116946811,-1.8393313427012044,0.74463455522057986,0.31385627903763802,0.16518995720588889,1
0.79019708249035436,0.23609493481293256,-0.17873249074073064,-0.49778356366966198,0.92581350662347972,0.18286433605472241,-1.1410925202806721,-1.2175025335884015,2.6781798681717026,-0.77283276569585291,-0.5203854486717775,1.0861522098282907,-0.35168327102034513,-0.46641456794912456,1.1788734229524036,-1.1412543172633571,0.41095675879435556,-0.37812553851219366,0.76741792275989629,0.4681020335038053,-0.38106409480021841,0.36332819062263061,0.36703198440353413,-0.69250270661294744,1.6026665379169733,-0.27436996297050426,-0.6049905779344753,-1.8391652175096851,-0.57945099664099087,-0.49507467250020448,0.29103412222469827,1
-0.51834754315827014,-2.6731624329771457,-0.21712657667406657,0.797865067373979,-2.4872723017305596,-0.86228595272957709,1.7766572325257404,0.2383178378501889,0.85053819157375166,-0.46488816465697624,-0.010201525655930178,1.5726669604991166,1.3020273933863276,1.2865871577461985,0.69736236914091498,-0.21900575530646657,0.27275263605007172,0.24115061706779026,-0.27533033693752862,-0.72622240299205099,-0.72026798569389827,0.033704120066580821,0.89589821214961129,0.2991699600178091,-0.94649470224173771,-0.9327082767073881,-0.52807321027251253,0.51167652639131833,-0.35767499869494984,-0.33799218503435674,0.06878670571006161,1
0.35966076703697641,0.44187527937834248,0.38340634048671163,-1.4644282220582374,2.0404989669262315,2.5643080508231568,-0.90021285179113564,1.424147690934142,-0.7463177284727659,-0.053284905532648905,0.5079958118173995,2.5396872090474396,-0.32883429113305351,-0.5896342218939451,1.5468759308421518,0.22842989640310099,0.54837997980432684,-1.2091816152541779,0.17256894595588768,-0.46862567474053912,0.19577180734223909,0.9652070105071946,-1.8111137590660908,0.6920739722966105,-0.78162756946562861,0.18052802544391855,-2.0147963034981551,0.66602956140114233,1.0513110390613047,-0.059712141359873204,38.104437654931452,0
-0.066054306355562767,0.079135630483248426,1.8347971849048208,-1.5996207299232652,0.26085538832213434,-0.76308624449102147,2.0816756914519852,-0.60862516767895536,-0.85695469771660004,-1.0318850763188325,-1.3272721023709555,-0.011048228340186298,-1.1025738500454931,-0.76904015430765815,2.2689367830578964,0.071047209535646985,-1.4862922268356473,0.40049455620391683,-0.90156846025928028,1.0110327321857024,0.78425092937841434,0.54553997424820244,-1.6017526488224985,0.038251955722541912,0.089112710784094259,-1.0372854905262363,-1.719876106010539,2.3371485892491575,0.23771112539696249,1.7570004394973067,0.94853232341143323,1
0.40622463366096156,0.61267486562658291,1.9926247594060187,-2.1299307541127135,0.40246783458571717,0.48008611203182538,0.54735803642289393,0.73179511323161472,0.95355812435065701,-0.74290810964219456,0.26479739940279051,0.14508128850412289,1.2262395250617635,-0.29177938930199077,0.047461344381565976,-0.93393407746734014,1.3405559672691409,-0.52565049794579188,1.2662410588722159,-0.89237291486796977,-0.77159949338341405,0.25233317751168299,-0.19552167117343949,-1.8190260746698379,-0.36576655894638865,-0.3578622390197706,-0.14411512146928657,0.071075117446963543,0.3586348321884803,-0.77127091323627495,1.2960878021316307,0
-0.94451286322540795,1.003261619282575,0.50381615297877036,0.52913493323756189,-1.5793710350965209,-2.0048431503274515,0.57671922068603421,-1.4657012850441815,0.22296329324890218,0.017495302425159648,0.3335938684906592,0.54281661364033273,1.6423481004215921,1.748479877165849,-1.4278759280066007,1.7998362792622828,1.7294408586555041,0.86223361597708448,-0.80198128827667003,-0.39152038588174232,-0.20608676710797363,0.27047139127894954,0.78021678398403682,0.70750699446437881,1.0950097027038646,-0.16105246733287251,-2.5921338174308168,0.33151027905405489,-0.064816096867148829,-0.7311944597317116,0.26275171389175617,1
0.26070722846197725,-0.32907912217811863,0.30143979489316391,1.5961626572494449,0.42871269772619769,0.26896076382637174,-1.0756938129686411,0.9085848719352948,0.97478982696082594,-1.851800515320466,-1.4965617755338527,0.52122410956989418,0.15596431893306301,-0.66569739711882281,-0.67893898983211953,-0.51807580580705714,-0.87143470936186584,0.0056351820729338186,0.66460879406804996,3.0901041815266637,0.16331602156143607,1.0357237687334047,1.7312336379569651,0.89363294110487224,0.18689159124159579,0.48891281259484765,0.56838702559827115,-2.1080070484979543,-1.1048556389234498,-0.69011680207115467,0.40625089427895339,1
-0.23614843775814057,-0.39920948741395607,-0.73973697149083495,0.74741101616033112,0.79502503363865229,-0.79290465826240542,1.2266582245671818,-0.025905774701421507,-0.28889772575678724,0.75105069289424198,0.9536553211903821,0.38114280994564942,-0.27193763798926623,-0.74176843472091003,-0.39513531862331081,0.027862642730565497,1.2870659538203899,1.0826724735010909,0.3135438061652106,0.25989053370344456,-0.44432149591007786,0.55328637368473854,-2.6962940803304081,-1.5150400947189153,0.20159438705942723,-1.1027008679972681,0.36129123985081507,-0.29570292203707998,-0.50736262834776402,-0.023260065569943877,0.43463849542044436,1
-0.73363074409737561,-0.75188728086156742,1.0153791911189474,-0.12172091504638841,0.58530634430081785,-0.95543495053490124,0.40128017730242344,-0.83663306755169387,0.057506938497268428,-0.44762005076717248,0.64334730834563125,-0.47944075817692294,1.030409140438346,-0.21124563893370335,0.90950160309831141,0.52256820125374315,-0.51501085015457071,-1.4450828856126934,-0.91088370955840325,1.3854128078207644,-0.67894228569420578,-1.5041011728641538,-0.50085172623042973,1.2364320561358877,0.007873665029828808,-1.3080180249768729,-1.2387671446798021,0.22490357973326078,-0.73213545836395089,0.57193403415576705,0.074928519521149414,0
