V1,V2,V3,V4,V5,V6,V7,V8,V9,V10,V11,V12,V13,V14,V15,V16,V17,V18,V19,V20,V21,V22,V23,V24,V25,V26,V27,V28,V29,V30,y
0.82124997727201676,1.2155089551410196,-0.64860898843120585,-0.70012621087495119,-1.9640741571352596,1.1692107442484163,0.28598651887727233,-0.16642661146366408,0.12602959130609601,-1.5276490082721008,0.84270928873480422,-1.6145224706530321,-0.24608418484124764,1.541760808550408,-0.7974336784041085,-2.1888895359140541,1.4939389670869088,2.3285176115993687,0.22449511882460016,-1.9612169275190128,-1.5101021962217875,-0.21559083981904978,1.1221717997696525,-0.59388957791166996,-0.5853519837971658,-0.55822924433982635,-0.30307760857053889,-1.2535081058134061,0.60773531231608147,0.41707216246763462,3
0.92649253310241675,-1.1855030851146873,-1.1829787910317311,0.9828354227213375,1.0693609897536722,-0.23022188056278992,0.57772624876636547,-0.87387142588632993,-0.66355797042783049,0.39385037251736288,0.55695491524116991,-0.7145748644246751,0.02906459665296689,-0.82335561763802223,1.7262632209081767,-1.1587650736771999,0.11418470883114912,0.73451643697875824,2.1589821659072674,0.49999044192453485,-1.1971070978534906,-0.29719811524853451,0.92131494942847902,0.46601082946850292,-0.94902510823275132,-0.051968592858596563,0.96857765100903603,-1.3966509927719275,0.229553303569765,0.023372530944290603,2
-1.5719712244106918,0.8568961171763132,-0.022087331727383058,1.7445962025071828,-0.41484034629458039,-2.0289053793338114,-1.3122818120200943,-1.244152824315039,-1.1377624793293282,0.16606209040011058,-0.30045372205290788,-0.22773194922024581,1.2660505809351992,-1.0493808460377587,-0.50756603121246802,-0.29582235581117405,-0.81131580545258075,1.0345743688681657,-0.4143216811996237,0.58949409980307177,0.57630324015329171,-0.45471546812189562,1.3829650628649692,-0.85687912475686479,-0.0225427741275624,0.068824573673477649,-2.8111277449513286,1.5626255085621064,-0.29313848176567059,1.1057261924034731,2
0.74194472422110536,-0.94520520001107466,-1.6182178973344832,1.0015587168176585,-0.4589488199384692,0.51544902157244277,0.29189973250797169,0.11140920407678477,-0.46400973429064346,-0.81434962593260629,-0.43186496957520565,-1.3426894937826652,-0.96974221897081569,0.15402875311659311,-0.03765010972299368,0.34996445083012673,-0.10055465878386387,-0.088806320111376111,-0.46427501366374219,0.5705671666604335,-0.0084446921349226496,0.69985583547343966,0.033100106477557088,0.3047612419314179,-0.43501984017736978,0.055522234627141252,-0.93720475392321967,-0.59974754237689831,0.82898502902307314,-0.31367213621908757,2
-0.13336596762227218,0.50856776777580059,0.047399090531219851,-0.44869526389607184,-0.26169500899870357,-0.15541077390614266,-1.2483483182445496,-1.0498054178649554,-1.2997480183372894,-1.1963665962219809,2.5261694556227297,0.069882653297774405,-0.25135465412872654,0.8445361566213978,0.74959148335791237,-0.91080368202390738,-0.4714943463193268,1.5383136743975614,-0.72960206080120193,-0.15871080036213842,1.5074589255451323,0.011091837247902019,-1.7659695993679587,-2.1240409946074976,-1.0377650429254728,-0.50048466257234125,-0.87563136926168972,-2.9768679208601667,-0.074298316648603188,-0.0051483840470221481,3
-0.56720616850520156,0.60203957995596125,-2.1030090884332506,0.31192327569727846,0.32721728661299265,-0.86718850590695384,0.97512759280567651,-0.72162555531457906,-0.10344237615555003,-0.22381153309846979,-0.079993305989190647,-1.037917451428487,0.32949328306932552,-2.3399710995070624,-0.18160487453320451,-0.99779351324377707,0.0013301033665563153,-0.96336468010229237,-0.92536175842234503,-1.3671301858484199,-0.5541365669694065,0.67091825239616365,-3.7571951283029219,0.71218946063621125,0.9088575718908426,0.41220758067191193,0.28428392236828703,1.5905978544777579,-1.6660818926369034,-2.1913042451612306,3
1.9683410794816536,2.5162197982338461,1.6110973823715506,1.0047912964710966,-0.5194647487212124,1.0738680228700097,-0.16176094831003907,-0.42674180546889545,1.4477554287077083,-0.57804615446256169,0.90955550251850692,0.32913985090178299,-0.25562214945293488,-0.26350407871375958,0.29977962650431728,0.61850557576850396,0.49741506168511473,-0.40141000970477286,2.1368751514083244,1.1926376550809421,0.84799893549907113,1.2695125605440032,-0.89274077860388223,0.72420003930466392,0.031221481129900079,0.083093692572967184,-0.23131696203984284,0.48292566367318923,0.38518112219712075,2.5269714503965308,3
0.28577265271827701,-1.7017703434492639,1.4106256880063948,-0.58237267832297324,-1.3330907843758766,1.7929250255429781,0.063968413721832901,-0.6818908528629275,0.039311985799992087,-1.9950196066804902,-0.0013620118852992679,-0.18975324398881174,2.6630453404875549,0.039270810992586246,0.73777227750267427,-1.1529557710769844,0.92219939628054937,1.2905736585537075,-0.5608193018599158,0.21443677707555067,-0.55425889094364078,-1.4766938706882295,1.1906208801900657,-0.86673671935822227,-0.46134160544332953,-1.2334848890668084,-1.1688954044369804,-0.64605295210052716,-0.19345380739895612,1.4857577328754461,1
-0.53394336670458054,0.17250889511213136,0.93504675828250994,-1.9956941887878767,-0.90210886040225802,-0.26240430737137127,0.97406411477639121,0.51668229625938045,0.74005591201316456,0.46943451798061975,0.27574633936141452,-1.4795183132350114,-0.18802565614919942,-0.022150398783945615,0.24538392205554529,-0.24627524649984636,1.0290555627083069,-0.35189946022021296,0.84336611001061679,2.4230946800338682,0.37491123642751972,-0.21802033180786459,1.0557650795492961,-0.5793887945474433,-0.68135072902250027,-0.99179039165319094,2.3125422026338533,0.14109288608504639,-0.3899460157563468,-0.74563514425485555,1
0.8081051518249559,-0.96625014433718148,0.54666914847911252,-0.8388913402093704,0.96650525968997869,1.4039597514217219,0.63502500036861675,0.34296400262653748,-0.7361588299797881,-0.017545302352344385,-0.10011414330188008,0.57648474297777674,0.60704294930706593,-0.265430450772699,2.1975375990074024,-0.15598244229666963,0.69185948179436552,1.0657555805850583,-1.8278480834148689,-0.45866305845068872,0.35264322326459785,0.12031622932407349,-0.3580383230385133,0.50155032167516034,-1.0687788693701847,-0.88549934328344937,-0.42259555672046401,0.21988155337638296,-1.4954184590118567,-1.2238683954593907,1
0.72718513935249318,-1.9072748819247243,0.03140011960759146,1.1462491083819581,-0.59217456435160698,-0.64862570972708233,-1.2858722288707161,-1.3173409958368731,0.066307275081072203,-1.5026335024486561,0.77007798199168798,-2.2634198481146313,0.78304321016369938,-1.4308216088488681,-0.75792901941214319,-1.3109452359243641,0.88705894756394565,-0.66519856625177709,-0.76901249342551248,0.50965753284633364,-2.2978247699484711,0.90658697800742416,-1.130782776148066,1.2020189837958386,-0.022934593485598686,1.7670200199492345,0.097273334381443186,-0.58673469246077858,-0.30326603741857755,-0.16407730888258515,1
-2.0937156500017542,0.89927015203512162,-1.1528273593691056,1.3496418485200268,0.86791938622448384,-0.57225998117577392,-1.2014154627025202,0.75965976059080542,0.84897929922767368,-1.2113992154900164,-0.43168780598444884,-0.83779318448599804,0.6844123808697703,1.1612556239831082,-0.0015442922989810223,1.0132936003182877,1.217718674600879,0.36295442727696298,0.18494241922134586,0.14724425804469748,1.03760701504512,1.9315723939998315,-0.27444015189492377,-0.17757832378413296,1.8769828576311864,0.39464353086274628,-1.1798498392823946,1.7278915467867482,0.78252319743394105,-0.31977230200967993,3
-0.45498584400937298,-0.14389369102654784,1.4943543771981793,1.7325076167139857,0.83273721319026706,-0.12892084471823317,0.69881385554405717,0.039075212668753384,0.64075988001276307,-0.0040329167149087278,-0.26046760106576877,0.11398195834783638,-0.08813596017488573,-0.75665538723280745,0.50832275164534224,0.31065831583019182,0.51108518985288309,-0.92332819316145465,-0.52398125891850289,1.2697072164242453,0.50999523984667894,1.4830479835769759,-0.36534455675450794,-1.4056910477444682,0.51626322045026829,-1.0580428369548451,0.49989046507478252,1.3454484768459378,-0.87662478173529568,-1.5776852023881514,1
-0.54835100871926157,1.012398697874336,-0.85527239283902678,-0.765800863729447,-0.15758137335852951,-0.47991961177394349,-0.037349690583618068,0.85134955437032223,-0.072993145411820878,0.03992895119176261,-2.4389904169592489,0.48039768605918332,1.4504032990505569,-1.3116563828754595,0.78501853918229225,-0.07314001039331687,-0.86825238001074434,1.405441328439593,0.52169248905617061,-0.053052598058457481,1.4809429428033922,0.21952508417620265,-0.50572081230481891,-0.21046393529825566,-0.4662740793214164,-1.3890920242200266,0.94388212941133887,-0.16394287512402544,-0.077214597771691346,-1.0557444602992359,2
-0.73390458680722492,0.2776762291638305,1.0351336420856292,-0.028327573015132963,-0.72405724781064718,-0.5033995313632188,-0.26535432974464435,-0.054733184900430609,-0.50180434981361599,0.74803230507564633,0.41659030607453945,1.0394404967649717,0.62034523698862398,-0.53629462166048414,-1.0381089159608037,0.28869729744607314,-1.0326787588775967,0.47921181595073681,-0.03387587253846179,1.2173545853923811,1.9406593796000324,0.36415477542083147,-0.52233748892764165,0.064130989856398868,-0.076526739078558004,0.46565171025254404,0.92978868113450508,-1.9766400346776127,-1.1553019164999399,0.72775514703883892,2
-1.1520572055838103,1.549840554562079,1.0166957342017455,-0.73304358799479563,-1.2205890221879059,-0.26608864977219171,-0.24332222997471739,0.93608548620813781,0.46011900789337384,0.36622816407766129,-1.3392077316829811,1.8498031622930851,1.5361914454757175,-2.0750874834764286,-0.74866971247312264,-1.6580021436890744,-0.070726012244640743,0.072216794828826827,0.80529566963931798,-2.2150336488554458,-0.94791620644111962,0.079619098491510276,-1.2502262475172481,1.4654084648975025,-0.28881039537261721,-0.17010172315483268,0.72686329211192491,1.2225987977563009,-0.021835484002544158,-0.23959228013562131,1
2.1201798511042553,-0.039858055086039644,0.5244875000653042,-0.19386662162630147,1.1339575037967393,-0.44391274497933558,0.33466665790078359,0.50760084558183005,0.88319356029055107,1.1042916181230682,-0.10470944773084283,-0.0375442207210211,0.40113157621408629,-1.4206725234643962,1.4268901453740819,0.99165595575983945,-1.5501892678896849,-1.3577534834523846,-0.1115037534665307,-0.61072843511218644,-0.72746954273296927,0.91478949455383929,-1.3798495734777565,-0.88411679295305534,1.3059722526233941,0.23744486594879091,1.9700205538585218,-0.64213818453332638,-1.3013046184083508,2.1883111489232925,2
1.4271504449851395,-0.32102228349365391,1.7786456851583072,1.7123870488059645,-1.305671098110422,1.0077120813080647,2.4974887187249162,-1.1582303545929558,-0.25180210532382608,-0.7166987399668997,0.27393478095360341,-0.052671907841081105,-0.44572097830746044,-0.67911620749323554,0.44988617492842636,-1.5822692496626773,-0.45794861831571082,-1.6340559202625216,-1.1287126495155717,1.1037215702108936,-1.3322148384604324,0.35704539621795328,-2.5215722896717447,-0.27510913547494242,1.1018704306981244,0.92757091485469689,0.010305623107814641,-0.80728154240841166,-1.3617534227453068,0.25858003606442675,3
-1.2074010116619243,0.47379187046558474,1.4659308543084766,0.8232124749617491,-0.016215971906703135,0.040178585933877936,1.0163703322078259,-1.2143060707396613,0.057477093791613247,1.4894859867128016,1.2509353897946061,-0.54269288548228356,0.63877696816922147,-1.5096667855153636,1.0697494597931596,-0.86423350125882858,0.046726900537539293,-0.34083487229142001,-0.78863374180634183,1.0171023638737893,0.26082408727538198,1.9812066081098709,0.72342268906837048,-0.54413836456224973,-1.040554373060274,-0.75130010789280344,-0.2697320412377609,0.7764480261150607,-0.2288161465006302,-0.39572785146978667,2
-0.082068868030389291,-1.625918214907206,-0.048906239905999065,-2.10435511643036,0.6108674071821395,-2.0435616919398343,0.25970256301195815,0.3283775108813265,-0.82333533271181736,-0.52192267889393673,-0.74756185752151405,0.18756907079857946,0.0075660942334453097,-1.5354344888635214,0.46942890912040575,0.74312532579901769,0.011273297758370857,1.5429988874959788,0.82158810250058134,2.0464954622150038,-0.13885593595994805,-0.32959647015636073,-1.0267980851208465,0.6475265994399535,-0.48282117908523348,0.013533569198784644,-0.98408300578588548,-1.1711153474575455,-0.30307036101703566,0.36567540561109019,2
-0.31576493171092146,-2.8827214344858447,-1.629032401529414,1.4772917990496466,2.5617502481088779,1.0231870810594612,1.6593319002956914,0.81900531266789323,-1.1758385437280761,-1.6670731948846105,-2.2158190201156951,-0.14467199179107759,0.54729062317297872,1.5540900150878467,0.77438122215219651,-0.1137472876316095,-1.3580677177995377,-1.3204042789117603,-1.8725376482858394,-0.76817132177178205,1.1417340058840117,-1.2751528928653755,0.92959756847046882,-0.6634814914488314,0.98958146213726739,-0.27521526118922285,-0.44724214724076861,0.95885205070559854,-0.46624762285572346,1.0668574555645778,2
-0.40963106838191943,1.1380169652977397,-0.084648210388740278,-0.78667446527407592,-1.0729834396716402,-0.62693495434525592,1.1450396517961845,-0.16572371823558485,-1.133082992788389,-0.021776080186320296,-0.57048458522719658,-1.1751671086359285,-2.1291977458687605,0.33100360716417448,1.4043297959793737,0.37925767717853226,-1.5163453836905678,0.28243587408527809,0.25010908871358223,-0.71344776808071153,1.3976888292764458,-0.91288265484398345,0.9125665263710786,-1.9172028916743751,-0.6917681216668542,0.39650922220875623,0.32188984545068838,0.77280151131996799,-2.4427497233946776,0.23999260469773157,3
-1.40737901499066,-0.25260846733255499,0.89207628367212388,-0.51354346251260308,0.46921921404671912,0.80265281705256908,-1.2761231537407571,-1.0383992679019911,-1.3534244082098483,-0.57272267239866714,-0.85767174807736613,0.83277990830153426,-0.51898359723285181,-0.10990567727071775,0.5861906135196141,-0.69795590470940438,-1.0276123482680759,0.57462204083780433,1.9723285198117806,-1.3397382705795808,-1.1055095761437839,1.3234495231723531,-0.79855410884940925,-0.7942541038500236,-1.8536958869053373,-2.114943828644205,0.7119449882167731,0.030897091692375225,1.2649845401718487,-0.28145450907494751,2
-0.89243319991578385,1.0730449978715746,1.3180909035043324,-1.6944916847765625,0.6698904860310908,-1.6848628395893774,-0.047949040798014923,-1.0816696671720247,-0.45722991861053103,-0.0088542028312301162,0.25583854162118658,-0.15155376276982296,0.41885908859442172,-1.3003416850964316,-0.40431618913317258,-1.7933365604251312,-0.20174127450033444,1.0492584649878363,1.1752891822941571,1.6302208143200119,0.45586311784123468,-0.10809407958355642,-1.3003332130050016,-1.7558730937723468,0.45924695865227394,-0.91432329956548275,0.25483115241642246,0.59513385194076229,0.51548340479178256,-0.097963371396868865,2
-2.140815748521566,-0.97920867566279679,0.17615515123767037,1.5731659264048474,0.6302041977411641,0.24793418104791726,-0.86796804686572726,1.323927993188559,-0.18880412013944645,-0.92174823924556182,0.46800584484398061,0.52656341387411265,-2.1537563977717289,-1.1628057508069447,0.22500241568021093,1.1833442052090124,0.67497070842547746,0.44317894054220414,-0.57031919066441783,0.95444479646851477,-1.1486809509215929,0.023604659481189248,0.05325784951283568,0.63990505129975317,1.7400551318928041,-0.46239323061204485,-0.55200930255597236,0.82987868931482422,-1.3693384618734001,-0.27518400500508877,1
0.2005108789725206,0.24556499061743178,1.2060686335039172,0.24982077055890478,0.20200247036042515,1.374697264844893,-1.5930646968486146,0.48753315150801507,-0.7697156420970932,0.15532723125194747,0.67164655756592406,-0.74159987667721206,-0.40341689824671612,0.13362143051473288,1.1324401505426398,-1.2717903142376787,-1.3815455724254659,-0.52870718072839074,-0.26713110963823478,0.95565857288875822,0.55866024975950879,-0.34645487412116172,-1.5415072017134568,0.74924627968823743,-0.23184776637797538,1.0565827949118449,1.8310605942252531,-1.630690227379713,-1.4665450439163572,1.5514311845187467,2
-1.7134322948779384,0.68989306738483946,0.19372977568732005,-2.5198841018612219,-0.25458035531530182,0.85268330336860088,0.48537245033317727,1.1078971257895278,0.97769890064204612,0.54617388180806581,0.04368137697060951,1.8341022651759895,-0.57894367074165654,1.542586794816855,0.097418900631604299,-1.1875861166422927,-0.2267009348449982,0.28606102716151199,-0.48774755442379114,-0.58357000893189459,1.8353724177341739,0.97623197590287414,-0.44136054256192209,0.34665299136974337,-1.3373708175475307,1.0455543011910717,0.7851119123012632,-1.2820405266020201,0.26168860729932819,0.26619488089228416,1
-1.2484453962203077,-0.12621402032801918,-1.8179033728951659,0.69801319510932058,-0.57574536175042468,-0.1467923608495397,-0.060508880460734271,-1.8238516273597649,0.44259546678213008,1.5495342333816866,1.0281972995676374,0.97465415112845044,0.76364184889908027,1.2131886503214715,0.3436685362786967,-1.1238265137228891,1.7507377802003081,-0.45997771354343958,-0.41950307896658368,-0.8674791483542007,-0.20842106165112079,-1.4349187894758815,2.5060120532179044,0.96149462362648341,-0.32360665139414813,-0.20854882622818866,-0.55606305978493853,-0.79391563587453917,-0.84104301924900871,-0.61065222004570796,1
0.44865463618352858,0.66500712596668143,0.65585338571650009,0.49725559496742588,-0.24927442034770952,-1.4766692954777922,0.064873274190856367,-0.48322189172777219,-0.054351007572612707,0.68163806042939001,-0.17431453368017064,-0.44563177695817624,1.3118453340923291,-0.98165274970615057,-0.55364129039271526,1.5194494446581155,1.0543438801706169,0.18742559539545789,-2.0355555383583313,-0.25300739617539725,-1.4224939659055971,0.56767627133272991,-0.10132188495724352,0.87275530615443186,0.32808037768339432,-0.59501007386279359,1.3229174945879161,-1.1592965364614107,1.5213237852425474,-0.15100742891070015,2
-1.4672231886046938,0.75561294436191628,0.16298924543572887,-0.15753712580700246,-1.0989107273774343,0.58060069518724866,-0.1297449742120915,0.45562905341399207,-0.10497314143426272,-1.4413849217009802,-0.26586060843325793,0.16204401611284214,0.9619058995080777,0.72305420774981732,-0.16840899880984558,0.86910293433574237,-0.81348714083388285,-0.80726851526622001,1.5335666158970596,-0.17452481526183611,0.26128375247500962,0.32415638462292945,0.63511741270843103,0.14582357210469549,-0.64632596666752162,-1.1469328876528619,0.2744907326081949,1.4423044906355655,-0.48684392078288424,0.54436936882298936,2
0.77170449782507111,-0.43286137237542621,1.1355077301417789,-0.53461936834416712,0.51618604485089548,0.4520607020420313,-0.85326342016880363,-0.30184606508843481,-0.71186015735788333,0.26345075655497829,1.7151817877644229,1.9419122791085872,0.93681214638551802,0.72206720760682808,0.58301262747228466,1.4699049723017346,-0.13964589967652216,-0.78271401553756592,0.51734322583406522,-0.26689435033038766,2.4175359910348231,-1.2174196363621732,-1.1157073338691863,0.1232957928485975,-2.0544166569155657,0.074684759027027536,-0.79954455182687523,-0.75181331948709595,-1.4502077646835181,-0.2649773376874166,1
-0.0025225793171637129,-0.43696004836670432,0.94585631791743741,-0.354957982240583,0.39991140000293657,1.9156751286050864,-0.030628255770615124,0.93599226115742651,0.048081248571923328,0.014888808285595847,-0.090550680898137489,-0.90140913459890681,0.36128260014964086,-0.72006066460003115,-1.6719475800147967,-0.96201550699335669,-0.3013731192234575,-0.10697648612610777,-0.58608634047318564,-0.25660812045715387,-0.61306918715775627,-0.15480794590413358,-0.12690270543562557,0.1698298996472484,-0.088988699482378864,0.70147357331591531,0.62764175664769162,0.42674722771248053,0.56774985172841985,0.055922878045872704,2
0.75768742723721016,0.74079704949369418,1.232859767489968,1.0932844325142315,0.14794623336956425,0.24376341986581646,0.25290176473385256,-1.585342614746307,0.76239420057059626,-0.7475782532359464,-0.38757924471353528,-0.41663492104165578,0.81804312893169429,-0.38287864273725031,0.27839294453811453,0.42811452619213203,0.11195552627981496,-0.99023702655091861,-0.31780542982732318,-1.5196589242656924,0.046927946638192421,1.7020024876256608,-1.7060596771606291,1.9341354118641072,1.0433609965386366,0.0086325912834156904,0.20370251927393707,0.82988078382782626,0.24020849560613522,-0.11830564199057954,3
-0.74289797409675684,0.77579805289650561,-1.0966169330510078,-0.61580634693352188,-0.24933857101388268,-0.070160511232468706,-0.34130053963365053,-0.77613292273080581,0.3368861532506025,-0.27460118097449776,0.46757914101663217,-1.1755063887535613,0.31996594504596898,-1.5908117515663696,1.791487099541438,1.1503942487329215,0.52676284984578015,0.031283735292416369,2.7691964359594974,0.93414203378101246,-0.2170331099979112,-0.15622425725843112,0.68258135687738086,-0.95958340468782055,1.2645939063212475,0.71434807130155797,-1.0411866965850807,1.2208958705488744,1.2365394294108101,-0.94284256601783811,3
0.49055568259388099,0.43771849492454729,0.54434774405698982,-0.80241976516912861,-1.4859889263531203,-1.1480312701061242,1.1747495269386627,0.25970033061465952,0.37193123508268122,-0.59023485206179815,-0.88135879003079842,0.45584107879472752,0.37526063636711604,-0.63035502325777004,-0.98666810631170054,1.013496038169851,0.0093095779510801238,2.3946180413378699,2.8483924557876157,-1.3438784373460884,0.018587465335956444,-0.65633807478638395,-0.67838892661372485,1.0785798184849651,0.085617592612022148,-1.2886623817053675,0.60626693977590707,0.31108172584270444,0.92382031727516822,-0.3918874657848499,1
0.36785952329205812,0.86744032858662512,1.0893666131193047,-0.27760450213019328,0.052216119975270696,0.19295876573462303,1.6467651984734093,0.71246654444024959,1.0875526955632173,-0.81116411900919871,0.29688823222162192,0.51044166200801133,-0.02043812143148083,-0.54886467253221694,-1.6166725813717244,1.5163747868444823,-0.5736189783943757,-0.018760696608977043,-0.26194854919487826,-0.205821978851116,-1.2779611448017218,0.59839175124035437,-0.033912415260740257,0.83027375787434221,-2.5560138054533255,-0.31599759257871751,0.88160591992969983,-0.61403938555087734,-0.46400801773622785,-0.35471052320639207,3
1.3021650595427525,0.7356577139895264,-0.33981766346032621,-0.87602033468781593,0.23169345296363658,0.51190166956062089,-1.4786838845572035,0.70347502244615989,0.12093304213001088,0.72318832248491682,-0.90715707935330869,1.0793009425961577,-0.7578022217354472,-0.39882398766801341,-0.48695657541217402,0.15929326820928588,-0.049989074119746187,-1.7970216431124708,-0.94262821910358341,0.37979370769138193,0.62281526210638949,-0.024014240389305351,-0.57055219025129378,0.26445479453329357,-1.5698240597414794,0.40630525037578735,0.065006151979975238,0.28003203399143578,0.0041576479261907278,-1.1011255137494471,3
0.6712869408368044,-1.0664636539300119,-1.2863283965078331,-0.93393786950621827,-0.68003304615558124,-0.67625998495995099,-1.0162750349420437,-1.4908475553148017,0.18477086739352944,-0.52246678952149639,0.25797650442834991,1.4653362493740316,0.61535181705785402,0.79422685344840216,-1.4959432715112597,-1.8448853450056792,-0.093808992029568744,-0.39275902241817562,0.29385820864020856,-1.077486727687339,-0.62141238144228039,0.57192765208043139,0.25771261896094833,0.42636276838116915,0.11582704914897593,0.17120763840919004,0.62030139034547949,-0.83673151449021532,0.84275500780777846,-1.6178218364739487,3
-0.89376371846295699,-0.13240174797692014,1.1600068473665679,1.379693214463606,-0.23421304292939663,1.3795388449516386,-0.78056954248000265,2.739621930207544,0.46198057546941412,0.98895302265623219,0.5963460299971457,-0.50003239668971633,-0.10036029837720166,-0.18739159513112399,1.1806018713046513,-1.0757953955425235,-0.0023599040068958662,0.88030488370282889,0.22721830059309761,0.32744893958848365,0.67327919465624897,-0.35377458453184352,-0.65711214479045843,-0.14438337718762703,-0.33011400041881322,0.40538174055158177,0.35049805279588964,-1.6934855864399623,0.37300194967694184,-1.0821801589330904,1
0.33464690809031938,0.57153186160274627,-0.64960029240410033,1.3583432129713602,0.093090634593503196,0.12961052372558554,-0.83827141806140471,-2.9317455821629603,-0.8100328634459214,1.1764402820710704,1.4223300695556054,0.19040953411626263,-0.70309155402531665,-0.019318059551432846,-0.69272192072799432,-0.17493908691713422,2.4772452060268111,-1.3648346852810178,-0.13156346618749479,0.29066722693768471,0.71154339502526975,-0.52782847038640612,0.64953048626823184,0.56585555208713056,-0.77766936217355409,0.54255039581641407,-0.91709982617022734,0.20016005614566851,0.7933745264496479,-0.28282159047384092,3
0.4876932374897554,-0.48958084135041796,1.6160558474431177,0.022986254938137041,-0.032715284463249283,-0.037247621913498091,-1.0439460864904091,-0.30965817755230474,1.1835304846861061,-0.40243236314976949,0.24161326644034156,-1.7599078685229079,0.42339756113333121,-1.0451402323575389,-0.022964156979819194,-0.11704653567493675,0.091227343795485014,1.5085425563185646,0.42111430224775037,-0.79018194185564727,-0.19995997058081486,-1.6794544205550708,1.4152439948121853,1.0741058706870172,0.1136249170378989,0.093482347060851234,-1.2685859400118602,-0.60503641808430941,-0.85578180774428259,0.46484244940182712,1
0.56296149289314401,0.58329807414321788,2.6966349299255477,-0.27170360866713794,-1.6729294815728426,1.2419834832494805,-0.16258511613170182,0.072784545265003331,-1.3116612132478795,-0.32104861598775741,-0.32804160020013323,1.448209824337005,0.88072931533485543,-0.19423596375516111,2.1410200141540972,-0.34839916252473696,-1.0064242368139755,3.1994724033015891,-0.8508305653002175,-1.7310220685511786,-2.1036844022245811,-0.9208329752200507,0.7116104293100407,0.46629811226299761,-0.027195967758006818,1.7508607203819153,1.9669657578132937,2.2715016478261529,0.39923734915493392,0.50803139048433943,1
-0.34017648012510865,-0.74314434584871902,-0.61030978004612435,-1.1568432192690181,-0.47160174871180371,-1.2994701114181555,1.0374008710399079,0.40536048064767788,0.66127564116355975,-1.3812753819099257,0.89137473047344074,-1.0918574059325381,0.22844827478618282,0.31564168704623274,-0.11072398107576811,0.82424215632502507,-0.40566753748421447,0.1047308597987848,0.11164149471792313,-0.63314509326765778,-0.33769980425719176,-0.093010799709917547,-1.3122521452099569,0.57395500510840158,-2.9532240581685989,0.4282109197112916,-0.084914330368810825,0.55336237096999397,-2.1816935930557992,0.26361694525194057,3
0.17977988877210965,-0.29930464146674529,-1.8373011435915452,0.60051942310455564,0.7027648696488219,1.7013037096105579,-0.9867102433173488,0.16529912239690478,-0.36128033089992273,-0.29382616882557855,-1.3574115232681856,0.36216502568639097,-0.090817963414175015,1.3713730408420757,0.49450912022066906,-0.27249452630060861,-0.51901057389413485,0.16853686003091709,0.76608148511820395,1.3222520114065541,0.58915794847645675,-0.63181135704820479,-0.097501904393298949,-0.5394547388684805,-0.72750954770825826,0.64200296758869402,-1.5646157182693985,-0.21320369734425126,-0.38104374720650686,0.4229978075675484,2
2.6763805257821871,-0.031144576121091533,-1.8606913915753118,-0.40286492958855058,-0.062262616363333433,1.1166587162648585,-0.66440706812450889,-0.92696305820308667,0.057553099294767977,1.4918017032076261,-0.6757866187302447,-0.67822851195482203,0.1956766525749695,0.56971218537171542,-0.72232831480511817,0.63852267932798545,-0.0032448344674091733,0.91212894012430057,-1.9277567968366944,-0.19667258406919536,0.90065485207837825,0.7829578631977866,-0.9537959401126257,2.1009387627416154,-0.28912794759112581,2.4667876052991562,-0.71582375603241744,0.063025475509756859,0.71072700056384208,0.91878368505052543,3
0.74203055228952253,-0.51029043470460211,-0.023425193933982486,2.3570812620107944,0.80916826779346929,1.1802746399084447,1.1537897320966328,-1.2395224672770713,1.1703615539204408,-0.10635115365335507,-0.10003257204168789,-0.53263172645312995,0.012720174280868447,-1.1984428154947413,-0.13562518641376708,0.61159640507969937,0.6798618826878795,0.74387473009383087,1.2588908786334163,-1.7547617055087834,-0.39150973169122855,-1.6970528262985385,0.93894910195157244,0.57113537334610021,1.4313629298790758,1.1633067674775075,0.87424941046936888,1.1657133811945981,-0.93026136600584208,0.3886678213584791,3
-1.4037891540606342,-1.8901887713383223,-1.0928724287041856,-0.16964248074472837,0.38501895403209102,-1.1126412410356166,-0.18878901332926254,1.198191031604112,0.57913227195201578,0.65913453167030134,1.0063002917943156,-0.34522020120985453,0.57930554417390001,1.027588101371701,0.91526110971252228,-0.11387732081441873,0.70530913874237766,1.6457216126220724,-0.48079928576949876,-0.54413852694906495,-0.64707789388934012,1.0407903103369343,0.39154114630633463,-0.1057788138462756,-1.8529765586477169,0.8685220999768648,-0.34378856461505419,-1.0538632028623915,-0.62878877898491936,1.1207190984209143,1
-1.3304225220238919,0.92823337107096382,-0.43250492766618021,-1.9684339238430018,-0.70110418039073008,-0.82918469893088353,0.011466279142323208,0.092856799035383769,0.00099972551442724291,1.975136155502913,-0.2664328756674032,-1.1439364221719508,0.8689173385353115,-0.03462207917906663,-1.2373470837364056,-2.3783482003628764,-0.27000406079423706,-0.53221205154279339,0.033010518060370607,-0.44318999489344674,-0.22764224837012395,1.2799382710621661,-1.5142197864163676,0.097186880788478466,-2.9616279999936199,0.46192225613022003,1.2018123257249926,-2.1821678081940052,-0.92397952608952749,1.5385110819100261,2
0.10151152443598697,-0.059899990055241013,0.91093437949126665,-0.29164045896098723,2.3528159515423042,1.1888321462628899,1.8827939403421481,-0.22186672736801719,0.43808417646410269,-1.3164326533040154,0.44778451189768531,0.083524737583990372,-1.7938327596576058,-0.084699734074476535,0.067657019428649851,-0.70714528243581998,2.7037531936116292,-1.3406394266124875,-1.6249222052845222,1.5158431018097926,-0.066879332488793311,-0.66719630926151308,0.073812967092592816,-0.93991640322103398,-1.4072089947618609,-0.53739552553784453,0.24136763006078341,0.38798202988826863,0.63669301700954972,-1.0716130423568579,1
-0.21035123810873899,-1.8338466725490066,1.5943550881888187,0.36471393061067758,-0.73033886663330549,0.5431829916393669,-0.061501260041110208,1.1863533670358197,-1.4577820946370206,0.96921849881876709,0.31049314897205471,-0.95968064679161513,-2.1491641381258013,-0.52290483600007054,0.10567832790597322,-0.79089737134257221,-1.9598851167525018,0.55147218963530009,-0.42379191726628018,-0.2147099225493081,-0.031865626572051026,-0.4493063360822428,-1.6371670839920178,0.65698604801528049,1.0498431205565881,0.36592160400161933,-0.23647073196940413,0.040781399072964984,-0.35731343419330391,0.21605717089773879,1
0.17293749948777543,0.56129465653593846,-1.0644965669712445,0.39076480993861362,-0.92035268613997057,0.98650897018849459,0.14034580418857934,-2.3579418739583162,-0.31816119441016033,-2.7621383385886653,0.065963470112313641,-0.65640596521669659,0.39674674746398247,1.049390928223479,0.8967571291946852,-0.27181803013444011,-1.0153104363904566,0.14400512002493965,0.58757294674037042,-2.2877889815468659,0.29476470351101686,-1.8598257085488066,-2.432957097426093,-0.72795509693258997,1.5949680266047193,0.41725060176547224,-0.3286381352264931,-1.4323764021476317,1.9726016458573639,0.50357233605753138,3
0.51561199552379688,-0.083617924910609417,0.42016072447519026,0.43620887198975483,-1.865450881172819,0.67969292005250537,-1.4023875448055709,1.3318901891083137,-0.6692183798009913,0.37043527186213243,1.3872579913349372,-0.036024949773061615,-0.59936718977735404,-1.2793310789105712,0.30893702900773684,-0.45066733516042423,-1.1647760397077012,-0.45661433849264721,-0.14632028933753516,-0.65539013585208161,-1.5047293511945379,0.46662088137932994,0.79403726048709511,-1.0371825380795561,-0.20603580312902062,0.60032888601085899,0.11039256731475952,0.79903740799607936,0.0033220698748309624,0.96240828688192559,1
-1.3154469284962884,-0.22940187652007801,-0.77947595898205579,1.0021343346981906,-0.31221923632326176,0.36488746872890626,-1.0061852530263578,-0.79275049200750003,1.4212874833552076,-0.43913546510350904,-2.0490922542405987,-0.72821022080657849,0.70549446078034184,0.66356639016002572,0.22617582040778558,-1.1398642465974616,0.93959350247817952,-2.2475865690424048,0.77416237086516482,-0.45392224193519354,-0.50985234358356546,1.8563439394123853,-1.491243979709616,0.30762456446057557,0.090414760293556412,-0.29826699976146354,-0.091730839109219961,-0.36809859907289921,-0.43689503670157898,-0.24364992487690187,3
0.032845715309834218,1.3923089989526392,0.99494525020683811,-0.65840315957245843,0.75980642352245475,0.56064369526209179,0.97531665886702323,-0.2177373424168691,-0.48199076462482854,-0.1658567034029369,-1.920549443939074,1.0785855276529313,-0.060763284363344626,0.26243503104968585,-1.6555319027329178,1.1671821998954883,-1.3961565715264483,0.32036896304433493,-1.4331395461068734,1.1606798485268517,0.0056968928833584093,1.5804069498335847,0.4695528286246986,0.080001574634664591,-0.62189030114666044,-0.22261621282701416,-0.65065490851784291,0.50653310588824452,0.11117298229053096,-0.288425564882479,2
1.4515870991083308,-0.85840352799415853,-1.1097232589517592,-0.84380097922200792,0.77284605045040156,-0.0041620976232951117,0.7914465051760966,-0.66430781717365028,-0.54285815393678605,-0.32551759155504767,1.0616953099572974,1.3184563914881533,-1.3780563582144818,0.94366778703148557,0.53088063237289373,-1.0523678307792328,-1.7452270632884304,0.48966528424650319,0.39262517310676059,0.26492242280737044,-0.56636703435398184,-0.23604137723522062,1.0119302349863422,2.2538274179118378,0.020687097676199417,0.55277773624875337,-2.0684997297151293,0.91641796481831506,0.46391986685285247,0.78063806133345237,2
1.5583999886398956,0.63807343511120418,-0.36541335764349681,1.6780795290798609,1.6457652931919373,0.1793978467877704,0.72632758216588278,-1.7275253273286717,0.39511153309785418,-0.0130955697038135,-0.12911665223726895,-0.10126156124843796,0.49975406334929029,-0.51329367925588476,-0.080110058665689834,2.4065222257157277,-1.5537858289889013,-0.94900235109200981,0.87685241203422915,0.30676577791819198,0.46157653165150586,0.0038624645267690723,0.60114193940916494,1.725849867467329,1.4428669139187127,-0.18333462387220623,-0.42820468118492599,-0.13590810356647373,1.4240608935419907,0.73694280465638662,3
0.64674354037912674,-0.25925965901462822,0.6155496730914134,-0.16843508235887567,-1.9815476785866475,-1.5254601967272658,0.12251803934962503,-0.053486320351187597,0.6446462759784638,1.6676280595136315,-0.55449735710769499,-0.33981838892794131,-0.037916420792589306,0.049017196298173485,0.43863589839762424,-0.34226342570597867,-0.67596095537033551,-1.2971303301354968,-0.41752162442554336,-1.2427305720089079,-0.86540833546225959,-0.1473130924969113,-3.5208158812245274,-0.13033942677939314,0.323171004418565,1.2431355216090252,-0.5576534148490383,1.3354842356776166,-0.76128929345842622,-0.6882728661734453,1
-0.33177519186548488,0.66565274106020444,1.0389227136770991,-0.998614520231773,1.1677825731174425,-2.0139432423157309,1.729937899562316,-2.1111825553642456,-0.7157013209429911,0.18494410148669396,0.31053796225553676,-0.18589028038607155,-0.028591833148743126,0.075466117685735842,0.8706110923238608,-2.0406062214012395,0.73176246566422898,-1.021885959397641,0.25875121829201436,-0.17286787672353163,0.078774201849179229,1.0962451236994359,0.65101730719802897,-0.2979422253816405,-1.0016650096452249,1.5944086461616283,-0.17723695086567776,0.31293636494668209,-0.40135237138484836,-0.20703684989454879,2
-0.21910066805728795,0.041337433982318851,-1.4215409034224988,0.79538768070911736,-1.9803187284460821,-1.6338741749475874,-0.84709542601909238,-0.48347930681137152,-1.8089649205421783,-0.72820892983831509,-0.013224540725151803,1.5594977981434057,-0.50302887194021439,0.35890197482080727,1.2786399464574958,0.99942758045032787,-0.33280350582576085,0.93191869975030917,0.34113747437459141,1.168153921312808,0.068657325657768747,0.51452510266139284,-0.62829853758704557,-0.82079432682127951,-1.9292675633203762,1.9805674685658003,1.3253267741450183,-0.15154748494775822,0.083422939286107028,-0.44742504616913825,1
-1.0399762629062888,0.048639103512947542,-0.57773830351358602,-1.6038804270121014,-0.061690043521104743,-0.37176909088327648,0.26974156132663224,-0.73765291796998944,-0.84680101187905421,-0.88030549518575807,-1.7589762228764851,1.2713947041867919,-0.96493783312196024,0.86684098125552811,-0.83149836448784398,0.98762281559810261,1.1272562085531237,2.3976882136177426,-0.079812560254041723,0.26924349850858048,0.46344706104563466,0.059615747005699063,-0.96210080419715382,0.094570836430439592,-1.450891106068424,0.55142571326744294,1.1166114046308508,1.2894067476487598,0.89487468633281697,0.27629246085016262,2
0.11046787494067116,-0.279012799016012,-0.4720344380833616,0.18750832456917907,1.2650896705611625,-0.23332519209772198,0.38259144822991942,1.5090891943616882,-0.45881150047699881,0.05460012583236451,2.5851090314657359,0.99663663354610221,-0.21408692662818665,0.1363157072388525,1.8960450932501898,-0.6070349379289226,-0.96670385910574341,-0.6761187513066933,-1.808591540032042,-0.24762894695544821,0.93783528558343066,-0.21774219968442568,0.67400175242056104,-0.35276515553965299,1.5217055576135448,0.35406050075822404,0.12778579220660061,0.26836115964532836,-1.041276104972898,-0.20445585689802864,2
-0.95795354605089722,0.28006676264508046,1.2453687728750442,-0.6321757725763596,1.7668256732904799,-0.63337207360635694,-0.38402516861855024,-0.73467024157166416,-0.27249018995898622,1.5484992548557273,1.0535561499778185,0.37669278349306057,1.6123118112100541,-0.35391919304583325,-0.17014624946582987,0.67189090896992165,-1.1484639928637641,1.3411376851691277,-1.2744846324421624,-1.1057997576213863,-1.5310662041562797,0.93718861934587072,-0.35987921771096554,0.10504659829651615,-0.75169791390529028,1.0805143816233291,0.95706572720225958,-1.0611792278392271,-0.41810552913817217,1.4260497720419054,2
-1.4278484353185903,-0.19436551583945988,-0.34572590719046609,2.7531030689453,-0.070167104256271498,-0.42813613064864081,1.5827656643288892,0.047584225024703553,0.48106563931704233,1.4714481331051212,-1.5891425947094162,-0.21335708259480388,0.72117112169024145,1.4549729925993109,-1.9829430300092823,1.3579001764726639,-1.30294060742038,1.6374598230876509,0.57107997550238565,-0.50335635780856847,-0.15972582290253812,-1.2518768799266349,-0.74415747807085142,-0.80586618342156757,-0.15387444370105471,-1.9943453256984147,-0.24046394016198289,-0.61104261142026284,0.58927869557923529,-0.37083196743134467,2
0.57740222660104645,-1.1605019588521159,-1.1518868786693419,-1.1254013960982068,0.7205303950788291,0.39797329379838065,-1.7740097893319731,-1.1913901852004054,-0.66340922050713691,0.54084147546700412,1.1361278512915416,-0.37239039024293102,-0.32256257615985995,0.55359596607725414,-0.47433079670695544,0.88393591981160591,1.6746485243974851,-0.16315512310389979,-1.2871695767342526,-0.94912619820565713,0.72973840728831307,-1.1503469726251891,-0.180509022112119,-1.0622629693675953,2.4508487496244107,1.4863739925968908,0.84306642018563971,0.30815984649634498,0.92051635099439477,-0.57083185871698783,2
-3.2375590852177405,0.10713025225557053,0.48468318637760005,-0.36697621434254957,1.1410883105384413,0.95345462843404405,-0.60210329737003687,0.14654199886030864,-0.76138436845797886,0.78715415776476427,0.32539638732871029,-1.6814387244507283,-0.47726920324393235,0.84475369239660403,2.4176728149817603,-0.35884659817949927,-0.17748191596794116,-0.52189134384399116,-1.0243937505739436,0.51656015421415946,-0.16185507557436463,0.40961026642811316,-1.2236412034515978,-0.10203329834146503,-0.12943193215067883,-0.79917726801432487,-0.38070361383902168,0.58034391346552383,0.82581717168996682,0.14858671846168475,2
0.94877222382744053,1.4972654371256722,-0.74949047659084744,-0.088186240008571809,-0.84676332803967203,-0.25556121746179328,1.2683186700554128,1.7564176748998837,-0.19534370396672088,-1.4711513557925722,-1.4847546030385426,1.3582735634075269,-0.77075179653617987,1.7428979940292002,0.12187045387840335,-1.73864496447163,2.2196002361499265,-1.669254425353784,0.78723538829036366,0.37477043445253783,-0.6989992490079574,0.41052716717350402,1.5578110274541825,0.22859163379664571,0.97001987855344962,-0.36785921694560708,-0.75270622756282946,-1.3953067794739882,1.7281769966434639,-0.06647751045730059,3
-0.33504719329621574,-1.0364725329400764,1.1795347062193795,-0.49112526753188351,2.2088918629305518,-1.510398093044427,2.4268217614374481,-0.24558791255782342,1.625089221980633,-1.3265768709413894,-0.97227337433026295,-0.40195150831448229,0.8059150898106473,-0.64660986317708968,0.53151119454010276,-0.39587277680290273,-0.08861417912079507,-0.54454675116925366,1.4553098493275696,-0.94469767510051639,0.2760561016575917,0.098949305431646872,-0.41690072015129381,0.79325320113858566,0.060842954641928126,1.398214716472846,-0.85645595984210898,0.4298199394094625,-2.2805951531995583,-0.33240656497110477,3
-0.60450630875012268,-1.6021191543053017,0.54533066736921398,-0.30341226284404527,-0.063202999618369698,-2.9299653579469909,0.55595526429898068,-1.0689880837639048,0.59419400199211758,0.3238808336889703,-1.3946835607300758,1.175920332161722,0.54460137733329128,-0.29521521232454728,0.21597421370911563,0.76055217003825604,2.0181782115823839,-0.25923134320805458,-1.1989295129395328,-0.91147413618476758,0.21102860398474255,0.48164425250243237,-0.087261959322601834,-0.64713568730672244,-1.4290342201477497,0.45675616470752717,-0.020109282644538404,1.6633490786029888,0.40429173821733694,-0.18158613643171809,3
1.1387271310806351,2.8666492380148885,1.6075478117556026,-0.4555956788992559,-0.025787206163352127,1.9246481955030965,-0.86700059676753505,1.0575912079553986,-0.0041441918333478423,0.90180097589483454,-1.3626973263409428,-0.76241156200499782,0.024004992635102491,1.2102774749221878,-1.5022595355663355,0.27359408870955548,-1.8861156798730914,0.81175441298629902,0.79821993855361373,0.21427458699218488,1.705544290877838,0.095210024220477668,-1.0961686130497741,0.13491814957120629,1.0384608325541191,0.23934390254867496,1.3865091984875229,0.15575712990430687,0.31727568735873118,-0.61737427928525734,1
1.1768594352666732,1.2285289186887587,-0.21805640127871748,-0.49657488934699046,0.28615279318515136,-0.89431177128601935,-0.25580327839196587,-0.44472256795614451,0.85933147697258361,1.6152560807243097,0.85627435702915444,-0.13835195972626899,2.429002973113251,-0.4997444119765676,-0.9379798384277549,0.32997958262694166,0.10093315949752664,1.4065714876372502,-0.49499652873601746,-0.823812380835373,0.55863516537151392,-0.52010412393761196,1.2018643525279302,-0.12546636431777797,0.51541046576555216,-0.44648303990700861,-0.87719548032261963,-2.0562348445038503,-0.88364840833341995,-0.46323531902843634,3
0.77512185562862157,0.44991900647311373,-0.11010845527979496,-0.39178902769301949,-1.1475025600060489,0.38961012469659745,-1.4833118997442682,0.36041382760900165,0.33085388071793975,0.29395505595141214,0.43813883675363141,0.58030926496997925,0.89866882446707264,0.36223009066445255,-0.33860969942330216,-2.0996486843950413,2.1658187172949872,-0.21627308791553254,1.3210213323736839,-0.78019141233237277,0.84968527746325095,-0.038064457868833668,0.2084620228995985,0.091106785121935235,1.0117181716567643,-1.8722072044448512,0.17198561985431662,-0.64488863753672354,-0.4825701130303966,0.035088182904470876,3
0.033389242576410599,0.52811034606423268,0.618049104517294,-0.012674674644003518,1.3289372807271136,-0.47393698477850177,-1.1666549416800573,0.081185790324061591,0.45418037165910286,0.2750647853040849,0.82258715443780683,-0.27747587047773203,0.99484987422268889,-1.6235146711135215,-0.11345997856970443,0.19127510041103976,1.8405902442315594,-0.68525549376992567,1.3510192356097959,-0.11577059077610695,-0.49079057081863642,0.78595751485342591,-0.30099804363274957,-0.20224447068325366,-1.5816288210935621,-0.98516965136557844,0.97274832011638812,0.83408004473345476,0.73211312505080295,0.88997621754752876,3
-0.73200261497793295,0.88172347271458862,-1.6353619778907948,-0.75268163495980889,-0.21114410120171626,-0.90721959038451649,-0.6622669563937762,-0.76120114380533677,-0.15729773340129077,-0.49171948965073747,-0.66049319723764466,0.084053316280749898,-0.20356498189643002,-1.6682945715594515,1.2649291616531904,1.3597904192315708,-0.72047033756781975,-0.30698453060025382,-0.73130838366475159,1.837269903608969,-0.13903347210209535,-1.4353613759226815,0.9552832238679233,-1.3027222543649271,1.0736445260548753,0.44980641463412691,-0.35209118878630369,3.4147416554276302,-1.0636529991055832,-0.17999326093154749,3
1.4942444973836793,-1.9454227000277751,-0.80696821097145099,-0.68044854267751709,-0.057342844278485683,0.14472658858037521,-0.71249905452709439,0.022377718504469284,-0.059407101846226586,-0.14876160425619808,-0.037092617414925332,-0.73281349031882903,0.060734431496345831,0.70585238217210278,-0.45119886353100591,-0.67887831289624379,-1.6410898940539564,-1.0896493767403457,0.84639307664773766,-0.30525888620373831,1.7809594204261572,0.50693775534998808,1.4782809491606554,-0.45430606274840274,1.0065194052593258,-0.023902138254004543,0.24834714937378211,-0.51517139708010884,1.6011254312239718,-0.067422870098027957,1
-0.69586996570168957,-1.6522564789400389,-0.17550555338549179,-0.67648909434824744,0.33935008902921532,0.97535568147757423,2.1931349252822461,-0.28614312525711122,0.92436467043968684,0.47002671993731487,0.63012889768811342,-0.14772470686394434,-0.38924091989016679,0.67298081417019717,-0.17291755736467662,0.34545237233184284,-0.40698921776382263,-0.056824370762608059,-0.051810469181618565,0.65715060090836952,-1.7897781959866004,0.16546904252333863,-0.95661453921752393,-0.38926058928964552,-0.527356946233555,-0.67995334480382497,-0.32019904232346241,0.71383427005950917,2.1231445418730317,-0.70672279508747826,2
-0.058586603783225173,1.4863945713612881,-0.28402418724774858,2.0328559033384797,-0.89370736644378246,-0.47076204186323939,-1.5768329794589937,0.18232949359392908,-1.8994559770133421,-0.87734496233321413,-0.16078576785725282,0.85632153941660294,-0.47061610009625676,-0.21767365815610681,0.18932214916424922,0.23944120843401245,-0.89633454229771359,-0.7178315784509387,0.3852921721006326,1.2685375070156577,-0.57824364520415583,0.54995444150891615,1.5251435493661314,1.2357500280038289,0.40615076586504928,1.2184641541032077,-0.69062169426150732,-0.0080279379361831785,0.37979654085959969,-0.040464866509269941,1
0.10472940209893648,-1.3017826941329786,-0.21016767169138767,0.0075285571241734397,0.069795098540042622,-1.771889509454825,-2.6564433017027023,1.4283047897977892,-1.6578241541294618,0.15702090285746625,-1.9976088933278175,0.24794687021074935,-0.27109234265557108,-0.45804566469185998,-0.88238675258434729,0.89780725337227985,0.0038184708029539607,0.34768391592709913,0.083642632169926123,0.55512659567304012,1.7454511941304123,-0.1614816971104204,-0.29271410821570071,0.061920377830328929,0.070002020724380165,0.79767621332668504,-0.24962246709742741,1.5927450060483583,-0.33812055836553606,-0.7567388299473351,2
1.3809053159002873,-0.92225877324077932,-0.7859869821197476,0.3429772283433572,1.5660359184238617,1.912288664944259,0.41754412052075812,0.8757109389639659,-0.016399969504384559,1.5267705720573594,-1.0002809633211667,0.68948807134603174,0.1645777479970052,0.0094950849602127452,0.43124710277831407,-1.3800760017587017,-0.019535907260727625,0.014274758240801657,0.76640796124933797,-0.5275372991906625,1.1218907508150571,-1.4273122558542679,0.83177787487947508,0.53641189846457182,2.2828615688429403,-1.0814428101439999,0.17484380325705032,-0.10789711011760736,0.096538644857945929,1.713360738677707,1
-2.1375716550643764,0.71832799947582748,-0.25458822600221237,-0.19671689842809648,1.494381035825727,-0.38632564144817971,-0.11273269301938957,0.19233081999415366,0.67958650153509215,0.53180152668771719,-1.2667359040732697,-1.0644882974958532,-0.32303279447522926,0.53227257135643491,1.0662212839427094,-1.4431144475129307,-0.17788115650880032,-0.7627152257067894,-1.1369183832447924,0.39477868707254793,0.11147823081252686,3.2351975968009463,-0.38671123007427566,0.39996913999854522,-0.92524322366173317,0.31035379179904471,-0.52119710454853474,1.1395085884472369,0.86193917744393955,0.54512392825579292,2
-0.65838201070846536,1.9942096822315103,-0.22247698738027696,-0.52749713622719396,-0.92806218740046365,-0.2411205862189858,-0.06742006813437465,0.26640384815597246,1.7598477490420124,1.7906134629090051,0.13281445885370546,0.11377724694877032,-1.132108508739843,-2.1178057086726243,1.3736762288976867,-0.59449101787195202,1.0189857085173393,-0.76481201974843749,0.50201586792277908,0.72002087856017705,0.70633384134471566,1.9781916062590317,-0.11113308343629731,1.1465085800095869,2.6070596557537788,-3.1847368244375329,0.20269228065727496,-0.042004091985305456,0.38763547381756502,1.323271353548225,1
-0.80356635890651096,-0.70471567555555858,1.9748198761891529,-0.094407717198935232,0.67419851205966286,1.1338376037017046,0.73672225756120524,-1.1565147242264022,0.12066337718770501,-0.64965684207147867,0.9137907675391348,0.70441271924244031,0.19716987994278959,-0.91830807025570504,-1.2103377059159355,1.3950249565160682,-0.11810062240707538,1.1912423988538121,0.2739288541236618,0.45130895205723798,-0.21132462328855653,2.1466387819985009,1.4658300033603688,-0.31843230809242279,-0.11948470959345092,0.56058436601388051,-1.4955052928264003,1.5559746586530208,0.70128100239218238,-0.0036788683591863899,3
-1.9925524382598145,0.59250107098558635,-0.58814111574789418,0.53832222085279025,1.0232036900517856,-1.3028645638014316,-1.4481000654728668,0.52440868692820441,1.1914709699335426,0.65827312629858914,0.048648912787090423,-0.027159462234890571,0.74453590306893902,0.05614698971416577,-0.44842114418199197,1.4322200616133407,-0.043803387083480194,-0.78352368459196653,-0.54497298545143591,-0.9595625980969068,0.12446681995184619,-0.63425017241399573,0.23599857478844125,1.19909680986437,0.12345959389703322,0.76766806425876055,-1.3054018813529129,0.62173291401485875,-0.49856668399444531,-0.36835914457410712,2
0.21606393752271849,-1.4631466300774061,0.11251319005573138,1.1953955431438272,-0.27301744158564667,1.394990073376446,0.93184880187686425,0.72924150416906997,-0.19756848871449678,-1.2243572107773493,0.49582011672151721,-0.020238575586740248,-0.44489461816152615,0.82732029106325,-0.29613356534335944,0.28148696094619058,-0.61563366917265216,0.92981886166844119,-2.4906324005581792,0.43265947579233843,1.7609221754134825,-0.1394460220045815,-0.5693514406482475,-0.70043958508990278,-0.58904645754953022,-1.248181857164568,1.4145478164746375,0.54126657654239319,1.0568950116843256,-0.86578777609258839,1
1.0934825048151688,-1.1337564694526603,0.38430209805780652,0.40236838861907659,0.39925186301356674,-0.2600076120647512,0.31961543125290093,1.5124529005810754,2.4388885180105442,-0.01715917330148194,0.30976488220025039,1.4076717198938455,0.84164023943552668,2.7911547318991787,-0.52969602872900157,0.9228906168999822,-0.58420417572364347,-0.41927237728608985,-0.92434812467370975,-0.16274954094678737,-1.3134352809116141,1.1402920358350448,0.38474648663924488,-0.35506410989600057,0.58439584885364171,0.77675703069008872,-1.3728439498207605,1.3557977053308292,-0.46128769735438113,1.7214503340360603,3
-0.60259483955003335,-0.094688249201519845,-0.078010907404021446,0.092180659449311517,-0.13392470102701101,-0.9794774903421849,0.0045972809027243619,0.72555824394385071,0.33581797747206699,-0.73254260066220911,-0.45344192464999133,-1.9109580606695966,-0.34588713179786612,-0.65260257045856784,0.69863891754458818,-0.82744537119047523,0.43272865135700994,0.8128430540972984,-0.89442680894714599,0.047741329489793954,-0.20377843934100975,2.2281942252686218,0.162623320434649,1.593691380708125,0.30324342323814357,0.74115168349565841,-1.2950719595084847,0.22144303695302819,2.061378105756015,-1.134570648460788,1
-2.0649843010375677,-0.52524694845274922,-0.080521249154852037,-0.4094874957140559,0.47456108158990179,-0.10089511941783758,-0.098440553827846666,-0.39458106322803765,-0.22157301703016086,0.31441588320512354,-0.42512257116084456,0.088421499263558079,-1.1175091241761586,1.2487400582919903,2.2737353597759955,0.33745421822700189,-1.1407639949993225,0.28305186770503121,0.31616363825013161,1.1558912139193955,-0.20846680603160914,0.84784312691527353,-0.35786805623159879,-0.0011736925047616115,-0.0530537294419864,0.41496166280439334,0.44696746279489902,-1.0467042661121426,0.78677832429153316,-0.36689713677561281,2
1.7408375148413904,0.25741850571081715,-0.73559643435124977,-0.87966279517682833,-0.089033476521402241,1.0966761843202535,0.82225698274080417,-1.0781467520920245,0.76101999870960935,1.6936556813363359,-0.37520116891563032,-1.1652323748357285,1.0794801455157399,-0.99380621020391846,0.79184138903973134,0.80761690241723316,0.16394107220576404,-0.27408912959965809,0.86981212139042019,-1.3516960935426956,0.42681150354162684,0.066497028068749311,-1.9280738582414623,-0.83421267108089581,1.9387359316362454,0.90390359284419519,1.4090606606304386,0.080369731740701472,-0.94665376664166023,-0.59999504127146353,3
-1.030623680754654,0.35866459609214896,-0.17193275080349088,0.47184511832381332,0.33885941397354469,0.71355214134379996,0.36924085048356525,-0.85988911026609527,-0.44967199590567142,-0.011877449234473723,-0.6592535104648708,0.96292696883893258,0.38202350040451399,0.07391011624567452,0.31849640457532719,-0.27189713982386104,1.2710324269669901,-0.42555220088570006,1.2257580891525643,0.78570127892296227,-0.68904279140364011,-0.96264910929596714,-0.021150349167321131,-1.1803969184356542,-2.1350246221113269,-1.4420166796286487,1.3582386975297005,-1.3043722132303364,0.1194877035664183,0.58819545675542118,3
0.24799070827772393,-0.46290803156296001,-1.8307632689789652,-0.79284751917507668,-1.3203524502961999,-0.5520157186003315,-0.44575630882259626,1.5206007404324424,-0.054922387085519803,-0.68604935587459914,-0.46062616766917186,-1.4433009674652724,-0.67642018970756157,0.53168097616058807,-1.0544669412968937,1.1947907880039281,0.92026784090679326,-0.39951018322544124,-1.0856164069448757,-0.088955506125965852,1.0871912719716823,0.23093504951363961,-0.985230527190469,-0.39641062817903766,-0.95018906954277627,0.78247859154288468,0.16442176074984391,0.53993180656180373,0.54015223548586278,0.33237130802404002,1
0.5676066559675067,0.1931830301102751,-0.1183742647423467,-0.048028795808736806,-0.49415817875748558,-0.13741663190170628,-0.50461658283587074,-0.32921032572155934,0.10456951459186661,-0.4331478300274425,0.52472554506021962,0.71397021991224063,0.81704622503411917,-0.53636770310138648,-0.49077874012614642,-1.2225396804172364,-0.34216343440951363,-0.3574374267934583,-0.7180598672237829,0.79661663512373126,-2.3208106614985331,-0.66014152710415819,-0.92459845350907699,0.56435309379708509,0.94472203457872994,-0.4172102460789433,-0.69254401858266079,1.1591937292007422,-0.59770441784533124,0.16120800411237199,3
2.270778973056875,-0.35185884333012574,0.42054723586185394,-1.1039750330091433,1.6148141810453289,-1.1671716950674129,-2.1485078414054195,-2.0608909500342083,-0.93237156858420811,-0.2947515636782076,0.33868557605943833,-0.57227647451961694,0.028695846863109411,0.096060812811705143,-1.6215837196935341,-0.64946520424215315,0.26449551822484646,0.88316576814950498,4.556933498176952,0.20742140194724332,0.68025882018890127,1.2037124510753099,1.8802608101697875,0.6211803540044879,0.049123730515299814,-1.1540803187256543,0.17819147167701604,0.50763641444832364,0.37050392547017635,-0.29388436020768255,1
0.54925387033101469,0.25149001313934954,0.17902155802758643,-1.2354615165266685,-0.42603979012423099,0.41650399505085162,-0.5284457728427141,0.64925148946879707,-1.0057616138978809,-0.23098118115279104,-0.80623008442988864,1.3331060230683931,1.4815104598303228,1.4543430250029177,-0.21911041057271305,0.66668982131559729,-0.53601174731441592,0.28931015264915688,0.42598048265559185,-1.9383420513686747,2.4653440929686798,1.0118398048802681,-0.63541672963420859,-0.44813933810537959,-0.45080332569710535,-0.8395164288110567,1.0542752818132204,0.080117826423728444,0.23425583818497631,-0.97563869522346436,1
0.21063515223471083,0.77685724826704128,-2.6282689166779889,-1.2030143287230159,1.8191535559618219,2.0702117093186412,-0.25367153241327461,-0.37511769992615202,0.21352254038173799,-1.542321371093627,0.40246706326691928,-1.7527165307419723,1.8983957788125803,1.562176472146052,0.76859955595571394,0.42071151069216089,-0.39297944287424785,1.6867141361009153,0.25416831705952542,-0.83076182036859003,0.9335970150631786,-0.018209748286658455,-0.23578615302076142,0.78479088380136353,-0.53051552010369452,0.20442482397253903,-0.73399363719243393,-0.37984847025880686,1.2794408210048696,-0.57625435165852323,1
0.2051233129840461,-0.37941378717534824,-0.92601021418450313,0.2881771055822927,0.84738175322749643,0.64118904229221951,-0.3258857463274068,-0.61379225938136794,-0.03537011115821611,0.31426562468907143,-1.4586499840145246,0.097680128529026716,0.59337392228607122,-0.63395652794145485,-0.093852057954299198,0.76601278056369404,0.46115639688391724,0.59038603115414157,-0.34068255307529138,0.33161428818897232,-0.055710372579728017,-0.88724116523408159,0.032283770904887758,-0.48307064452960502,-2.2519688479046751,-1.7907987562314498,1.0233745716622173,-1.4431219501545154,0.34108306115435988,0.26024161784712152,2
1.36604930487078,-0.95304180008134398,-1.3935344858733032,0.025641428901663474,0.2108508037156451,-1.0725662160177711,0.43940191407710705,0.62511912578735773,-0.017821190180550294,0.36008511549284283,-1.1993599400684285,0.12771069146805333,-1.4383161117676218,0.14189010650785228,-1.1531467523140624,-0.82436191103520084,-1.255605197628147,2.3257566326352874,0.0029729130266378172,-0.81702479191908484,-0.68508362751783813,-1.0341242004170681,-0.13462787519307196,0.48614516031142818,2.8753872688843267,-0.11843979978105183,1.8994499317601667,-0.72859487559182889,-0.37399758985023462,0.80635766559066302,2
0.24178238360225585,2.0190338120351181,1.360595843998156,-0.65636289755846255,-0.52918413886630578,-0.1322328081992914,0.54039533539889872,-0.069346538611215106,-0.46472668470878581,-1.0490300987543919,-1.1231051510664278,-0.06897464839547629,1.7454261716043042,1.3599084850617973,1.0029048488750287,0.55322432256683807,-1.1882233125997017,-0.68393953678253405,-0.49984768410639135,-0.5153365202772564,-0.06919256676368675,1.1122178158002634,-0.79486148427888781,-1.0862693544422124,1.0989358883808658,-1.3976868472583828,0.14420320266681705,0.16055656882195052,-1.0001228313791215,0.5726119422548136,1
-0.67645852243407456,-1.5455621883499935,0.30608799752570304,-0.032054778471640066,-0.73845734599280644,1.304503662117255,-0.94057544003893756,-1.5342457757989232,-1.5797901713896016,-1.8581397709973606,-1.2726653670124017,-0.66578388427191604,-1.2415584811909042,0.70513057790973088,-0.82017602867314832,0.50278895649577671,-1.1357718198942059,-0.57528664204129421,0.86491498607834694,0.53416767366873297,-0.70924897225672323,-0.79121787386970754,0.71249295129976353,-0.12166352998431416,-1.5257762411277396,-1.3493852910562198,2.6023110617354552,-0.12750175090309382,0.3698277692235149,0.7434226957365927,1
0.13607756574709956,0.86533072132265232,1.0103803953072024,1.2365594554662516,-2.5291286412140397,0.82571002632931256,0.40222915752356814,-2.0866001464264095,1.4585706185111662,-0.17153857733209626,0.31127205044583406,0.18279131260200993,1.4436463562157535,-0.5639964499879625,0.84906182164060673,-0.29667715014338214,0.1874631747995793,0.72069814232326734,-0.27780282399214529,-0.11157774817932629,-0.90216105499838939,-0.48773346589433719,-1.1474495430280256,1.740086343264134,0.39521924543894138,-2.2004877509744145,-2.0866981905745612,0.90147196266649754,0.21405766033031354,0.31699241058993116,3
1.4010697350837658,-0.30063340942847511,-0.89931181528346471,-0.50636304094980544,0.5523986647402167,-0.68939326116930266,0.32693448122769836,0.081175213127492402,0.098541199502970925,-0.25335481521797976,-0.21008577326116398,0.8183726908527853,-0.2113072993762283,0.3451331448237982,-2.0032100368621659,-0.45371561628411494,-0.56520699242311412,1.0324851131450286,-0.7416667264910547,-0.039234200207124786,-0.25589420801169471,-0.072610389114404747,0.13990230706167817,-0.98820600176689133,-0.64461161510817899,-1.013350121710596,-0.90344804116758648,0.96967432721790314,1.8879797516559855,0.16240558719439219,3
-0.11556801390804956,-0.17762477271111385,-0.028156302907397623,0.33739825443951266,-0.84380227891306681,-0.082013651224486978,-1.2106437135107644,-0.070845020751774471,0.28477349918228806,0.18465831533957436,0.3687905482024228,1.2096056324971172,0.58277811190351003,1.2675145292311962,-0.25370211944950855,0.72176635060663064,0.062845281393332605,-0.34079691914445143,1.4692530010342171,1.1189395450701292,0.50282129648559126,-1.8356758466358039,-1.9855330263639099,0.62467692748958714,-1.3188010803373726,-1.3503219909020199,-1.3001103025025764,-1.3566649127999382,-0.29387686616166703,-0.90711953561671343,1
-0.35991138854469434,-0.076208963710511834,-0.23105720957038728,1.4751805336541375,-1.1864505675559416,0.16638251470668075,-0.050399511310686707,0.17506340894709049,1.5361069454621188,-0.35239853993887427,-0.17748822616680071,-0.64782666638465625,0.7775723915032684,-0.84437351582045095,-1.5752206492882033,-1.1744621675850921,-0.24231624162111376,-0.32626932127464991,0.048813696367360791,2.5358360643609279,-0.66734164740162472,0.73815235988451577,0.35055619302640512,-1.5947149563359149,0.34448750713974369,0.16182663603758837,-1.0855985302098701,0.55802589983030904,0.43763366029521927,0.42390634792754961,3
-0.4933100208898295,0.59454719727405136,0.19710191926951531,0.90674128266329312,-3.3530900798899439,-1.1405152726517975,0.67625447679584516,-1.3104409030951751,1.0828309702233401,-0.55812023566452018,-0.89200934425868506,0.22367437939936335,0.40286894976455839,-0.98098836350659313,0.20679998252471302,0.42902353559219542,-0.79759729615394992,-0.41688548622754523,-0.031289332776041671,-0.63562466465153056,-1.0167165573578754,0.91512798511462112,-0.75111773080149724,1.3950726512716627,-0.50918008196218723,-1.5081910250395909,0.040977057366018213,1.5933336241214158,-0.036620979146346558,0.24587933298468057,3
-0.25372009484600444,0.15227194593475904,1.0609978114502865,-0.63580899460378304,0.58849289937844607,-2.202684645741432,-0.25411182480636174,0.79617308264625164,1.2623539858134225,-0.73661446434168742,0.57247957557368656,-0.81838468166978595,-1.2602191297695871,-1.7302065799032826,-0.4854451785436853,0.5218676329138402,-0.10161274685717016,-0.4015976879067607,0.9056732635884096,0.81094991666364769,0.67476139534198731,-1.346389265936579,0.45084748257871782,0.012067230097178578,-0.42616987869687117,-2.1254029813241297,2.1983088974102603,0.46594804045412175,1.0095318295926285,1.0386032018007867,3
-1.6522219426182532,0.6957697208878616,1.7992819615934901,-1.2212026401395581,0.28357702067740037,0.63895870659575371,-0.56746689763263081,-1.2138182752064022,0.57079975727896892,0.88559827814917613,-0.76833983186581956,0.69197415952929142,-0.75232139069055648,-0.020460448439432708,-2.3529029365068928,-0.69042179791340608,-0.5642633313001737,-0.0097673726664171748,0.48155874882906974,-0.65410340861025429,1.2088088937277834,0.76985233600363234,1.1234274934631683,-0.5413804499052578,-1.8309411938953664,0.78221560216795794,1.0159724009588589,-0.78157069134401747,-1.1178382253081129,0.89188572816170597,1
0.6965454353241981,-0.78442054022386298,0.38025924216603796,0.20281134934877534,-0.40304386475123977,2.1788029313559041,-0.11068211661076942,0.94005823796486188,-0.24600926506928972,-0.61493793769019756,0.096337857428615642,0.95609314463724426,-0.56718442396533042,-0.1531056457858733,1.4373652423124395,0.96344006486248601,-0.54195428065502105,-0.57031786578823407,1.0957379730825356,1.2174883640113312,-0.086054055481170802,0.23571262188671602,0.054743650713064959,0.071657797478192536,-0.37799401848882996,0.42713915577464345,-0.63784138819782665,1.2208261636133293,-0.077871908437364454,0.094043515209830189,1
-0.84640376652339011,0.22874544747662523,-0.090337493565015567,-1.5368043407011358,-0.18328091366664195,1.9882679248662036,0.97916372984861355,0.24979570657556646,-0.96410520992139903,-0.86200989631230307,0.13028483454203016,0.44533452281856561,1.2134675601633753,-0.38632984762373451,1.2789967728217486,0.77405996639452102,0.642900459012957,-1.1835625792361792,0.92187594668994566,-1.2011756205818922,-0.25249696063679361,0.083048300025298769,-1.1661610736163066,0.082102051827399283,-0.81454820741725165,-0.47079892611175655,0.92480733439821838,0.81916326018895336,0.36562428322358753,-0.7063063323597446,1
1.1962157705773668,1.5599220338206563,0.82859281342007163,1.9397215909337469,0.95397341789216905,1.2734242036189471,1.3696190728918278,0.03853182815379165,1.7797473769862315,0.4011138876250892,0.96634410816192673,-0.94475510675316898,1.3426779644788471,0.58794516745129921,0.93738065021448747,0.49274788552534232,-1.1030258829222248,-0.53347970650026855,-0.6038754621220056,-1.0318268610608725,-0.9914579992290159,-0.91457121389724527,-0.95488184484217919,2.3961819930108788,-0.028592502342844151,-0.030206805715138018,-0.75918461056093456,0.78845729223773209,-1.2328254761311439,1.0783333069794092,3
-1.2655514657331186,0.63705056119982872,0.59954578104471479,2.5716448832792849,-0.76676832685971053,-0.33802146584655213,0.21561120895942004,-1.4399028195806733,-1.3787361821046442,-0.13166770471498404,-0.33465164755424015,-1.9098658202228636,0.09514051020060954,1.1613635951900463,0.74817539691123391,-0.25638016212431292,-0.68296715971225697,-0.95345072588634516,-1.0719009375352582,-0.27487553649354379,0.070107424715679725,1.6531262352761296,-0.54427366862008497,1.9863253733653845,0.18930124898924133,-0.3155543836013931,-1.7249065963003281,-1.0495372277351909,-0.55235118033284347,1.0040078327259574,2
-0.57340392822254682,0.37515796848983063,0.30178110388244134,-1.7701052929611056,-1.2895003270502827,0.75312691765256867,0.76388612439104786,1.0399206716547398,-0.10120710341865313,1.0222976098729615,0.12951252743561395,-1.680657247597658,-0.64305408111839824,0.18082143309520962,0.97057839244267541,0.36629995714360786,-0.47745619958304136,-1.7629041682021485,1.5447954158666966,-0.35294161716618594,-0.56512949345058006,0.15924487751996172,-0.93238867227413158,-1.1679046873743328,2.700292049542695,0.83834814574653305,1.3050663903613522,-0.69189847836270435,0.1009816945723807,0.10440397758111701,1
-0.85763968902897025,-1.5490866959436458,-1.5426598872199044,0.55189188840276371,-0.16125957031470048,-1.4493165868857922,-0.57453155755745267,-0.016420417770946816,2.2232780737712647,-1.1175130993251079,0.022202799106659069,-0.13454362065577433,-0.23612249246491954,-0.74194918013014932,0.19893616592650601,-0.4770881288340052,0.015249408776807027,-0.58910183269398197,-0.83299429239845901,0.36200620315501653,-0.00064972666813425646,0.22738064842166911,-0.31018412709390109,-2.3098183233785208,0.5067664291872559,0.56736187037597419,0.94923175574072038,-1.0160650912457738,0.29779787933061685,-0.029000814767722732,3
-0.41052080087677684,-0.22361342777760415,-0.48781755359964868,0.18321754867035037,-0.26014878970743932,0.092939144267283183,1.038593197223906,-0.47174348690321877,0.16218356574783444,-0.89511165418983329,0.53495480846796983,0.38416483489187453,-1.8277231823907676,1.2375449707799375,-2.4528618993314564,1.8366606575799849,-1.6934230581794862,-1.4451272887762154,1.3890316964508691,0.83811732939091033,0.60499349886834397,1.5599833468593527,-1.193296294797731,0.12386156782470917,-1.5563916683693511,0.40929169811069938,0.76027253999108169,-0.068426150058225776,1.2582362193299537,-0.74276783879119568,1
-0.15334088674673882,-0.29060695969330863,-0.51738274488553981,0.54200067850734912,0.54818857559508016,-1.7308705838452485,0.58228812128607876,-1.0944091241696192,0.42067781409913363,1.4203912710691822,-0.14493016013146584,0.10433607200364292,-2.2199392165943541,0.43739640695462539,-1.8763133335563018,1.3529078571123538,0.13388622344651294,-1.1603018628458484,1.9718644549377533,1.3559168491871718,0.58662221079323029,-1.0502658315991023,-0.3859028740330665,-0.78858651812343694,-1.3563743751706585,0.89465780997505251,2.6981010006541597,0.27921796863534415,1.4732848100561518,-0.262172360698464,3
-0.36828261581306104,0.77724276343004495,0.41490325004354894,1.4875382726012911,-0.073132348280870868,1.2158286312888005,0.42052361286518636,-2.4956326932549784,-1.7174057828103735,0.66475539061996169,0.19401595136805741,-1.4272612400497386,-0.62606475695027664,0.24829097227463148,-0.025594441742081135,-0.21495144531260035,0.88608124036023406,1.1897169091993709,-0.082951179416347484,0.24804276733426642,-0.7665596700559717,-0.065595866764653551,0.039100144903341558,-1.5004338127984749,2.135380735954032,0.49932935134821194,0.93181040515538893,2.1768694881431863,-0.087117163997113944,-0.88418619049259217,2
1.4853553769451147,-1.632212146226756,0.55340458160742956,-0.95584510115974874,-0.44013677270530616,-1.7055136794156014,1.4864965175107898,0.47577635648690592,-0.99694649063038887,-0.8167404682653947,-0.14941161642533238,-1.0985614609634318,0.37731231059850062,0.85886643232761872,0.94676612945222016,-0.28313405638224393,0.92084283294527414,-1.1479094803278735,0.10289428195223611,-0.19743774789943858,-1.7403363278240696,2.544942827688748,-1.1565258745044098,1.7412361090148749,-0.79172688320490836,0.51750724048942054,-0.38901455272077717,-0.33364572598478281,-1.8451083908627135,-1.3318172954865708,1
0.83384250697273776,0.009916942836447111,-0.35345517500414758,0.34951318382100333,-0.35791361700531793,0.95399289952466715,-0.58773114924898617,0.15353683816465657,-1.8418633793853643,-0.026870673797615964,-1.3194443988791598,0.16856064115335131,1.7919347650065458,-1.2309093189258744,2.0697528716265063,0.8974495627281498,-0.2735753816664967,1.385977984614394,-0.23224365789855156,0.99037425727613426,-0.01808338341021936,0.46536244968669449,1.6341087672485761,-1.2171978111420858,0.39924671783594329,0.21704339574590975,0.0074371545615387587,-0.56022706231383956,0.84654784989584153,-0.72127025680600476,2
-0.69432654351616674,-0.73746116248134408,0.81997472720901099,-0.68570939468670855,-0.54576748442969569,0.73310189488991007,0.85777306738797243,-0.003807908019128755,-0.88770010178273173,-0.40874884602908518,-0.50357722605900057,-0.82725836071444137,-0.41600255518217572,-2.4799759207066554,-1.0325902051173332,-1.1392091881289375,-2.2411101824231396,-1.5994662961674344,1.8229648827689826,2.3907894531786176,-0.2598048849226155,1.5510550696059233,0.3259109447345343,-1.7346679404023342,-0.23923973135271415,-1.1018604166613784,0.10270788068491819,-1.1853487801051437,1.3687968657654968,-0.77389244292406756,2
0.076504430754194983,1.4855996071396829,-1.4707036934731204,-1.3480888911839017,0.47470571882430973,-1.6023860402455004,0.0032927758812656737,-0.38079309294427038,-0.19944029302892935,-0.29985852236362392,0.069352609238650234,0.49938988865929085,2.1203026650157311,-1.4220903768712061,-0.27170793487885958,0.23793976682069665,0.69828129220706336,1.1464643036054674,0.86218307479181944,0.10236675470524779,-1.2997476477302881,-1.0636821916766612,1.1520544671121267,-0.15757972034568238,0.123940106473092,-0.24579296296678482,0.96944727142828502,-1.2124934605805169,-1.7126078394774482,1.1925743486062514,2
0.83753646186167741,-0.14642018974528437,-0.53568290414552844,-0.78731924311976476,1.153553244096124,0.36856777789500589,-1.2998191219364805,0.17903054718526387,0.33965184751857758,-1.1453415423887328,-0.59108133869449775,-2.6646440030777714,1.0061773027780105,-1.653648863509092,0.20802267659727855,0.35254275453622264,0.89921389270072294,-1.1229018240461561,-1.4820661556566888,0.71168813588235857,-1.2041834683387498,0.39102895487568468,-0.660705146814352,-1.102661976708281,-0.30114575618206657,0.43344171267370135,-0.38983485641116161,2.7742944214316521,2.2626511903241919,-0.57522768625605536,3
-0.9591166796919095,1.5501452729069596,1.2525737084032411,-2.07374059456198,-0.42189115230644308,0.96884993900951066,-2.1258858538831626,-1.2029386111333782,0.82372313994023982,0.93036066387409166,0.5793598127491778,0.92726188045761038,0.64363508811442049,-0.2218119946308782,0.85969330859935233,1.6065572893744244,-1.7608689731590697,-0.28477765389632542,1.1055717484144774,-1.5399700718074563,-0.28553258477398918,-0.5012275887167188,0.10343051405699705,0.9143623043902086,-2.5863554011888334,-0.65516315841369821,0.66078562815033381,0.57338380835701364,0.73549533357172281,-0.19286032015557311,3
1.2454424516182263,0.2053818518755883,0.63143865505299868,-0.46576435209039041,-0.068753063832081351,0.47920096668778134,-1.8532738947201743,-0.76804709589893017,1.0299655573386337,0.39938147502968302,1.2519408108849999,0.2871078188242272,0.6867683981550684,0.029823500114733951,1.0369575663417376,-0.92852861202301806,-0.18776074164722675,0.17900636630875735,0.23138573324458891,-0.12897309483933359,0.43048613555431625,-0.9634178527745948,0.55028506175653613,0.75053804756824016,0.17616376126556499,0.92710579011275718,-0.75861556191834023,-0.29057657477767113,0.90488162280367945,-0.073440150124867029,1
-0.22310283115101567,0.51313513219834939,0.99002120735004173,0.75156557024601822,-0.61666199818816514,0.22600676868740277,-2.6584545166936415,-2.1034392464826928,0.20512307842054581,-0.36371228317931342,-0.59794922297557973,-0.28310601862805368,-0.36725943454232002,0.031759684045457925,0.43298794678998487,-0.65455730274341062,-1.9947576743168798,-0.85410856875707175,0.49663180857028505,-1.6609450088176583,-0.22575049538322034,0.40721941693712599,-0.34879200177159181,0.75189281217099935,0.038956075911275867,-1.1844727072087118,-0.014213998441794377,-0.63563251576623858,0.99061258912235473,-0.12676526679370087,3
-0.19786174998108647,-1.027467591861617,0.32092272673919581,-1.2174050906705085,2.3759093134600309,-0.21923578740986974,0.25210797134249546,0.010416604530397935,-0.36410766857593846,-0.18311866993294151,-1.6642033518466843,-0.35683525010479727,-0.13664823492500644,-0.2668754662887462,0.63026926743382794,0.7484162328756867,0.12592448340883136,-0.67636039529172354,0.08943519245561854,0.63970420410467876,0.15544210286277893,-0.60837347290923283,-0.011321891686404972,-0.36879516837018889,-0.13247303509887071,-0.37222099320369761,0.92087710301159631,-2.0650508898068893,-0.73139773071485215,0.26010941485544242,1
1.2984400727220706,-0.16146385404942407,0.23837084046848211,-0.48011659119826533,-1.2718346789097925,0.72906468111121758,2.4143845284636192,-0.336106802886593,-1.3119705972686517,0.57239669720619413,1.0622898877192821,1.8238175823826013,-0.23370033227035253,-1.6612134228799296,-0.80100834265254994,-2.2396033810283464,0.53898073597109342,-0.62361496951890216,0.4457001565514766,-0.41046020152700013,1.0294962198126878,0.44353973491094451,0.54676544825644879,0.31491573889000457,-0.56446869172070713,1.4255868298907572,-1.0283939917733882,-1.86099802108599,-0.8061632773067644,-0.39673554464455696,1
2.1636928802310025,0.57000072102049038,-0.79589451318792959,0.56183577555138542,-0.79722640077148643,1.8701729966905616,-0.090933394663792508,-0.89784806081589985,0.40481217178733137,-0.037154579468978419,-1.975414720432775,-0.24840357183692269,0.62914311003499224,1.1723116012124344,0.29489682874935902,0.63460864446171805,-0.41819338712252591,-0.28244036900657449,-0.2400734811873223,-0.68589959313149151,-0.11991135927193207,-0.67398800467975162,0.032310201184299697,-0.25933532713443974,2.5066736933098164,-0.18936777731379045,0.78434526365748924,2.1909278860187671,0.61179766055051332,-0.34007736792353094,3
-1.6988924033396728,-1.2139177907777203,-0.82576037479792841,2.5302518727679346,-1.8953331407098686,0.89092014445490053,-1.9661750357220211,1.161833788537536,-0.65531213432450119,0.7193348075588013,-0.59099667405991918,0.15004962950208547,0.41732176651470781,0.62494477477641963,-1.2583697589274565,-0.31823316340242425,-0.28182662771697298,-0.66518725166355885,0.44620566199390477,-1.239658305483226,0.65554795439472469,-0.98586581206995905,-0.43999395271268454,-1.3623724962618227,-1.3086811793052193,-0.04912825054822003,-0.32744693385107893,0.34684856117510765,-0.8813530163431551,2.7784900160549757,3
-0.061363149163281096,0.27486100838449451,0.72384392502479111,-0.65226215667178533,-0.28079117757935079,-0.99617661539576052,-0.58854810556634884,1.2800574812101264,1.185701689065898,-1.1239419543304729,0.33542328961420687,-0.067994851837432785,0.4231213379377905,-0.19126508522747604,-0.29111484025655138,-0.87631706195081038,1.3742411005035158,-0.15017904145442704,-0.56219273555414395,-0.52662267948968133,0.48546101562474969,-1.8933890747704976,0.086782543778853208,1.2811191703662028,0.50018027790648545,-1.4479675566198407,-0.88046467848207022,0.035226779667050227,0.27036170687556554,1.5038243158183835,3
1.3888040109566318,0.060695009841691128,-1.7456248637728871,0.78780791244347859,-0.66889474026475049,-0.32331404462400443,0.66799614170494304,-0.40625323335012481,1.3873516305639548,-1.5964498175769299,-1.8998024623064753,0.23002735839927399,1.8341957788125587,1.1289291389417795,0.42902960472980084,-0.80351829376334327,-0.87860527926218512,-2.3947568522633378,0.23069309559537107,-0.49233882743136725,-1.0619369505312881,2.0866252633413249,1.0666379034711564,0.88800322207094218,0.6019362673195412,-0.11074591063323981,0.36049334080151357,-0.16126090218130851,-0.18724558593855886,0.68655280351082859,3
1.2496922622528093,0.84334014920220435,1.4801491200802226,-1.0100634854756285,-0.96118153706059084,0.11777955294231549,-0.57161013264222127,0.27587226467054315,-0.45314882165914544,1.8052766197059056,-1.1546040478233028,-0.89296369803205466,0.12983149979761402,-0.43088720940339315,1.7940632876293294,1.8808851373083584,-0.26454222845364989,0.32517157558490156,1.4502348507271292,-1.7366368383739874,-2.3829260491502295,0.71466699174278003,-0.16209351671376515,-0.19738715441820603,0.56451981564218001,0.23803011361848186,0.59533454612059944,1.7794925421719363,0.23781327409234068,-0.36952043548018065,1
-2.1097694601374979,-0.13412167902080258,-0.40541587661219614,-2.3453823795970261,-0.14601748770989156,2.2015544733810795,-1.9791388905589304,-0.54459893686271765,-1.4764121927964386,0.32546199333942122,0.0065419096540056277,-0.56757105699049526,-0.79585274799353578,-0.0014638379702237474,0.37291927929686847,-0.93380388477447507,-0.55745965261369745,0.72758744046456136,-0.63909996996180296,-1.4526316752645752,-0.59841216371884642,0.77985290518053407,-0.10392054782477311,-0.853133247461485,0.1423942872830464,0.17472598291505659,-1.3783234731986147,1.0420252766777085,0.23354333116002093,-0.20977247496739063,1
0.63767717972156035,1.8417224642322654,-0.17033843996366285,-2.0577292973678261,-0.10420648478436378,2.0550467284736236,0.80740663050772277,-0.54786890415583211,-1.0515028227348868,0.23930473938600372,-1.1568291795611192,-0.00060315244271193235,2.202500417200671,1.0430862564445416,-0.12983271502132365,0.1867278878585531,0.54685069222393468,1.5753469234597899,0.68022489171733103,0.528320027822339,-0.82500089847328439,-1.0209441744081198,1.3942784781100228,-0.25050764362895822,0.95305143842575224,-0.91525927851716815,-0.73843061973672097,0.085756913537061677,0.30832452232335339,0.44849074966828978,2
1.8042327419826816,1.3785303642744935,-0.15311390344532416,1.370279472204649,0.076627241323491926,0.23621459530918643,0.57488317142418122,-0.44535727079570936,1.3053256396945263,0.067633183217009424,-1.9446892055191682,-0.34436849623486782,-1.1597187820032813,0.25520728097870565,0.37128129680576044,-0.52003895598468275,-0.86998142809307688,0.78475002743907007,-1.0252980564474068,0.83952862235640635,0.60164328338713657,-1.4632450319905912,-0.48607885653214689,-1.5566858196180366,2.0278662633870188,-0.1275272043178578,-0.96750378004524373,1.6980517840831066,-1.0438934182261463,0.69469482281134443,3
-1.9560833066157759,0.044648123434429317,-0.63077233689175327,-2.1180653382541559,0.10184829105243744,-0.20070268135365402,0.944426286823279,1.7998738645151695,-1.3881155608281057,0.29555193119440371,-1.0825557049240073,1.4998740557129586,-0.76397354654077698,0.51972329799168504,-0.88741901404062862,-0.032048628530012148,-0.038431357373756574,-0.42137494735341197,2.616485267734991,1.4492590459251056,0.62818140288320479,-0.79363944280232424,-0.58810219895965554,-0.25180541634742953,-0.012040816431763465,1.816081084960915,0.77247647763126215,0.88543263096917657,-1.7767718787549185,-0.13120973504042138,1
1.2372512018737665,0.34527952085888619,-0.059797531045269407,-0.0064582162112732438,-1.2610613814824947,-0.27942971681250039,0.24281266327600345,-0.097530134093786122,0.46912943301489385,0.94013825490090386,0.053056307383068352,2.0289593000659019,-0.24396586427213321,1.5076420757973124,-1.1697035181374347,-1.2566815996651377,0.5185562615698629,0.22540207085638053,-0.10345595629490477,-0.60317647287134768,0.65713698525503017,-1.5814964427825136,-1.2350110493620237,-1.9155085121351458,-0.72536578693300924,0.56769562039667143,0.18068140071467684,0.61016813735403685,-0.74940974047614395,0.16676461807267215,3
0.67426767503119112,-0.65100363756615942,-0.84156328872488628,0.13829235279726018,0.26672480228523865,-0.15054556498006957,1.901880648641737,0.87062809188199952,1.4108064067302488,-0.066050323214054019,0.77839600997513214,0.19803629018819885,0.0061065987728465953,0.28896429057153328,-1.019408348669528,-0.55267725558635938,-0.0091983270030795549,0.88796231866945485,-0.9726186047560802,1.2083532656887521,-1.7733285669270398,0.49638555030763742,0.40079982725198099,1.1872011929048978,-1.1702940560402086,0.34921816007769713,-1.9471699777341458,0.15290437094743309,-0.075052440022234115,-0.5269256516541253,3
0.48206574288276893,-0.3681631329461153,0.80010667745526198,0.088252080308269337,0.1202265469323562,-2.3377463994173753,0.40290120415940262,0.70579401974359357,0.14478166530682959,-0.27805885844151224,-1.9254331713082609,-1.773083437374825,0.26096096889622905,-0.044784677159190371,-0.1160381034804826,0.86323482843351307,1.3098410791386657,0.19768014761734948,1.8130001071724602,0.36507904231659061,0.64093345225276377,-0.029374916742229227,0.79474861012015552,-0.92257358803599443,0.73107494260426908,0.83639711304252262,0.73995628056933982,-0.79257700436081646,-0.17153065962772129,-1.0170949431290723,3
1.6174476678057894,0.82413532734943562,0.73896151628753259,-0.13701053509676425,0.90236456505751916,1.1913096554524283,-0.044281955533047077,1.3228458124818794,1.2531688287364517,-1.2390833052111123,1.5763557660988512,0.59381755158953586,0.09858073215274224,0.73137518107094024,-0.12260973346393063,-0.41567144671924466,0.50255421744054352,-0.086477665948225868,0.56239904187786127,0.46822199306966095,-0.54358476762243135,-1.2261953766803328,0.043087684759451426,-0.33077005081421446,-0.84072150679128455,0.27736562503110618,2.11329972239368,0.94421673891041602,0.38268260206835752,1.2530994262155204,1
0.38233665852508886,0.14414845221449152,-0.39002640085365337,0.13595228655681355,0.84175881216169157,-1.3192909361735439,-0.41530139856479492,0.0064482191498605743,-0.04249939617903338,0.60383171392748713,-0.39088584340777749,-1.093273236199602,-0.56343136263958693,-0.21025644500645171,1.8676844834095041,1.9544487281820124,-0.83586126309040676,0.43888497285411238,1.9388811154092604,0.49817115232230857,-0.73351106460740134,1.0464512088311226,0.67566451505984493,-2.0564243188915112,-1.4512800813137836,1.4342036339719064,-1.1063180522396525,0.65409645566001262,-1.5773660299195615,0.484930528595023,3
-0.64319462301668739,-1.7937876679300608,-0.30863546450198553,0.067590739434972735,1.1335213266733981,-1.5117218817939553,-0.67786824812393442,-0.2470285658424623,0.88321480744591663,1.3408317550986695,-0.17325191488917582,-0.34891925493157816,-0.44059099442609656,0.8893896173851944,-0.33648964180679403,0.90272722506225189,0.14352478040621164,-0.13205790438745846,-0.43668766993769381,-0.88936996546618996,-0.10135631568560585,-1.1202917981263019,-1.4314922085957229,-1.1356738049504385,-0.56052294914034795,0.25549033740213833,1.4474522562792915,-0.8324352660575346,-2.3651909553102493,-1.2068216199580135,2
0.45829075154637972,-1.6473010693801327,-0.50087086795494762,-0.066651533919389175,-0.88440278944819128,-2.4698143861100132,-0.25345786116952745,0.3466551949807215,-0.56616682007968611,0.25471099071769743,-0.70181596841116056,-0.11488327404940629,0.10410035029397877,-0.38939461082193144,0.15310925380541163,0.98496930654785486,-0.65478025228603609,1.3016519112103035,-0.68822380163107522,-1.8086595087167001,0.10072176583851954,2.4364971146073642,-0.76135883966094953,-0.016212559106780766,1.4326500658946333,1.1611920859145763,1.1444053844372017,0.64535430196364085,0.17213447888987449,-0.61558176594674485,2
-2.1371112942381774,0.98018363441565692,0.45607899783712086,-1.8449800434524888,-0.020610286843650998,0.88250887420859259,0.30915997449583721,0.37052903111886121,0.063650671994428906,1.2998866631184889,-0.39669534430358211,1.4376983882210854,-0.0046055062656006392,0.39000728380812122,-0.34072063542901521,0.59583858959866653,0.38196501531295074,-2.5575446684270164,-0.17437754856926094,-1.5224917294151346,-1.3253987503736397,-1.2502278198063195,-0.39382222239966841,0.90300127935356722,1.7070774332645922,0.97843021189038804,0.33873756386923148,0.28976949481746372,-0.11866921619399401,1.6802799584390959,2
-0.54331404556017915,-1.3323145175983022,1.4697836636467911,0.39761145661661201,-1.071671167926038,1.2849399516298001,0.39357543011961815,0.76517826811634915,0.039017045945169269,0.43098908104192402,-0.99985372225748259,-0.16668766187747133,-0.62501099136847493,1.0049186119875968,1.8870578056612755,-1.9170643731886841,-0.10645770223267761,-1.3135498155755605,0.44691982306337974,1.5626790213944264,0.55811730385293101,-0.44667144708053202,1.1623914318027142,-0.13644583652263351,-0.32419477202204705,1.6348820706532843,-0.37982735539510964,1.1910930035493872,0.19708652043391478,-0.21202538416642644,1
-1.2574854421032073,-1.1821779775348689,1.6134737716658583,0.48139457930280394,-0.77932713553502153,0.79892083867922237,0.63659280493459636,-0.19663083666699296,-0.66639334460120292,-0.3857636799186363,1.6279056253478648,0.65885277951661192,0.27501932958035252,0.11323149100099643,0.6093953805257909,-1.3372929379089908,1.1155481684468305,-0.44032422088542122,1.7346378166374281,0.68948859598470236,-0.18818341270148134,0.61539003000497694,0.35239732939029728,1.5468721564696499,-0.098191470883254778,-0.44404244137630799,2.1912913474932605,0.79534088334774555,-1.5482857009667834,-1.324389992730806,1
-0.70890909825334247,-0.33235414352443926,-0.50786658297251042,0.80543288838350502,-0.20221424905030136,0.8223829958076021,-1.217294090698906,-0.61006067103963513,1.7676010188604505,1.818725484993543,-0.61965544478866152,-0.60529462358424824,-0.45882251686044168,1.7366932001853346,1.3498850350334257,-1.3862692523450895,1.5302593231654598,0.80542760722857842,0.17408702958015951,0.15903549669581796,-0.52264639075759523,0.42230305655933686,0.37985562814852891,-1.35377659213057,-1.4797865810557023,-1.2146764342576342,-1.2077975366579288,1.8672814901354904,-1.5699364399564868,1.4846373138543907,3
0.61367245735064035,-1.360995049968778,-0.22012315063968443,-0.89681717425696195,-1.2552143876331427,0.092455316060641557,0.73333302650032806,0.12916334633385218,-1.3402349637681747,0.11570376944939276,-2.3057452846004249,0.42012693189083145,-0.49768030328403118,1.0065164673584455,0.33241139885000803,-0.071778703646633094,-1.1485836408581083,1.3219045746311522,0.26192992498281836,-0.61633289282119852,-0.43038382790979918,-1.246271911479689,-0.50940358198705316,-0.01272763628954038,-0.80496064676056689,-1.7739603813229816,-0.082062550658991942,-0.21993656736354825,1.0252734470836271,0.42533362895275284,1
0.81066890827151494,0.051162824072198354,0.41961048230475767,1.0420344201889697,2.722474874899012,1.1603323162465524,1.504187978088334,-2.1264522135653157,-1.8712475197223946,1.1347208431032891,0.7176957164234371,2.0650006274907917,0.56870908240284868,0.54179541791303865,0.31102875704726402,1.0435624256991978,0.155724353998793,0.24758065794329231,-1.0032448704257673,0.083714225018033633,-1.5892701539416116,-1.1558762571585168,0.69875872415924256,-0.74312207327470958,0.38251526458318486,1.2418392035335293,0.43216751916582902,1.0942783626558705,-0.62451621573354388,-0.15682527269849614,2
-0.45943624427025315,-1.2775086598051171,2.3163736674190951,-0.85954632054874269,0.75706356505845407,0.27299627135283694,1.8142969831620708,-2.0517704557353271,0.47609655921766419,-0.13634256758049582,-0.045294601750668038,-1.1524251420187499,0.14488309703368837,-1.1702504429871383,-0.8332454209242105,0.32860759212769913,0.40419141457635099,-0.7814770966585185,-0.8863534321019706,0.45051586377073061,0.06351308104759687,-0.90341862422659092,0.29431702638800339,-0.22965447698225033,0.13303482099549985,0.043871453592296147,-1.1995121813824647,-1.6202566428240996,-2.0498963095354656,-1.3018337449905675,1
-0.93170015791456073,-0.54781332324772736,1.0507632682031878,-0.97594320279705637,-2.3219476494051294,0.55862802984521154,1.0969434333906474,0.14821559936454881,0.56745004368185337,-0.68495100680934795,-1.4377906768861253,-2.1569038764851531,0.72811289465757112,-1.6184174040643573,-0.2397679700481922,1.7593193879945399,2.4926910708449541,1.1150781894817505,0.050369270223185145,-1.9582293061048952,0.071065023972931907,0.55283301927758288,-0.38328170807005407,0.35079488950103721,1.2494490979313564,-0.99795914302426392,-0.24311495241890663,1.896920553965771,0.50180323427896822,-1.1579549579332076,1
-1.3060284711417633,1.5677268962382931,0.9562891604970355,0.19979447365234226,0.95792137866684302,0.24093524452635501,0.35444662004642319,-0.25341376197170556,-0.53916402025853771,-0.30552209379273754,-0.041839328295235845,-2.2049609470028142,-0.6104958373761521,0.12535016424670273,1.2666004679212568,-0.77027789906572142,-1.3133420211233526,0.60301843040103931,0.14052763084929432,-0.8162164310933393,-0.88887365926395623,1.2092683977199203,-0.96045838450563636,-0.68161903460466988,0.0062574490329904923,-1.3180608370678126,-0.73139475263619291,-0.28855198745198518,0.15793639006536278,-0.18414304027009826,3
-1.4471489172718701,-0.017466694779621775,-0.11893294998983586,1.2347801443187389,-1.6455544347369973,-0.54347012210548995,0.39954147029489701,0.099422095973272215,0.63621730450191194,-2.009172441546637,1.521466851880608,0.1795371793842504,-1.0522531696899995,2.4078598745884725,0.30023525163994197,0.50608513833057478,-0.29765215483257634,0.76942809451054883,2.0210770537280922,-1.7532264698003881,0.92538903399925687,-0.5968752893703706,-1.8930419693943978,1.0831828687690317,-0.049396080876107647,-0.49334286786171766,1.1625399357512933,0.25000846538874472,-0.58912466691260368,0.073404682666944263,3
0.84772305435103978,0.50028501834976269,0.42246501381754659,-1.0190837328879971,0.83434488646397509,1.0183249226412834,2.3657428413297352,1.2670815385805243,-0.27099595402737936,1.3782529451741852,0.37937520600891739,0.25062674725893147,0.97157582771315709,-0.81728672958228976,0.68837812941136933,-0.39412599718407887,-0.66012485963956091,-0.36657822503808984,-0.83204521960333089,1.2477976294865476,-1.8266054328744106,-1.3132917923447829,0.31464045291408166,-0.011251589961031911,0.39140161145501212,-0.59185556169417863,0.38702398615980782,-0.27058190472467358,1.8019020707518261,1.0701512363156995,2
0.16305809111011033,-0.019811681961042427,-0.63680170124123114,-0.73651241859930516,-0.91884675853162334,0.047107287970809174,-0.3579966808683846,1.2871363070338127,-0.35471826902848702,-0.52025717257456461,0.80335709445341896,0.40923820550010126,2.3392855702097952,-1.3393323929208873,0.31118023337511719,1.5540725604895835,1.2065634920466473,0.78310593027382358,0.027445996204601419,0.78548885378232192,1.2364722061607507,-0.64174407369091846,-0.60781075693616127,0.23801137003975395,1.429636920569042,0.93270623820461784,-2.269853681174399,-1.2177833934884732,-0.25361877054743176,0.73956487979772378,2
-0.7830011734883805,-1.6243149466431421,0.6134953467831723,-0.37391455665784801,0.0411929638407664,-2.5414548941601196,-0.60462489801934827,-0.59516677862841627,-1.6498687280673074,0.54404337658594393,0.13086774622678751,-1.5666848674307186,1.0170409939658243,-0.34519952072731341,1.0664531508042343,1.369576058302979,-0.067286972606625597,0.37295300749102189,0.43388069896649323,-0.27837939534605194,-0.077155134693770472,1.8392859717309884,1.6428374347194208,0.37359213667838775,-1.0051657345351079,0.29816190530780895,-1.8412569472633773,0.75124480082849832,1.685238787509338,1.7406444592681973,2
-0.573223949762804,-0.48495482552163394,-2.2545249378586463,-0.23459576431754445,-0.38907141857727717,0.48050364248816346,-2.4016307809538073,0.38123961643678772,-1.8851213525929409,-0.46505327423265225,0.77954572885197415,-1.0824436704086557,-0.76365269166516858,0.41842253798022427,-0.977139288727087,-0.85265987759385287,-1.0460094527935453,-0.44772392537089734,-0.77429759433322909,0.3522903592416749,-0.45050103201344921,-0.49563690900543678,0.84996102889173542,-0.0043273083908284904,-0.11971045696627984,0.23940562954346192,-0.6499478106103449,0.76423191010684599,-0.866465722696251,-1.6290009389030771,2
-0.085401549449887662,-0.46475443775500719,-1.6328662837536141,0.93401529497385105,-0.45189561020029934,1.0902592950921179,0.52552771278867538,0.96154997871810766,-0.79539661336834644,-2.264067132180172,1.9300106017567666,0.18637070253592988,-0.20491715518238021,0.2681156518718516,1.5535654838847881,0.11136643946565548,1.1349739706865336,0.76494938210255092,-2.0441045569621608,0.52382847723727999,-0.75600072934759277,0.13689436778445196,-0.49469952209856632,-0.39835603585348994,-0.67029154807847713,-0.77240802820982069,-0.57678810533063696,-0.66670736296319577,-1.7308502458476249,0.7734554871090451,2
1.6859535045808212,-0.54270301027070533,-0.234901096281938,-0.34721864618386089,-0.7343695730659876,-0.35215868952552271,0.65954223146522706,0.47104661591603791,0.22971133600618607,0.47915215684449813,0.46528642582029062,-0.41392415358849138,1.6240623471652063,1.129380460227438,-0.83425326569478198,1.1353567053093703,0.490056306601239,-0.90334546794790405,-0.44002901624260765,3.2064154685964001,0.14692309074247639,3.1414971100717199,-0.89680096177000967,0.59022750799212298,0.65241397019610559,-0.69548538006379046,-1.0286665238609338,-0.0044537196101422762,-1.0964406519641863,-0.030605385802710664,1
-0.53984500990548767,-0.64903214471494186,0.76951642462147429,-0.14328762524020061,0.12235545975565566,0.87256103992932776,1.453458135219879,-0.92857027286610816,-0.10392662129914337,0.6010679948768477,0.025666454298069869,0.59343415539261823,0.36750129652150465,0.41227605884878893,-2.1794845481016853,0.589479061189217,-0.58948059064882474,1.9438781083463608,0.44725650811758461,0.74453599804921855,0.72087039732132907,-0.72666377462442777,0.21350169043800538,-0.97275585941050924,0.49521126139411714,0.26316221397538336,-0.60455940964060517,-0.23997356014938637,0.67401719255933745,0.93263920585070947,2
-0.18253376558051801,0.069864470802600262,0.82899284695883868,1.016913061510335,-0.80928308732447973,-0.65046706076594785,-1.1698686664558442,-0.47631178193186652,-0.13428913744136456,0.82667458892219625,1.8504634832778393,1.095747809227092,-0.059242346809323179,0.56280136136223446,-0.19985438910643455,-0.56858335963704887,-0.52349507048096022,3.3883405331164185,-1.150243736570316,-0.39603635199346821,-1.9633902816823285,0.33074444352265536,-1.2096282724648912,-2.3258452883904539,0.72969775654538327,1.5798346824692759,-0.78323884820664058,-1.0350832723604404,0.70926909884224265,2.2522871179033812,1
-0.12205082546519032,0.29499255623625203,1.2785569720063743,-1.7008781953350585,-0.52580311833729032,0.12740297205563417,2.3108421248916455,-0.28476544406574072,0.10511893875157204,-0.87369098021573111,-0.12888323187727191,-3.7375619809322007,0.12145163112751477,0.45055112004437581,0.75420796272652368,0.45138914945957553,-0.10042895168622767,-0.96825686289959034,-0.70181879702423489,0.41058366517568962,0.26430092595781263,1.9723143453792966,0.85783194334123936,-0.50785954989457482,1.1221380804010044,-0.9660982013373538,-0.15102762838142711,0.81303454374611817,-1.215919563478026,-0.17519265850015506,1
1.7052587885485471,-3.4323049175699185,0.82489034680855455,-0.47343008038347789,0.00043677522419031381,-0.4147190943695066,-1.9090453609946805,-0.96078735105245838,-1.8402238103766964,-1.1330166139212532,0.19984599491013852,-0.65202999764780756,0.34289895093733436,-1.310436125228742,-0.59943557519132706,-0.51476340225323969,0.88300013093027985,0.12451571816474827,-0.24885441752424142,0.27354575265693615,1.0722246256666945,0.9565402175130312,-2.2754954680713926,-1.428959915876314,-0.9822523649721242,-0.35140996469042118,-0.80972806471725278,0.49999568236018854,-0.22467356596354576,1.0477644164104036,1
-0.68847443411879272,0.75001596212415655,0.033462405714654385,0.15334487935279245,0.72926732892569102,-0.0077257697101214429,1.2051182623426338,-0.69595708191543915,1.3420588136604266,1.3861540095407712,-1.0470097318546874,-0.76701310256024824,-1.8395273277505484,1.4528048630400736,-0.20812838977034925,-1.2932541111095912,-0.36970990706132922,-0.13986900037987599,1.5300464966762779,0.72632683240544815,0.78974352288193816,-0.092822895560202928,-1.3180315332953401,-0.86213310804854359,0.22639520578647845,0.57617585209465949,-0.75772665540187589,-2.6950670583091241,0.427636697382419,0.81053141832433451,3
0.48614118877902229,0.21592585215707213,-0.70964554547488956,-0.31336714703467256,-0.87835702289826734,0.35699811159483869,0.69847082479470846,1.2440337438947604,0.016507065312733552,-0.78296151955668436,1.0109235625040469,-0.75994628252624175,-0.33276697007141637,1.326503145047218,-0.085490124759273423,0.59565067328191512,0.67460650799733168,-2.2979915942757083,-2.0639094829470666,-1.5221053200450927,-0.13908574614592886,0.28170054218259211,-1.4875528948571284,-1.652725811917414,-1.4784612406096096,1.6960416275061008,1.1908867773352851,-0.35825266095925506,1.6112945332012603,-0.95420823023372425,1
1.3778944666892563,0.61402981339062346,-0.46777686042301131,1.7230576932239834,-0.92731319997386363,0.13692169325216766,0.16884569617819542,-0.55098207039986646,-0.07006095561696575,-0.68505837108510592,0.51031077221799015,-0.50345855959591534,-0.20797793994762859,0.18804385603979906,0.88855523307534046,-0.16586155277074138,0.32204064935908083,-1.5372687485647629,-1.3284857531521173,1.9243839424960927,-0.95684850035547797,-0.4989586098589387,2.1920004138522815,1.0586458596569854,0.70290918118786494,0.025827343484505726,-0.98851279381526047,-1.423330731971951,-0.3447343283538481,0.7284499702357532,3
0.086278171098799122,-0.39802158212446476,1.250962972398302,0.20442321371279742,-0.45138193175196151,2.5460319764710824,-1.3538912471507407,-0.28452404461515918,-1.5318952882037151,-0.40102146292981455,-0.96487600818887631,1.846225085502162,-2.4602761037305312,-0.80798972735693997,-1.0371535792748845,-0.9899983415022382,-0.046196883561979547,0.80183737690126577,1.0461554955509991,0.23153553369086718,0.55198401379309336,-0.69378256607314448,0.044181488165813868,-0.52684596413603946,-0.36367185243378164,1.7289530794013179,-1.2121857882514093,-0.56500626279107979,-0.66478073775209268,0.96924987784348093,1
-0.39154886269758055,-0.48433817795067524,0.45436982924231006,0.66714694132722441,-1.8267682539692487,-0.32012088600685507,-1.9187699873973074,-0.13966554290059793,-1.8085169930750911,-0.054626173541302787,0.41789161655328649,-0.60616135149803818,0.27664794103454632,0.77930901870647251,0.87767543954383531,-0.21663873901225655,0.52819813801082538,-1.2278349259723034,-0.40590504535714628,0.1102322813752025,-0.87410490296544807,2.5778823224872749,0.52934530440675509,0.44643482291396419,-1.2459312228522239,-0.71669081637588639,0.76776533343487108,-0.13390014052744623,-0.52476131962383488,-0.68104660753737156,1
-0.25107251005421105,1.1031240901343258,-0.66870220228819599,0.74572201184967146,-1.3950676602936745,0.53171479318183068,0.14310902129702607,-0.7750268035519694,0.16576528629314763,0.60855337552995392,0.50715942345373954,1.5963720379684234,-0.55059846667847678,-1.6493962554101509,-1.1088391985505426,-0.39330315472845051,0.5072879530316573,-0.14935063323730058,-0.5508669537798957,0.064566850387611896,-0.69029652232427896,0.39269763415446518,-1.4721074630875373,-0.48539963372802125,0.85570106481229902,0.83364567174763138,1.6179310031726708,-0.23305958444529207,0.80250936667623562,-0.15551323607768891,3
1.6781756174235227,2.7425237603033756,-1.3608169350952621,1.2894874299678056,1.268130943746657,0.2854700507420036,0.28776693388918823,0.59167724046218184,-0.010446390131633822,-0.93501580920131766,0.86824847995786869,-0.58504699965377238,-0.44860211524392879,0.42161890697153392,-1.1481193987846032,-1.3828405128260488,0.96591308278495003,-2.9880749031626177,-0.56485527329940521,0.71559385780279661,-2.6132135490813964,-0.68679101811713172,0.4797904805326238,-0.53180787142641617,0.3158296365768995,1.7552278107081656,-1.1259042904684244,1.7776374061249518,1.3649795563836147,-0.22508602522163798,3
-0.096906577694922669,-0.033579463838951933,-0.74552701584581837,-0.97727449862738769,-1.4421525974194811,-0.45569060099880637,0.25291173864362265,-0.31244010990286769,1.8005963955921815,1.1770565081074724,0.1476575450979509,-0.41759410602503089,-1.7556921233421903,-0.77205725565263084,-0.12733101116469056,0.25457419504386652,-0.032541076317810433,-0.03044303286982649,0.28111146025683509,1.7067909625064717,-1.0602671389357325,-0.26362144482750971,1.0476744315246764,1.6382498258719735,0.47704351017540686,-0.86138040344039279,1.3482098277235612,1.3121318480898108,1.0127149030943861,0.65151164146396368,3
1.2175452470929831,0.3838962582412056,-2.1024928227159148,-0.89951721815663366,-0.2479776838253592,0.78909968343310499,0.8152288494365586,0.73952682855322882,0.29920013153208996,2.5399899255582676,0.97975910719939074,-0.59144015385098625,0.4581425903738563,0.3797039964423225,3.324888957345228,0.033845601843020733,0.65807779331155825,-0.53834976741805185,-1.5154883553802185,-0.250784180934084,0.35336912897266459,-0.1471897618888294,1.0884965625652043,0.24641015864098587,-0.7364307382429367,1.1808704240387682,1.7451609107784753,-0.12632656681532209,0.84283862378999763,1.8811838602141804,2
-0.12661807251381554,-0.87181834453067131,0.21135572624623125,-0.139466745856834,0.085641295587807767,-0.66488925080993688,-1.0957237523598917,0.65754986038616736,-0.85864987834860462,0.20700142630043913,0.31656848535844268,0.16221495899723143,0.45938538488850894,-0.23006770332773649,-0.75097079283101109,-0.55688216035974647,-1.6758826353347278,-0.92547293596026348,1.351837355475642,-0.85927952098540816,-0.11752177651530842,0.47362220737668126,0.6883610380280788,-1.1105223825697557,-1.7484365139645379,-0.021298246528815453,0.84987738278436131,0.49121828399078571,-0.025475001962299529,-0.83893968367539351,2
-0.81272917149761181,0.40117989311048458,0.57332253817811685,-1.2464177665070912,0.29504508232406701,-1.2092069972589237,-0.27497431663871802,-0.6291447116350054,1.5337080786112378,0.0098274782226221505,-0.48127806584355276,-1.4991452739818893,0.6618268516572603,1.5050924689851219,1.3741219008323362,1.2683950879357773,-0.5966237319180151,-0.92513794407626915,-2.292841571030904,1.9664215630109805,-1.4244629719854875,-0.3827191594619761,0.51435857030680332,-0.62235284742000629,1.4502747032959613,0.42611997536943347,0.13517682876341869,-0.42246699108688551,0.40231892686044457,0.37675434950138831,3
-0.91707545263760903,0.30834995342692795,-0.048625324600463482,0.71792476038786601,-1.3493261439052191,0.29358795736351162,0.27304243705628756,0.10301712346620678,-0.50545181216321511,0.52611310527203337,0.38783158523820077,-0.98620143848057518,-1.6982080888592113,0.34323676737336328,0.10694898740904142,-0.59337154996679542,0.82346742305995269,-1.2705656113277541,0.76980300494255738,-1.2411623450100597,-0.048962389487611238,-0.13383665933570807,-0.056504890821731414,-1.6389080748606404,1.340968007836552,-1.4709939844387061,-0.73111817901083032,-0.13419494787392622,-1.1524946983442368,-0.4439301769342951,1
-0.079309579592359875,-0.72932245716517374,-1.3969474439751215,-0.60609137170370109,-0.24408119535040423,1.1402755859861546,-1.0556216752473089,-1.1624398220653107,-1.8261137167525825,0.82816881766481221,0.40267102294416451,0.35985982899402458,-0.028512102936493932,-1.194599125099336,0.081501938125380438,-0.63614016290776276,-1.1320437306757249,-2.2738611584002366,-0.78127063117775963,0.39600945540035687,1.2503529925187529,0.029885724312593717,-0.011738106621507585,-0.084491889042971696,-0.71122594982379528,-1.9433731999959234,-0.40688714087687561,-0.34360100086799977,-1.4749200474840254,0.51320724010650298,2
1.8569159107880202,0.37489548351972712,-0.16564232963436593,0.43634539344416534,2.1596454227494113,1.4169426228181654,0.27385248323963279,1.5961765354933148,-1.2280134372526799,0.68474568929773338,-0.050718935150918451,0.043059330153910468,-0.32326979977872761,0.17518699091089901,1.478871092946022,0.44223045227280999,-0.5170193887901382,1.2429579556707688,-1.1340200827270159,-0.81651289364631197,0.48992912113894665,-0.60075472199758972,0.66776410255344754,0.49330509679176765,-0.80316322893753311,-0.051044828656013036,0.307544914666604,-0.49136516526961799,-0.79999480905135678,-0.59503251627830678,2
-0.011628517905754776,-0.049696385663033422,0.0054960330980387074,-0.57686187780617959,-1.4627427643474493,1.9718874923930263,-0.097742313539279549,-1.9429682352481725,0.97953513354531552,-1.0235744015168358,-0.034065600731010004,-0.26616113355918519,-0.090344594340335205,-0.27751806031834125,-1.1963139760083477,-0.79939361268864351,-0.78794463408062521,0.63418007410039823,-0.26040603584187172,-1.1060367702081439,-0.046299943386724607,0.47433926614711125,1.9322389752700684,-0.26568952283964692,-0.30581121406694806,-2.3309192369822935,-0.58731107941410732,1.462590586233907,0.0067959162958612703,0.47899879411691049,3
-2.3585246770117765,1.7752886935882488,0.53966276181886519,0.43802088272065254,0.53052729934264109,-1.3132136865271875,0.40568438990274069,-1.7247068228082985,-1.8715355614119438,-1.3607489228732741,-0.25086945930381421,0.061309472395033073,-1.1324535863187102,-1.1653568634955835,-0.62675623922661905,-0.42610257005268926,-0.039103536013160613,2.3553752615816026,-1.5896536443660854,1.4820674950507333,0.78882739408838698,0.44714500062816787,-0.21031747386384303,0.37023929643557979,-0.71234879046063049,0.23189634586145691,0.1948939753568367,0.74886744132770844,1.8741823714193919,-0.35138223181286177,2
-0.34063032029266044,-0.44162623742545321,-0.078532776684223815,1.1329248653583825,-0.046955112123946464,1.0179346475970867,-0.18093459095680933,-1.4027340585643253,0.066103634753221785,-0.70678087711412729,-0.56336252129692133,-0.78178465159006416,-2.1388954151657402,-0.22037587722019367,-1.0922022847280144,-1.8944040614249731,-2.0222426373990037,-0.3431177324405762,-1.4560547231578898,-0.11678998253945494,-2.0957769490705922,-1.1789293933109295,-0.21718442021010201,-0.47781810610530195,0.14996917424640929,-1.1159517678551847,0.088210320771955147,0.2051007292690136,1.3705066481102159,-1.1646435110968165,3
-1.8327391564070559,0.83591244143574839,-1.160311101358054,-0.12345931987913138,-0.65411751024533304,-0.56890025775570496,0.041076356219867528,0.37786747166595658,-1.6082150560671946,-0.002829973452815594,0.99513001782735788,0.73824835203832373,-0.00072446355750372228,-0.34238353885949396,0.15770215951273187,0.43824097908821735,0.36706058768580646,-1.0216870026506246,-1.054233303647242,0.18382064761581549,0.77396348547435467,0.86726563672198775,1.1918232977215131,1.0577887286822496,-0.76168283354926036,-2.1960232761367182,-1.8744427098485301,0.23898339894074772,1.440932050631107,0.67573082958675357,1
-0.25111220374542326,0.88193615495738464,-0.75047649480536105,-0.14176064163486624,1.6029693056729641,-1.1200284844457511,-0.56993568529042682,0.61698212970203359,0.90695213176678435,0.21666000989937897,-1.0741533251210575,-0.14593725435761923,-0.55055005124997358,-1.0606279696252456,0.34850055737691749,2.2800317902865883,0.041264332385197618,-1.0356057122602442,0.39906245493148146,-0.24784980593307746,0.088161837188729289,-0.88449289113788354,-2.1314165178173807,-1.3339741977101625,-2.06959590623867,1.8345091219308849,0.98320408217518562,-0.14725039486189209,0.27380924978738103,0.46888106932974316,3
0.4096965043594254,1.506790786743065,0.79549070585577353,-1.1572428388476148,0.83332415767350521,2.8237108851867578,-1.3511294148921964,1.8450296401126542,0.55979177487112908,-1.0268526793061399,-0.39349918057463962,-0.32329077849584842,-0.48199402670269437,-0.82451025774650766,-1.318290480899152,0.11947549936333604,0.45957607833995151,-0.59690535819422907,-1.2464473753935836,1.1307524232380632,-0.45064366656611465,1.5338436686427923,-2.2539890418515536,0.47872254826308719,1.0515223053379741,1.183791909171364,1.7662438871757149,-0.54628933279062486,1.0100431783954225,0.46729752072526859,1
2.2464590418958639,0.55682491144490154,0.65758945233872401,-2.1645292800838698,-0.97775283884870667,-0.13540758931129326,0.67691629863182812,0.1441974102857749,-1.7734916803359992,-0.89944923979240854,0.15533905173333604,-0.25988680751208576,-0.46155588541865666,-0.1564493922424553,0.90721868657270344,-0.82250808249496665,-0.74667217841153011,1.4071504050379995,-1.8136847263452551,-0.080095832983017021,-1.0024403338685242,1.2380074125805309,1.4742356257934093,-1.0769936530288398,0.83555846314857607,0.33505086314174415,0.92867204732297526,1.3997145956072032,1.1216967947614715,-0.18271544651337507,1
-0.15764960474404821,-2.3263229906071072,-0.56469497783336686,0.46208694087970886,0.082096881094820343,0.90082085132075274,0.84364317696017577,1.2876861483168514,0.0075402151710977899,-0.27260596525017416,1.7436058096990068,1.0846149816544872,-1.4440628231389907,-0.33048982734440341,0.40730150560632128,0.44836437471302254,-0.16187303676927331,1.1438153166728728,-1.0656986051062132,-1.7333579499547875,-0.015502226561456276,0.22218976888339598,0.21574155977417797,-0.66281855266177159,0.8676438971331949,0.21102672415703552,1.4155279186306045,-0.56509379115235647,1.5517687786457233,-0.77503976174730915,1
0.43609482530756799,-0.44913240539393118,0.35356667020135002,-0.60147793843230979,1.2441972976676097,-0.30189864619072121,-0.93780414452820327,-0.55517894785490451,-0.45402905245699376,-0.14423003849380628,-0.074178797233158164,0.94646066143065077,0.12783838672258568,0.091859462105995243,1.6400808640815101,-0.82234651192327579,-0.21732524408070517,-0.34540005755037673,-2.1080685460278175,2.053485322447365,-0.50454468963389643,-1.4691897455703957,-1.3159391611105091,0.68487817720713895,-0.82723349498214072,1.5942958961610838,0.19674929424467102,1.1100562638285776,1.1887243485867385,0.91614304489365006,2
0.8630657745933753,0.80796452462333457,-1.2521936650148164,-0.63084620182191176,1.6099058080165229,-0.15867459727107888,-1.2677920716581177,-1.5760540695914789,0.60452587102847455,0.43642068287025149,-0.79057195682486392,-0.63671921038138213,0.40801251985857184,0.56351316176061339,1.1113086034345308,0.33294440932050484,2.156164486281881,1.0961614197971772,-0.4306528937216581,-0.55106264199522159,-1.7324692172364575,-1.5656969909145249,0.40463664374496083,-0.98767566392891837,-0.75068934823947353,-0.93373974964837259,-1.4626778903254816,-0.055608985961509906,-0.035575592989567223,0.65790771184642705,3
1.3834853259980191,1.2219387284806678,-0.48244777277418327,0.38765482100885357,0.63912124175248541,-0.22127810922566774,0.92118439210246916,0.049919488460376332,0.76492189203746241,-1.4199721931895746,-0.7591188195872709,0.93334473585357713,-1.4207454146517111,0.3581288534470195,0.55769040701528039,-1.4247312403983092,0.41878528231511114,-0.15980772792876061,-0.63193203315450763,0.53658167877047624,1.0553327522676654,-0.25549011765618285,1.0493563867373841,0.8904963343347061,-1.090613892692379,-0.34517192315122852,1.0046740711991902,0.29047606598963033,0.5609359222493292,-1.7948955361287589,3
-1.1022333575778904,0.49096359646573334,-0.24569079070678357,-0.70785985425501241,-0.28583030360116529,0.041622523126880362,0.26770108564386813,-0.47180366551439307,-1.0173812090433536,0.00077080664994797702,-1.9783388439156049,-0.64996987331685874,1.2226079339849072,-0.3107455650111961,-1.1060811241175939,-0.75252237551258783,0.93959916260045373,1.4360267066328285,-0.092555275981597449,0.88419377379796471,0.40433235523360384,0.53514217907842976,1.4524393350627716,-2.1368669407647305,-1.1285517642491367,-0.70014066338606984,0.76279826296430009,-1.7930753255881715,2.1517537557731141,0.16230365114659293,2
-0.42101405960910127,-0.6316509678175305,0.64868989141663835,0.55929538401600254,0.33964259906497452,-0.54482281395669185,0.27297592729540648,-1.1608179003665788,0.38573518035630305,0.78266850282782441,-0.98576860888361162,0.72538976158309965,0.54827139212054943,-0.27593226422716377,0.72540980931325982,-0.18502412256143205,-0.041548091768603995,1.0883630297987466,1.8685834776100769,-1.4747697254672429,-0.97677783345092162,0.075701734488041211,0.28251095429351575,-1.857861612552884,0.35726172660532268,-2.2457247417701605,0.59509840631632516,-0.038507867516455144,0.59174682361400077,-1.9634846592342401,2
-1.0519125873599595,-0.2006504607831901,0.25138313898417625,-0.59006500588266075,-0.29595643859096404,-1.6031280645623844,0.37300438877667036,0.081862111025155587,-0.16548383077202669,-2.1388953625149356,-0.26961244804768847,-1.733166762681803,-0.95479250262231286,1.0985201105976721,-1.6454746295669953,0.90397250618703617,-0.11147709004050829,1.368355381144494,-0.18753940866203175,-0.062482827762362365,1.1844568486510016,0.29197826856380454,-0.63244877280321266,0.11171355947245137,1.6421330193402215,-0.20321371776602096,0.72814051098272248,0.061249584197301227,-0.42869593219969004,-0.85968351772062435,3
-1.0275360422652389,0.06894494795475313,0.13143342861339979,-0.43164432633624866,0.9015585283448031,0.54848137058158553,-0.27645740774616701,1.0257323798266114,0.46106468292081182,0.029659556714691674,0.70129308871211871,-0.74057135879548375,0.22311868100271023,-1.5437343191510202,1.007815135713811,-0.46231073823388247,-0.30370678173838306,0.75039723722025709,-0.46919375083368164,0.8122521578777151,-0.34030684543654771,0.5590662406628838,-1.3127287417668974,-0.35103457012264144,0.8481008186214587,1.1404476304132753,-1.3743406071722224,-0.40924644437938573,1.6771826349086874,-0.023925060079143936,2
0.69770410191316834,0.93283671075446417,-1.3223255341605895,-0.28375949335162132,0.0075794654925528766,1.0092468833059978,0.42575190339803159,0.33620491851996781,-1.2093511310759333,0.68335600168120592,0.97552468252948887,-1.0151450253266379,0.86322303247523846,0.196010002312936,0.30611131536424852,0.54652409866616036,-0.33554509126099646,0.16758528095929798,-0.82482244064767896,-0.37367591553092044,-0.41289001588023744,-0.2922668244591054,1.0784193290236097,1.6197461332209011,2.4602089631740283,1.1296062455288438,1.0867124093365454,1.380289282899289,-0.37369050083522526,-0.16941633552504501,2
0.60346317550905137,0.24050803109646551,0.047326610639191344,-0.23903836597488781,-0.3593256163636937,0.73952759094492371,1.3119815419741887,0.33014592247715457,-1.5586971531058149,-1.1981855749698853,-0.50303743911878329,-0.092329697945950751,0.96983924865959537,-1.0582484794951748,-1.0122735722799165,0.060716795796570099,0.16194187139866306,1.0905268348107615,-0.92033812164988682,-0.33576863294035125,2.1157111025485706,-0.21480876993327033,0.79699316245383101,0.48766646418423282,-1.1371691675371265,0.67481242057614721,2.678699043598713,1.4442229019000092,-0.078729940750556227,-0.029074146968767107,2
-1.1601206183410622,1.139370869296914,-0.027135303169577827,-0.39199807726434593,-1.008371050544665,-2.6539468240961774,1.2133168583369478,1.7148222115492791,-0.54012842360449131,-0.63225751010529629,0.18928614515419509,-0.41420307652955141,-0.13867838098540627,-1.0519541107832959,1.087343578523386,0.83236236965282961,-0.035299191293966026,0.68059870001837963,-0.62750938997699424,-1.5331891711037791,0.0830651259492039,2.2828046570339264,-0.58923935600272115,-1.0580324329991495,-0.95737868309280771,0.37906177592244089,0.69986407788542693,-0.32283850589639634,0.85321535873851018,-0.8980276103515592,3
-0.99294769045738329,-0.59116733024583623,-0.8059918560829733,1.1349406937072901,-1.2918562540588587,0.32268198141202747,0.063977002738972069,-0.57323591298037324,0.21596750359425979,-0.17660138625520949,0.73113728848297754,1.1604583483289239,-0.81651763359645846,-1.316007967409133,0.18977966600805421,-2.3090138684464194,-0.38265626250871976,-1.0555063907315068,-1.1658338742153413,-0.00013550152818133862,-1.7847020140486687,-0.69171279704030697,-0.36474679221908851,0.89172589170386785,0.55015900682311314,-0.4014665977211791,0.15131811215855351,-1.012199997915427,1.6051637260260716,0.98301509284383881,2
-0.38255674767581588,-0.54667365343301189,0.030613180793589063,-0.028020412213462863,0.39934906231867329,0.052195782499153479,1.1950937029711453,0.8478473853783024,0.21557275671356971,-1.3910910627987163,0.33873234496424559,1.3858874219881465,0.51948439785844602,0.70398670981761968,-1.3422794622440573,-1.1980369896511631,-1.1531420913116932,0.50506740863573318,0.67531556243349478,0.43311330005719795,-1.1239738456775472,0.23346874078057409,1.2956157812013824,-0.085071875028907867,-0.62771280170172805,0.22448024014640461,0.88572227428553696,-0.73617942576148832,-0.75363071721930597,1.3344357939156049,1
-1.2394445040775508,-1.3137554571057255,-2.1642597815484121,-0.035503406345904688,0.3486608744391328,-0.96026763903207035,0.93813459484910611,-0.20207359544225337,0.94808618301051051,0.6220267698874159,0.0051375051462027822,0.603062360266028,0.63411699682718958,-0.41271682344458432,-0.12350318540452211,-1.3706173245924083,0.040063270639628723,-1.6274862862048161,1.1044253787126548,-1.3282834689155474,0.90003399667797102,1.1873118493648416,-0.30604883556795781,0.41614662720333456,-0.33196243287851351,0.29024037953554871,1.3140026810627097,-1.6527144856695084,-0.95451143170639474,1.0032926777728175,3
-0.42448812005970976,0.79887113964185752,-0.31170663143231753,1.1520275755000493,-1.0032535056045753,-1.6796682503326446,-1.5298204699270632,0.097016108569872431,0.35513072800263151,-1.7157659302912389,-0.771587618909226,-1.9831185577035675,1.0191341372669831,0.36067463994157439,1.9958317754990265,0.070724668977272406,1.0728831093622215,0.69111307410772971,0.097736693319337972,-0.16939640656223981,1.0273835232412731,1.6533031846655588,0.3107933752711679,0.68902449712416358,-2.0392889748123197,1.2769804899931527,0.98860522980509602,-0.38199986117491219,-1.3427135593426862,0.26140807490316387,3
0.96626568884974451,-1.5471178292559808,0.083313596834180353,0.79640567431366449,0.35442976025395362,2.9113857867388933,1.0720079543650685,-1.1794300755613381,0.48406206701053772,-0.62235938659765055,-0.76193447042384221,0.4946850421795071,-1.5727577572634648,-0.025661390003048248,-0.93789945331870805,-0.93519609180775465,0.25177069236847555,0.23377250106577943,1.1101620174822173,0.45682936569226318,1.7626756823699643,-1.0525798973342484,-0.38937749608499195,0.34876157214180947,-1.3366612469014973,-1.1125195453560515,1.4420321803503935,0.077787079167756221,-0.14846848388956968,0.87804091750656132,3
-0.16385736920181798,1.268807853970215,0.62179416841539425,-0.42667505216455853,-0.30182018130257371,-0.91323794469763331,1.2106992761983202,1.365534941840935,-0.87525452959095162,0.99610787024821301,-0.83426287396850829,2.1285432428695858,-0.098531424800289119,0.62526549779605267,-0.66658753838701146,-1.1828105905953181,0.05442226928401829,-1.3508566227364269,0.67503540746217294,-0.70888771263802086,0.20994875197996174,-0.32659769823748142,0.45018261548165645,-0.079783419932354688,0.55966988640653081,-0.59468997388251954,2.0462438510295997,-0.14302975677868202,0.79314789101557237,-1.9153888176013043,2
1.9825256578036157,-1.1895167777376625,-0.47659315118867318,1.3359742414748803,1.2711589842204276,-0.42295980286944151,0.099016330688668192,0.33967104090658973,-1.2174831855410624,0.53032453707678617,2.1289303317359729,0.44516635076529737,3.2901478056177886,1.9762407053292625,-0.050731853096830273,-0.67853832763146971,-0.90495631720268466,0.19783309597644064,0.023276797887218582,0.13351935505174695,-0.68572320932896491,-0.45275864936209526,0.88598242515356529,-0.26337832001960676,1.3240311953198824,-0.53781831163569616,-0.0047290690133496693,-1.799012091587447,1.0240257587484287,-1.7929546964455938,2
-0.46676860359800287,0.76017944157633788,-1.0907081383684887,0.50418754560751189,-1.0586800650861241,-0.19176792485978755,-1.0624461965209531,0.73042822012734743,1.7186835594850991,2.4109131622988622,-0.0091695103191354183,-0.59293388182908957,1.5760807345184971,0.46421649634911755,0.1278110181166151,0.53876263108585709,-0.14581304977042092,0.3202250521261189,0.3684407107646383,0.86686726277884985,-0.065449169915023017,0.54655097340336944,2.313416543211817,0.84573139898161154,1.6383134546592879,1.0423577030678142,0.43779751236808356,-1.0234097955738359,-0.0078933072209649447,-1.4250573110482689,2
0.98661023528816261,-0.67509102532551601,-1.5727477125667932,0.51040343637920904,0.005226948507561776,0.68228527232602232,1.3524309326158022,0.027394473341067229,0.013658745893837032,2.2466058576115926,-0.89443692174170419,-0.60425152120136127,-0.42106835485333038,-0.28174812511986752,0.74575958098761108,-1.1794402360459117,0.27624729864582631,0.20074688314362099,1.4261408248322207,0.74360633808222354,-0.92752064129012834,-1.0031553369604089,-1.4043930155278945,1.8051313991525608,0.22037947255624499,-0.24216267736158884,1.0158953295734721,-1.1975603967608246,0.3162719820262474,-0.44751859999347088,1
1.1229691469810272,-0.75900288549553085,0.61784404217098721,-0.0016339001825325908,-1.2149094307571349,-1.0175959865806146,1.8752895518973514,-0.88848906512786929,-0.32237204290573362,0.70439866082055103,0.28816665894908361,-0.44694271356482701,0.78731619898768823,-1.0954965457421966,-1.3167311358796285,-1.171846806803007,-0.80368272241036132,-0.99068157624907904,1.1372328363178688,0.40913610750577772,1.6353646858828808,1.1680109643657062,-0.8100213881188969,0.98737319921380873,-0.64652210289023704,-0.6233162032045293,-0.59566651915896152,0.70221935457909646,1.8091347506288442,-1.081790937303059,2
0.091410265238985877,-0.93214340580919086,-1.1890484886650563,0.57575457794965923,0.91980998634209521,1.8471093780814687,0.27691929633157214,0.33013006209019968,-0.59124459205241264,0.11541286738377952,-0.54259331477941197,0.65855754219071072,0.60638834007713494,-0.36859438793211163,-1.3553910710406938,1.1247315346914057,1.5752393806730809,2.1113921469457755,0.14400495603948227,-0.31732691581818351,0.013731407519418337,0.34883632930552,0.44577954732307085,-1.3887734813402191,0.074463976564636117,0.96967350490447757,-0.55096882237515665,0.74744338492274465,1.500418181052019,0.64833025824301516,1
-0.41124478166752898,1.8357961249671035,-0.5976696155575022,-1.0804252802133318,-1.1075588233035767,-0.32854960084812285,-0.77024648856273525,1.6942703324641144,-1.1215097421558107,1.2110068905710409,-0.34762950556909289,-1.1513088993095222,-0.99291753375017278,-0.050875190271676737,0.28976089059165883,0.26517630666191244,0.23713317270022771,-0.52753751627399736,-0.70013592673217029,-1.5521250796628165,1.8912658627635373,-0.72851101758941128,-1.4192550933881978,-2.3663587921348186,1.5511672978904163,-0.2463002105805292,-0.066741240954688474,-1.3634157483249061,-1.6437693684025008,-0.67424375397476966,2
0.026107181956867776,0.49602040541404724,1.6833643250893535,-0.38498061365416891,-0.14074892013551635,0.86922222987083064,0.5732776841554138,-0.29415090922002723,2.6776284802417698,-0.43322425115056462,-0.2902364884285385,-0.97002448999582414,-1.0874659621429315,0.30251347882884511,-2.4730957037367309,0.08190074661742236,0.54947058804867599,-0.67793113141167372,-0.13857053127357702,-0.84506224768110383,0.89359098818979288,0.66844317802427533,1.1040090155151359,0.57610774257378006,0.36633798163277626,0.069911924398323458,-0.71297980469200484,2.0451046365562182,-0.059961961098198631,-2.1624191866695517,3
1.5120133733212635,-0.73557322224158939,1.2293337492383589,-1.1858703571984415,-1.2932451585123343,0.66275502843312173,-1.0948896752239143,-1.0191541228905781,0.52717068786930432,-0.88881541205979264,0.31090678266794158,0.86508676162821418,0.43174032110057364,0.37470933406637735,-1.2950788314589434,0.73980708588504118,1.1011034171004122,0.38685263160314193,0.33363594043196354,-0.27922268891901841,0.66687881295408002,1.7246228920524171,-0.82267005069240606,-0.053029262321566698,0.12847890982397434,-0.11019566115763214,0.88330171364610033,0.49997808824785006,-0.81439149758762441,-0.27401339422452731,1
0.6577145086747167,0.93371869905828297,-0.23913452614815472,1.4189302458719575,0.13595540737360581,1.0105995506776997,0.14137902312131345,0.045904169908182704,-0.29991818333176523,-0.22907209839068701,-0.90276677538842121,0.45709009851774673,0.7875380516867152,-1.226385710535425,-0.52545430874623056,0.8388176384276288,1.4050549134264494,0.3092385458298556,-0.79619847571662405,0.18921378975981362,0.35924713379088308,-0.239209927796006,-0.10566208637125869,1.9498693435842021,-0.1335696517170718,-2.0238245937495809,0.067492795429165267,-0.046499572385049974,-1.6061300277384905,-0.51848837796646075,3
1.5143504782872865,1.2941278433562871,-0.40725544274911174,-0.064027212738279007,-0.12906250789175508,-0.072323883558524718,0.70168963977773202,1.2822382590018619,1.8292886205886476,-1.5653169348546501,-1.4719669637296537,1.2115332391436306,1.0097631211291811,-0.5606630378264803,0.2024620639541303,0.96369047283524589,-1.6182842201823713,-1.7993699452364065,0.076881828864127866,-1.3819260765905081,0.92530321152378614,0.13779113477763266,-0.22940886303771757,-0.30199842919920217,-0.33750614585892647,-0.52274247091427128,-1.0388236500625132,1.0669958024464077,0.10528015436337114,0.01057841737889121,3
-0.48798995840521142,0.161342203967131,0.56122577339687962,0.81879547621031956,-0.17959229793258835,0.48282606127553762,1.1932542827427128,-0.23151287207905463,-1.2728621124428285,-1.3612689405411236,1.0496020474145815,1.3496455498372457,-0.85902945506297668,0.028038854748627919,2.7417095736580142,1.536982028243169,-0.0071907219459228788,0.36909028861645221,-2.14717617464891,-0.11950608896532663,-0.33923529347242415,-0.76244409902345212,0.30349021117402242,0.20060824106848968,0.57249373666270131,0.57391623353567367,1.26707472566265,-0.65683785270861894,-0.27418080799197825,-1.2246360205323685,2
0.34260125582986928,1.177006637163093,-0.46465883322195578,1.3540333216138283,0.87168132840374424,1.9603641781292116,-1.6419258281837383,0.84209779003977503,-2.2665471108241668,-0.90511786659202331,2.2385407767427412,-0.46190194873441764,-0.35487946921870173,0.067373684114737584,-0.32192152864790619,-0.25476438906867016,-1.2058819981341138,0.15146695320794937,-0.072996366608747101,1.100548669608101,-0.14286112151903071,-1.156676843851856,-0.20487161260175835,0.27339157940854802,1.9094859515437919,0.30441744763987016,0.46979652638055669,0.7121892742315965,-1.3615412180646365,-1.3743282716215375,2
-0.96824199386155352,-0.73437689015308094,-0.22278238106395834,-0.38091052238691608,1.3039812024966484,0.20443345790022516,-0.022253460332005492,-0.22352396262105434,0.19439879648102795,2.5521902344811744,-1.0741302942593751,-0.04196990875668568,-0.46786999056834155,-0.0099878045466816074,-1.3095896254884221,1.8365081583629885,-0.71918399719409631,-0.51626413402288662,1.2289857507561521,0.52014851186020306,0.09810996081939076,-0.10159492268361753,0.92422937598872057,-1.4745345172868891,-0.45030141229377724,-0.90959462701495242,-0.13142269970525303,-0.42377817090053282,0.27677859159799084,0.54365296238059535,2
0.4035371975080308,-0.66506547177901321,0.77898778280531411,-0.06523785531740528,0.16138994264917403,0.82070284992065246,-1.2480255989759375,0.64764312250087697,0.65445674012943378,-0.26843604689443779,2.8298564119775915,0.53643042812444264,0.7439354276825888,-1.2374980788663259,0.49129041620198166,-0.43405429982766902,1.1384196336252506,-0.66016714641434848,0.86032705001014098,0.10208009602642246,-0.55796617079494881,-0.74958277402213935,0.20264027391517178,-0.49439238349893555,-0.72963152755854199,1.0953736638244329,0.2431395791954975,-0.71959135788095707,0.60432354192837223,-1.2354003342239395,1
-0.41886549448891708,0.25181954047394844,-0.78890363210352155,0.36189050981298077,-0.078939072206609576,-0.58164740391253944,1.2716527653359901,0.66919101712468476,2.1399528426756347,-1.9252423720686231,-0.65772862677909449,-1.107839066171115,0.98228765379912186,-1.1265351461423798,-0.11133789570346514,0.56890914909996826,-0.4908678449489759,-1.8596611820502271,2.5226590964192286,1.6473052875878833,0.4992546337708676,-0.22423306987595187,1.1698848988768697,1.207763496795927,0.18463831883925685,-1.1812242008866924,0.27064477602556841,0.63112443491030612,-0.066035832126252553,1.7655071501639605,3
0.69224047232937014,0.69451451780598805,-0.33691086171367735,-0.69005920840068213,1.1743627555201257,-0.43344945354851006,0.12346427766299817,-0.76435280126188632,0.29367074073817606,-0.76467256630743863,0.16205749513495454,-1.1093992114672888,1.1504877908440716,-0.26090147366397032,-1.2059032546498285,1.9965069421316168,-1.8779906136232285,-0.0012838268600106554,-0.38012760898087167,-1.2713843982079496,-1.0304654579526289,0.56637896435188329,0.7373731549799778,-0.017567447309504349,-1.217462167178905,-0.88351857483677465,0.099559378806855489,1.8080732654400375,-0.8119603538897332,0.44815504171846327,3
-0.66652353037439116,1.6806673200167053,0.60883677283863391,-0.70531856066458409,1.134804638676387,0.7102202485288317,-0.20420781249832531,-0.39156775153027784,-0.38816641239124072,0.084993161728017047,-1.4291129480227021,-2.7902023250566277,-0.30719996440189018,1.7246845121810501,-0.76845340600262524,-0.44813823050029356,-0.7558461304273314,1.1285990926566487,0.57991608590473087,0.16043249380327565,0.095372103630459323,-0.41404608985653929,0.52118178142341298,1.5853784542133538,0.12918521203884761,-0.37689493119427292,0.82767611011314202,-0.51611642332169994,0.122091116903475,-0.03902887245941862,2
-0.72525949894361275,-0.22264587094493246,1.021361826526259,-0.99524811049974582,0.42911238397169643,-0.26905864332788343,1.2415810886246696,0.97651101654097394,-1.0508590364252328,0.13126505431758964,0.95868788903668245,1.8909944841274007,0.96194745575094931,1.6092543029447426,0.39308260198267375,0.073615444795441007,0.59068102970997061,-0.31252672669226611,-0.35481157708054639,0.29649598427106266,-0.1989702412866616,-0.56944058301389666,0.69415558320167026,-0.7602370777665024,1.8639440906137692,1.1883870326447259,-0.43546073481803216,1.9047807697656769,0.81505912910737643,1.1234609781817078,2
1.0519188893931253,1.768118548946721,0.27086836350875143,-0.71567006932616728,0.44398385223939568,-0.55378917443816256,0.46699792437245602,-0.14553582107972654,0.42414202681179064,-1.1493290018381579,1.0736646073110896,0.37231202186498363,-0.10718876789892315,0.37410222237248092,0.83997016798467439,0.36822640034676685,1.0218595951175298,0.54158392432957181,-0.18571338399820331,-1.7356257350117474,0.43903357538672855,0.33306213133676221,-0.022154856988340969,-1.2860252553430496,-0.83782644643569704,-0.75757580191469132,1.0042615863057003,0.120487990125019,0.31441138605520474,-1.0777088762991971,3
2.4489046679916893,0.97654101789446934,-0.81167532575464529,1.1072861572905106,0.79003362321460502,-1.295954273075183,-0.11169822016314625,2.9279513194874536,-1.5210065170648841,0.24826622849651545,-1.3407450215581154,-0.41092228963155725,-0.54231487240988885,0.20846300506151333,0.69414534718863763,0.61669545214809629,-0.73266324962077134,-1.4133837757582315,0.71859523857607155,1.3331633369201246,-0.96343624576113729,-0.44222750236526637,0.32869239059085781,0.1081347226407425,0.97200970543927079,2.3075542293491274,0.0099068171418754368,0.62577495385109461,-0.078231171527150617,-0.095511397414480434,2
0.21855449703461099,0.32463445247932332,-0.61639062965813862,-0.68409870280232121,2.117141943767995,0.20015817717522882,-0.40890139569026041,0.94118597214761235,-0.28979108179318991,-0.040814400166900452,-1.5004948200838375,2.0424501424622834,1.4828308118304614,-0.94245179110066568,-1.4953728277226488,0.52200499444323478,0.59998198199514896,0.28908245796628512,0.62246057313290826,0.037272585543741424,0.89140707866530067,-0.2205278259240902,0.88018926365544448,-0.85645430837654135,-0.068397606017735382,-0.63785395403827261,-0.85333366210136652,-1.1669566016406761,1.0243572402493906,0.17946608429233268,2
-0.48652285381026111,-0.32278352889803485,-0.8822727288915716,0.087252752161030095,-0.36970395462482719,1.4045957380856482,0.597428921722158,0.39793342822614031,0.0049368317828917532,-1.8111399840271756,-0.71875686658632998,-0.051606242981791187,0.92982962469960861,-0.2305415210891622,0.39533941996693617,-0.33511883209765558,-0.42916897699533629,-0.23722826490031121,-0.054567603697412863,1.9387710676589169,1.1893381795125253,-0.88125280823854746,-0.34797867418696571,0.45180908600259939,-0.11122489975207531,1.5439484365809002,0.185439665054414,-0.51945034210276875,1.1572125679586842,1.3261287468519241,1
-2.0121607818318821,0.16864248323988618,1.9177417325582442,-0.76665745617496606,0.10232563126412809,-1.0871376877093606,-1.9921303408477313,0.76340416108329012,-0.39870384119873048,-0.38190042988003386,-0.48950764194833751,1.151076476392773,0.81318409808434067,-2.0023289163292715,0.37292367775024982,-2.0004512215969514,-0.7173329404578993,1.5804834381739763,1.1909373833156169,-0.17225903710204027,0.54002275052507398,1.2735503247967039,-1.1104093794317746,1.6524566188294585,-0.20581540930610473,0.19441854771951694,0.38217612997828776,0.86943738727262088,0.22141059773974081,-0.18777120921149829,1
0.94738579595732408,1.2163955398162383,-0.97954730028345305,-0.22348888718155349,0.72483613926395851,0.20626024505669988,-1.2503416196946928,-0.088779062287061394,0.02499409954515398,1.5866086085402837,0.16520816427013468,0.22797250301974806,-0.89213808656034188,0.98097412843172438,-0.58630201303994012,1.7065495337331029,0.353649616508176,-0.1372493120039458,-0.26539546748624726,1.4245049092434892,0.66278147021572875,0.48661230950456585,0.72466704444258645,1.6198256308272634,-0.20843508638929623,0.40270971693098762,0.92887609155620565,-0.740839362259475,0.39053703034988968,-1.3547844454813278,2
-2.0516836106825793,-0.84432087556707813,0.12199723702166565,0.96053793282565314,-0.28648170384303578,0.87161809583627969,-0.18182783181911896,0.93284422857000937,-0.92813772492669033,1.4279825042639878,-0.78081419502264815,0.4132187873617566,2.024657684974843,0.54990301543381637,1.4921644045091416,2.2080126102289661,-0.061840317620300109,-1.3020056709856827,0.27718131101087606,-2.3120579450361149,0.64627967670669029,-0.042787572255994943,-1.5778247018579514,-0.3184009106618555,-0.52163304326353321,-0.23611372948819925,-0.0073937295381275667,1.5722768607618454,-0.037573710672902473,1.6850914602557727,2
0.45390553221422658,1.031836593591261,-0.44746252607722364,0.18908890792659366,-0.25762649482137068,-0.033082481391158026,0.67680582882985252,1.1812153517775288,0.24252871380522711,-1.4487110408515038,1.0311627352836266,0.3189209460830621,0.071967462392835177,0.8093967772424252,0.45307540765839849,-0.19560217279152534,-0.24204721129108289,-1.7537023325513137,-0.41929610221068919,0.24366041415351108,-0.17299905605279794,-1.0570218444616568,-0.65626030548448488,-1.9653620275364438,0.14170139708157012,-0.35752383555014461,0.49351718935779232,-0.54376786142458644,1.2945269181505963,-0.8719149394373773,3
-0.40434505140244437,-0.62346079262939524,-2.9072251469888544,-0.75363422661704482,-0.6621723333497338,1.0922211537377562,-1.579081115403604,-0.66588439856318382,1.3647517386851749,1.0835743797579993,-0.23238443921748764,0.52542182388715453,1.0167395016872955,-1.6473477744338103,1.0407052509850001,0.77773231101319018,0.56267767357630905,0.84351696062079184,-0.85385040625755282,-0.72512717756275913,0.52050388440563322,1.1486437119236066,1.5887278400991478,-0.19696240184613939,0.51499368793729605,0.39155869550440969,0.7628397565728624,-0.42418846875818705,-1.7204990814743928,1.4525002014763675,3
0.026723328674351329,0.3414373064464814,-2.1409837040506146,0.55013511466616338,0.838458201608689,0.40350965611881567,0.59237419853403217,0.54479553738258268,0.66972222522597502,1.2571941970610927,0.37266282085126873,1.5398894555511367,-1.3965380506777088,-0.97400983536581265,1.4473466972711464,-0.82600520395581789,-0.74091367928855489,1.7511278201071701,-0.31360299253673513,-2.1480685224248055,-0.64346722728440242,2.0171848700555768,2.5002665535494439,0.72549864165838707,-0.18278789704359166,-0.45604133839764538,1.2366428726726526,-1.4886134421282196,1.2362339466961605,-1.3455321505478843,1
0.88370561008319226,-0.52732217556981753,1.9974937192230917,-2.3023975419618714,0.89164179664889742,1.1790954020837427,-0.3675628812494976,0.4826644129796574,-1.1548285579772886,-0.47414439058135388,-0.90035508968843059,-0.90324087832846334,1.0293889311625624,0.57154295105768371,-1.5189911194087324,0.46063369775445068,0.68783686733811134,-0.39912198279835143,-1.4958428286652401,-0.45847918939560534,-0.64360670189550584,1.5208478032910326,-2.1485581734347372,1.7903033052217574,0.13424191026616081,-0.11395035314264262,0.32142485848765612,1.3555038054564545,-0.67591847606902644,-1.0509690234521465,1
-0.51567802124487305,0.85712847324422003,0.44808114199017979,0.66796341016352223,0.21352746823948768,0.25903277083646242,-1.6430918749823229,-0.028150669348140533,0.84025863262884604,0.15334361642728156,2.1174400885674989,0.031143391751170205,-0.69335668168441977,1.8498080793394689,0.79147715879683866,-0.020771847372430777,-0.17149424973137214,-0.69077077105128348,-0.83353328711867225,-0.58323814567390408,0.19293243666495496,1.183060826759134,0.032387424807521707,1.7373700934670966,0.050829698440101961,-0.65389929700630656,-1.1681410085715473,0.92528535311026594,0.6687606044859552,0.25640927739339547,2
-0.94912996257939719,1.0727581981449301,-1.5813018038469675,-0.75848027553410935,-0.30229594220776052,-0.9929440461791379,-0.73230506811534934,-0.64166934245777163,-0.13732361196938844,0.51009636589496332,0.34549282292710964,-1.6483432891258913,-0.79862380935477095,0.14138423535245229,-1.6849642386235415,-0.44430753312537674,0.1701805772715434,2.6132003038780534,-2.1442646991438168,0.25847477663398749,0.095799806766878007,-1.0110512269706218,1.8511371374690833,-0.19816916183781455,-0.26514866960298367,-0.84439478272535173,-0.34288151884663931,0.82886341743109637,-0.068093360818902604,-1.2676454335300826,2
0.3224899280029408,0.70608174637380561,0.17006443179023142,-0.55897543752519463,-1.2455265174926309,-0.41600678108867628,0.0671915036268209,1.1927622950833159,0.87400963635473172,1.1104874851324249,-1.0687597858994793,0.41203818019516247,-0.69063664495725807,-0.35714011437376575,0.92883440883190416,-1.1848191853177295,0.46570219193533613,-0.46451931625645698,-0.32725715586280912,-0.94908640694271906,1.6427040169237463,0.12127573159380226,-1.4224236845010632,-1.136581144766756,0.29025416301060336,0.37133471430836751,0.56661034244488528,-1.7927552957992259,1.1203667052769513,2.6387532323982867,1
0.39694657792975502,0.16403040128176777,0.70377510205717486,-0.8515202113860314,-0.32639183198074911,1.4688696027737387,1.0732355961377724,-0.31011652964476022,3.2110908485736234,0.12915507467452303,-1.759718140115323,1.3900971586625097,0.7426435950781517,-1.4386456594365844,0.39709142818060306,0.76468688028570897,-0.21415765669073042,0.65029869780129046,-0.44165033079534971,0.76096697592146956,1.6272574056579721,-0.32407531565031605,0.45528804386070337,-0.48598512754931866,1.0759977500196103,-0.0019887392546226674,-1.360504882067511,-0.53305615926214878,-2.1068681434267988,1.3047783792984817,3
0.82967974237818143,0.24319786670576937,-2.0953545420570983,0.037011500825189822,0.11976863412450416,-2.3562445261808622,1.0829906629204642,-1.394733810072794,-0.44763201285508053,1.3379123347981987,0.40004753960164224,-1.636063823854877,-1.9230867937327747,2.6660495864425822,0.50710677048917452,1.3151487267121387,-0.076472653248441644,1.4766338763751514,-0.062464663697466193,-1.5456247954532296,0.69627762393648007,0.22148064438149639,0.82367677004627837,0.59133250494855683,0.11817346198265698,0.53490009431084207,0.43562353262552478,-1.2113386548665905,-2.9681763711863578,1.0828480135007064,2
0.41168500328785457,-0.072641513576219632,0.67634494127355926,1.1658729585382874,0.049737817018332929,0.78884326182535791,-0.6077777340663435,-1.5779938869326031,0.59081449809978992,-0.88531904697925468,-1.211760686581415,0.02468113499324566,-0.0070195998890110831,0.48605499758462034,1.4633070780385351,-0.2343258574001203,-0.77784642658549974,-0.026170234729754643,0.38389590734210455,-1.1569101658516807,1.5857870151533062,0.38170485617668282,-0.52723747542718191,-0.38178858352704853,-1.2398283366378697,0.9177487719855052,0.45825465073018035,1.8733791861634779,-0.5781074291093059,0.46887914520296803,3
-1.5228706585887906,-0.89734402601219887,-0.79070742828419849,2.0032620168095905,0.26971708558312679,-1.6222235822669675,0.7335498674983657,-1.8900285056284396,-1.1426625573063074,-0.42289397357977726,-0.98790808372704242,0.35113839005203462,-0.56980451132600396,-0.017655311037915612,-2.1044189800029929,-0.94670784363490312,0.31425346577395913,1.3735266941988273,-0.13799536871288129,-0.25690345766824729,0.27222019917181223,0.81189167791553407,0.36721350705632722,-0.40632828034878726,0.14623245419300954,-0.28859839095722467,0.20992832710339046,0.52600291479255734,-0.36488006946806056,-0.42736466152835484,3
-0.60256472222261215,1.143257061785321,1.7255295115973528,1.4682675537085843,-0.25063667325015504,-2.2941829900515374,-0.59266357927039581,0.56989561810666045,-1.824200733127225,-0.39972318058975076,-0.10944327614461921,-1.5565946472355225,0.50351499384488441,-0.088856800173119171,-1.1585073023834347,-1.4915441913603136,2.26694124560222,0.37219510649195353,0.35113092850426719,0.88050321073808668,1.6277564397001236,-0.78445147461017239,-1.0328789720564844,-0.88869464907366325,2.2398406737435441,0.74450629605928176,-0.66871390246706952,0.72473687277219201,0.41737177566044287,2.6594731033583043,3
-0.63870773328068076,-0.42290312493318089,-0.85750139519489654,-2.8995056926258931,0.6509312811337592,-0.82764230078042356,1.1600592741169833,-0.48181691557285677,-1.1614290525912478,0.032885833102710663,1.4190969333818222,0.094905895771654106,-0.014467188474602641,-0.30963126868855467,-0.35832479640956583,-0.92622296931917758,-0.45241379715973923,-1.7390690090613237,-0.40462924639281872,0.78419864861187394,2.9428038134422394,-0.4523826037093483,-1.3967062051513444,-1.2457117789455161,0.27769994261829484,0.43817104778302013,-0.75126779966726775,0.82842867201345172,-1.6926801630293473,0.92839713408316071,2
0.50408731033682763,0.067380122382268745,-0.91788710292528797,0.59865472110903761,0.31749593599750553,-0.94228629609087222,0.76962943023245867,-0.31133726384596205,1.4288829164904431,0.21995826877743449,1.1267581266642477,-0.89141099836701299,1.4567415480571912,1.6382324808491464,-0.45243241961248148,-1.2517079648105724,0.92472253911086766,-2.5948023582164503,-0.19627252783285554,-0.66211848527977468,1.5595494858386396,0.78742213621246748,1.3369661437454012,0.88812431211100895,1.1421331157261601,0.54495512002098245,-0.367974528099833,-0.4801812991760484,1.4909888812803822,-0.57573094837190797,3
0.015428657651928902,-0.7273752780316789,-0.84611975424540653,1.0311175928035479,0.92144877888825283,1.9043449318887309,-1.1285278202015345,-1.6480417128250979,0.95545017481027561,-1.8482702346134474,-0.20788229227900762,0.28945330463576802,0.62407538684040598,1.8301790438023655,-0.077872019846166082,-0.51285319760982551,-0.037897344103375301,-1.4230445777213616,-0.43499996457965928,-0.68456288880831384,-0.24987059109638637,0.88440745121410613,1.1954139025335353,-0.20101469832557065,0.80361985240649747,-0.21892860206220424,-0.13818434027627452,-0.83027740491474589,-1.4170253886101312,-1.1786255655047448,3
1.0192180561821489,2.7213304602918758,-0.24514953330800629,-1.1251710826459507,1.0886040583794541,-0.32245391246735905,0.028886258715298666,-0.8323034053431102,0.27333923055094844,0.473512434818397,0.86061036035814675,0.30796807257165354,-0.9356513742294833,0.14292067834392075,0.064742555343087219,-1.8452398487581654,1.683124209737479,1.4014364212188049,1.2702649193866205,0.60001989543179834,-2.519917886785024,0.14206774177595585,-0.78006555748408601,-0.61904684887915862,-0.2730901810671052,0.97080340910545893,-1.3851611332884322,-0.96384244520656337,-0.70658410593869037,-1.0174360717362205,3
-1.0473932058737445,1.4172300491232515,0.21935100508763489,0.079238735258706006,-0.40978836176021205,0.25442593408290909,-0.75632458814638615,-0.47128170577319711,0.5243014088822443,-0.75370937921354453,0.79861747855982568,0.027925671342591028,1.9986271005856087,1.5081501004702491,-0.777381957880946,0.016738676616524308,0.45898712076944587,-1.0686751610150302,1.1970693935869514,-1.2136786578672458,0.0728237154490146,-0.71401683013334649,-0.68265478897410392,1.237049464920813,0.069764787326361835,0.85888637719047833,-0.14011177675386016,1.0185045692603147,-2.4403806783254698,-0.15315097908186384,3
1.7177057921018313,0.45917781085067466,-0.12393702653622581,0.039839908085826478,0.046088750254041279,-0.71247068656984813,-0.21691656447793314,-1.06028239169021,-0.11848602522125898,0.23552442384942787,0.68095660503178634,1.8106430393828776,-0.38217138738478418,-0.6358280466835341,-0.029668378631256948,0.3034494062317063,-1.1426801876193478,-0.30473497961199464,-0.042161054197813477,-0.16219243468503375,0.24714152777997567,0.3187709696107926,1.7686404349191878,1.3402148107956668,-2.853327921170957,-2.0058191180196192,0.092425997771235446,1.1934625096829452,-0.1604885364936201,-0.62506365696144051,3
-0.68051031018033337,-0.035316056173562524,-0.1102052151681117,-1.7705652907508149,0.17582818684008084,2.9021384951445239,-0.11600304700698062,-0.86129344014100517,-1.0611245690224183,0.71209615083533306,-0.016973814709942536,1.1950100556212058,-0.15979857999144625,0.93125648394190419,-0.7269173979878355,2.5529123316272635,1.3322059494213483,-2.379426185540221,0.88445175466268144,-0.15222346218030508,1.1325035175129887,-0.80702894516808732,-0.31515221272956262,-0.24895676707395858,1.2034865196336455,-1.0403305233659195,-1.907080312705413,0.59496370661216225,0.55279118232737801,-0.1659816124713113,1
0.19404396680399008,-0.41351383926041485,0.76024158731571445,-0.80871243646848157,-0.12183116698855828,0.60695440613423701,-0.10725265488383315,1.6086490675800118,1.2023372853281225,-1.1929223165863334,0.46381564143558113,0.45941164199593032,-1.1957746166366929,-0.14276278229705064,-0.66260684292905447,-1.0446933129540665,-0.64360179565478814,-0.44400083476869096,-1.8505658418703186,0.2900281004369365,-0.20073561630427611,1.0145002659806124,-2.5807348272942665,-0.90052629602688983,1.6719049665541814,0.7785355134426295,1.3438512688641633,-1.2185470714466513,1.7770855382279123,0.0085951023432815788,3
-0.51855923396968195,-0.040821906122566136,0.52574947266393857,-0.92161855640386148,0.236197814462933,0.89621575261770092,0.19050260449852877,1.2979660363586971,-1.3899655578357881,0.47264508671421845,0.6586751750930333,0.8979775977841189,1.6048599069192537,-0.33799389174684419,-0.56933837956828448,-0.49451657360296863,0.06645891612591831,1.072613011540132,-0.49513128074091095,-0.5156776504999081,-0.3147253707981133,0.31130500719748416,0.40117489456702687,1.1864203617382922,0.57395053880343649,0.73593364730782296,-0.088108987319623369,0.37707515524961904,-1.1894795314916988,0.80601139947721878,2
-0.14141753873964952,-1.8235735996678537,-0.58196234802722824,0.11250912042346103,0.53015864177020677,-0.9504937828906751,-0.17134728752616682,-0.39232348549793916,1.2706602365088078,1.0581124514958702,-0.51873645229117704,-0.36773308685258793,0.53319995012883481,-0.3081078873465905,0.33960034967905733,0.64997636276384596,0.74822967227711279,1.1549362531181013,-0.85319973284953421,-1.6224379952203414,0.38445257259332094,0.35191919763937302,-1.4576214495482969,1.0720441406634433,0.48989559492239404,-1.0186029868182651,0.0086170718586829412,-0.77086046021893551,-0.27858724749904007,-1.7186495218076243,2
0.25179881773214308,0.19608208398215662,1.4540395252332097,-0.32581446123295071,0.046452576016684802,-1.502983257448641,-0.98056015377754624,-2.1012226563296679,1.4614819207196275,0.34349089847872638,-1.8252568782052665,0.086947695920135543,-0.66147224670645,2.0268278866601235,0.3647869380682785,0.87973333964436873,-0.2002875906488758,0.13846476408208339,0.068304936242274766,-0.79111545985517029,1.2288483075672127,0.33758474756537465,1.2313469928922327,-2.0464418918935765,-0.9209881874794601,-0.054350020489258605,0.18236779485472898,0.075869785872549056,-0.12758180349687046,-0.2117993682290274,3
-0.12839706772660608,2.3334817852537721,-1.0886191036919848,-0.26995845073894414,-0.95293245288084416,0.4415997799031029,-0.36366534119473309,0.38137194372309408,0.92896397360981275,-0.68460691106236882,0.31201196752147725,-0.47641626662141101,-0.029784470786732305,1.405263038696027,-0.19957639070568561,-0.46125418053210393,0.15465796271545859,0.630830007118518,0.33654106109338489,-1.4005174841725518,-0.69056437616099964,-0.18658508619141242,0.77277481394653613,-0.28003319139377825,-2.051044280249295,-0.37280416616816087,-1.2880889963780209,-0.57782889314964458,-0.24178260872385421,-0.88386419711061504,3
0.19866191737894145,0.69932095089328883,-2.0418493102633426,3.1778658494851553,-0.73840531698483103,-0.30903232068298891,-2.31883019465646,-0.68229718630222758,1.3919041850280665,1.0039898134965684,-0.25380484288392474,0.8317474339571268,0.71151604565196624,0.28665879918735371,-0.69710798687075548,0.71106671390608711,-0.5540700041256037,-1.6532406795294121,-0.46579224104254413,1.3036832104557665,-0.3332119404989301,-0.90526561392652605,0.76905737648772865,0.39149460067385466,-0.18928747781866515,-0.40669925407735047,0.91067154578112275,1.1365535373724198,0.61168358616679019,-1.9401457167005862,3
-0.44031624718302287,0.67430280487389815,-0.47360651125153563,-1.0727411926756785,-0.032020450148590458,-0.94078251685057368,0.93679385797034254,-0.68491547957754573,0.47987352402845163,0.1077749546477047,0.4048793404475709,-1.9287161350642408,0.57745199407339365,0.087664046162115261,1.6075681091539396,-0.37979319985903409,0.87365937468530708,1.5749548445751427,0.036491739069817994,0.39334925756888089,-0.1778593714231039,0.033161995953620675,-1.3259338540247552,-2.1253383194448849,-0.68206170484730932,1.1688744048929949,-0.073294137738223825,-0.56806998448661239,-1.2942584029087685,-0.95081220201075611,3
0.33893289554443035,-0.92713276984508874,0.55023203850600377,-0.59117843624640953,0.66932778406294613,0.38199902967016153,0.027997969262146729,0.072171916188666752,0.26548446483071897,-1.2413331400326997,0.14431166833093589,-0.2834075348304681,-0.32093999237364612,-0.69621944309253536,-1.3085659587521339,-0.29150777259253918,0.7221130240289696,-1.2215538713244984,-0.52550548425646104,1.4539069755170719,-0.073552726608098334,0.48510627574054638,0.70330250660853599,-0.34300478906419718,-0.36474404472756633,0.58308871268246587,0.79198776780862323,-0.117740894860976,0.73028817763819454,-0.42492161282586804,1
-0.35810301839203218,-0.9685543503268369,0.45510221061489131,1.0054006759587788,1.1702852159720982,1.4403972011673174,-0.0029681964513375136,-0.69539704264568047,-0.4364188447977671,0.14213158906805812,0.34197969539983825,1.0538471290770133,-1.3239841502807108,0.93113527442099586,-0.67267377268490025,0.7306712456022767,0.27541176873976952,-0.42064739308601157,-1.15641859773793,1.061220797202163,-0.94380514700503848,0.35476251572855039,-0.4446491530019881,0.92655188177892944,-1.5113118390516944,1.6258629139006351,0.024034113178972003,0.094961391161282951,-0.41829121930008178,0.010883723688797546,2
0.72893220459658203,-0.15037087955523515,-0.0093473742556456334,0.40865641701396838,1.4937286310426319,0.063729309079975094,-0.11855630667522886,-0.57406424295288694,-0.59318202732323155,1.734528896065715,-0.46832602342551821,0.67360906266654397,-0.45798712152763998,0.83251369732011382,0.44333004186857022,-1.1486517422886471,-1.0407024621557095,-0.42010784757988845,-1.3339445022009839,0.83062387091191126,0.31719787517860099,0.91987221688750198,-0.071748554426004738,0.10148671555763124,0.7343324497424687,0.44756490115659753,0.0067084415964933503,0.31312713583377888,1.2420553246757415,0.52799391445184063,2
0.72805490764144076,1.0742142472922931,0.80186863395642372,1.0587960064544988,-0.6408896381224729,0.50526519538532311,-0.17521850725884588,2.0445842927525684,1.1554575349454883,-0.97353500654188063,0.04246565846780203,-0.31041640754133298,-1.2152201369829982,1.3022304392083945,0.30363512123207176,0.21963630799814737,1.8033152376249941,1.7577242999280804,-0.77872878180986083,-1.382171488752147,-0.78172195821927692,-0.56372429516223799,-0.26311251184488998,1.0116967776545285,-1.2535247070050122,-1.8837706471262579,-0.57811070381144802,0.93164123054805614,1.4851292342887072,-0.64431643784999082,3
0.34010187344770582,-0.88887376298952059,-0.87200725898251497,0.0103348438798862,0.2908308130676231,-0.12031443399518602,-0.22441373366135539,-0.86742896745649345,-0.45652434849162382,1.2440126627306087,0.82438156530100637,-0.27404591194862632,0.27272116423034248,0.80526018171008873,1.1982008102312622,-0.67405331485136266,0.64209903702996307,0.20742848042557746,1.12536209677475,0.0059046744228573207,-0.2352833759265007,-0.87242207753625922,-1.443637193222441,0.41987635982846894,0.33181712519335926,0.19083771125282073,-0.90829689496886068,1.0180253130198196,-0.024417490846952272,-0.52112422854005402,2
-0.78406853294355239,1.1927261834278662,0.75329165639556439,0.30761271032490101,2.9091229742452049,-1.1755139378793009,1.7577331321604237,0.93082689150871989,0.4506460773570683,-0.14880065098551348,0.089556826470317569,0.78995229361796893,-1.1862285541534945,-2.2617622606583985,0.29872193348720544,1.4317829785026741,-0.082427867782826805,-0.27007609101320712,-1.7380656831165,-0.57228721221970325,-0.86283354079333763,-0.14171014764040135,0.40669619144570518,-0.7767505929892391,-1.4541148532022488,0.41016185200678634,0.77949978335111081,0.53731922167716617,-1.2962483910996085,-2.318183527993694,3
1.1598666859057065,2.0292016733230924,-0.15110291798302353,1.0993247042749048,0.11179989665656434,1.4688274954658418,-0.2668517492934625,-1.1654519042600973,-1.1058557766049557,0.40793081752512206,0.66529606952377185,-0.8381133727812955,1.2192242235194919,1.6069837079258278,-0.019016513008008166,1.7376241193626394,0.73532885324472075,-0.093370576650572287,0.04100092003536171,-0.45817097721173161,-0.77133416052846149,-0.27611007445565927,0.24716365774308707,-0.75177959364058533,1.1706018835084766,-2.7564649460394999,1.1060808505177822,-0.98069205176239427,1.7166884446613355,0.76046439453562997,2
0.14421103713680739,-0.5835109959135647,1.0223082504638445,0.19039169400272771,2.285188721060357,0.31815636546677561,-1.5857191388873764,-0.56642711351326003,-0.68053413324498946,-0.14197381020204608,-0.025699633800257402,0.22184089176146241,0.024498268298247885,-0.47071041432032912,-0.15379859892416761,0.2613697715981167,0.3326696398284722,1.6800231618083614,-0.50105892229104354,0.23716447665869994,-1.4451592488708562,-0.96543739692887365,-0.81132531509010797,-0.42936653294369553,0.48260355566836627,-0.23188853226362444,-0.75670258516016398,-0.076850419635443923,0.17574729902469677,1.5315651419153151,1
-0.67904536303246921,-0.092534246434049242,1.9807661037293143,-0.063556075547924418,-0.015270451599025002,-0.1730920010472019,0.023223110792976474,0.11442157131982178,-0.4949798554294656,1.7725165495890496,-0.24529017413134402,-0.36525202711493981,-0.31759641264216437,-1.1195945878681397,3.1601909709214873,0.26554987154352977,-0.071701314096909968,0.93169854089075221,-0.74863523974951418,0.18993859360280951,0.48273645073225158,0.68856321691128664,0.070043808876929362,0.89177794016444378,-1.9451088157617973,1.0068817536629286,-1.3286829391840809,1.0696008202446343,-0.12969703185594081,0.39702512361084558,2
0.18889319854641959,0.29228766406741491,0.61947315744952525,-1.8995932982152457,0.99952312460682669,1.1572022260593349,1.2663832546980569,-1.4193864359179744,1.5631603014970223,2.2170614115391238,-0.57248738576902025,1.2023296348080337,0.30605540101630035,-1.4173170444226233,0.38994127858926264,0.53405336798790348,0.29238395256191291,-0.32334344019564243,0.41698346017937538,-0.21155602919826436,1.4287760803336076,0.40063992195473552,-1.0041537236238471,0.71005061639568778,-0.18893032526324968,2.5527116294617551,1.215027040517906,0.462849161389292,-0.53925607191844904,1.6858264412700872,1
0.29407846360366102,-0.56441871494088003,-1.2720651334284676,-2.1610942406234663,-0.089659333725569182,0.28567284908504714,0.21580934423372553,-0.55142597791819392,0.43352934843417174,0.74960390307163682,0.56538987984619238,2.0144219745875396,0.89321055527933524,-1.5549238613656011,0.48729537521194077,-0.36567563469230618,-1.8814440388013702,-1.6820304542007143,0.38188060544018271,-1.9683944836411562,-0.61952372176735571,-0.50286489653802369,-0.72055262728534786,-2.5365648815278865,-0.93787355765307268,0.9368085431700589,0.23743058007018289,-0.70580162767498045,-0.89635425099187804,-0.40569904272230017,2
-0.8371392877681495,1.061081554815352,-1.5440274443685462,-0.86400065297831907,0.84324986716807304,-0.2102260678507917,-0.71011492193099779,-0.026053137252565872,-1.6930609937447403,-0.93887029678502676,0.52652120426414206,-0.51804938634489905,-0.80739960792834564,0.71055680616118122,1.1525862343688951,-0.77745577843339575,2.4405099457014132,0.80531914541475957,-2.0013106324821432,1.6435887845737274,0.81058107638361498,-0.45871864011297703,-0.12821198383624022,0.76884311548447248,-1.0689097954499158,-0.63132965857167578,-0.77121759688615454,0.21575908176564124,0.099124925173972644,0.5715779698207103,2
-2.1268809732894187,-0.4808530310993655,0.73162216152356552,-0.43267886905197855,-0.92659704658126962,0.30390253331642525,-0.42360448374550658,-1.364941138051871,-0.49833207811776292,1.4309201789441135,-0.62794985195060316,0.640054383488877,0.75362478595665583,1.7364400076671171,0.69211178372406901,-1.5628383417203182,1.1468374381751483,-0.5929237655355788,-1.2495327108428391,-0.34459039760895599,1.4036963670819216,-0.30267535593220418,0.089674924732541322,1.6095158598926833,1.7824513430830422,1.5083609657250867,-0.20904415756469408,-0.44877713207105929,-0.69508538673000064,1.6685379371914939,2
0.59064174240977574,1.0520427431510941,0.96397199989005555,-0.37608778930673148,0.32158567641240704,-0.66930042773560805,-1.182033640099694,-0.89016918762019115,-0.17193817052784469,1.3524125341006981,0.74934089391182079,-2.4426539399916143,-0.44507587367563511,0.23606767968581585,0.16001899215713622,-0.13468560588147482,0.83053679239572409,0.0073757334258675398,-0.31225764061516254,0.9617626969967743,0.69814762465114355,1.0587235159206059,-0.56062344227001593,0.34608683651495631,0.70967189838942457,0.023656057389004916,-0.22293429239734439,-0.30114305561497451,0.13956272227636782,-0.89263603323479068,3
0.40515738016187214,0.17807212162688221,0.60993341243438381,1.5263826798087077,-2.5631497108134438,0.36025535596395025,-0.4473182697597522,0.80818041406553798,-0.88221693723097017,0.41679229409723484,-0.60642139814710927,-0.074677404701150946,0.98824936259754714,-0.3015718700594357,-0.45817406071081818,2.0075478915969565,0.53159180724606192,-0.4579013244459289,1.6534265996292052,0.71048871820796355,-0.16575388005323557,-0.694417515468293,0.34400013476637387,1.0192950763195134,0.2663559067106529,2.1939500076061211,0.20759633510405656,-2.3010725323192296,0.41146176207473756,1.2681521438925349,1
-1.580001947683076,0.98378244798776604,1.1803349471572779,-0.73687056924382965,1.1672038331382049,0.31184654069009898,-0.49865915085866508,-1.1264532504593547,0.02478275078093008,-1.1314276675658181,-0.016080500777728938,-1.1155061367933465,0.57657242180986323,-1.1853537959669944,-1.1427726674311431,1.472365134055829,0.023011190598758814,-2.6442411106655372,-0.46048630469504487,1.0668645790509701,-0.39136885441151142,-0.91109742045434006,0.056738947226065185,0.76975137118264891,-0.05032963960943565,-0.69747139210657272,-0.26131789470946648,0.43643349814149329,0.33646924107735504,-0.068608787853064609,3
-0.055364600021898677,0.45711779011521758,1.891786817561719,-0.416009613435528,0.49614428738836519,-0.48393923206792139,0.41584296470680587,0.8768990738611715,-0.36340798973151395,0.27216928662375223,0.2155723281012536,-1.7167425729941843,2.6245526300754727,-0.29797348356874709,1.4397015215032756,-1.4533931367579862,1.4244186150277818,0.16812965403903335,-0.95871078386050224,-0.52350138457174245,-0.5548883186453798,1.2065268897143104,2.1178090071505213,-0.83140566615471123,-0.48284595019337384,1.9386580301622838,-1.2944477041321403,1.5746913036149126,-0.44427318623512557,0.91604575675462396,2
-1.6411649896144034,0.77463863526981902,1.3466623465064733,-0.24658342237821199,-0.66575822789226524,-0.41519888491581558,2.0921584552902242,-1.0138499449448777,-1.6308648600318458,0.17118959240587434,-0.11535504574285131,-0.031018477210355881,0.26830382767399835,-0.18243535825676982,0.15073949812796103,-0.40092521327910519,-1.0390361852389915,0.50184875545945484,-0.24446074387703515,-2.2237849403374526,-0.7133161134079653,-0.83541484889122308,0.59247202004441712,-0.18070655857613913,0.31969597175676706,-1.0695144370112706,0.48514974870256222,1.0363605287547233,-0.53377730923904687,0.56890965519219339,2
-0.53406405677687097,-0.27343675224805658,-0.76571168409437718,-0.18594743766789248,-1.3610065574863559,0.11763979001147622,-0.53698220488611459,-0.0077725343734485882,1.0564300549180445,0.65326303198154168,0.14640854112026561,-0.23463833936507275,-0.049925356822685216,-0.21569354288250947,2.2895792524409484,0.69391174752443385,-1.5632765276665526,-0.40413806759608534,-1.0532391148755118,0.092525973867777001,-0.065569883010225608,0.74271383801650026,1.194455090720888,0.52286715743825896,-0.24128571895752554,0.88620419579935339,0.26841993851520507,-1.8290843255119158,0.99260222710830004,-0.9994873817245491,3
-0.39000441906624067,0.45343159840759012,0.51120398054194705,-0.17133497457067456,-0.65018078770617649,0.14618588566713306,-0.68066363167077804,0.46775109297329831,-0.40282631526415408,-0.17090422132131358,0.32389741939505878,-1.8078959067728777,1.0164832840580469,-0.71608582974925561,0.1711104803639554,-0.8348264923734362,-0.43899538547831501,-0.096182616293755491,0.8556946880948999,1.6490900711689027,0.40691351498324979,-0.36635258544510113,1.071722419489342,-0.09589537125859926,-0.14000608149603783,-0.50154572527431551,-0.18012932039970678,-0.98767613312335234,0.3207750003941901,-1.1288349949072056,1
-1.3186159252685894,0.82309894791521176,0.69465001275674731,-0.029964412996572036,0.17065745553468664,-1.8483550426850115,-0.060195344512503961,-0.010847013931762437,-0.30861707455984583,0.26619982778875534,-1.2891037997027399,-0.45468556784941871,-1.3820234759315531,0.052393528532454769,0.57509078009499892,0.22389503981364164,0.93310947863914029,-0.54725335224329819,-0.48197222197173706,0.68380771706865207,-0.56688639979057565,1.0446669674253646,0.0063017036828410108,0.33711213820191588,-2.2428788716724775,0.19393133322295794,1.4832211250505425,-0.33633964791632409,-0.34516259717851344,0.53839777800693489,2
1.9141516422011651,-0.55471802063559561,-0.73987040028205475,-1.0628823187785601,0.46511600958084631,-1.0645006635081893,1.2461887571170327,1.2444840539874902,-0.96605098561706571,0.66117982002663134,0.13402163094985689,0.95646166257540388,-0.54370321931382848,0.75893282026391995,0.86086110503960978,0.88092086516299262,-0.29983810904969466,1.6533642906808736,0.10953582218468941,-0.84901369401508497,0.808262017687291,-0.071403722452097487,-0.014384892003764471,-1.177285944723476,0.65538560903375209,-0.53505324760596573,-1.2870765204642554,-0.81354780833959428,0.0014647731596395355,-1.2163241528546573,1
1.2665302026912475,1.7934763035269905,0.11697440517683631,0.61352316761319758,-1.4409747341819821,-1.6399446703702689,-0.97203992714876941,0.046251985773061825,0.35754061018525757,-0.77385506361784917,-0.56966524433435428,0.20512214469617671,0.79506784655912777,0.72774411049350807,0.10493994876071913,-0.90319270256671491,-0.246868633275831,-0.61081223965929266,0.71248025432422668,0.40951563535696212,-0.45487764681285514,-0.55302033287769214,0.17959464233741518,-0.31230253492298499,0.94719111365796038,3.7018647584698829,0.47564160432395652,-1.4770147682793455,0.85232168767950767,-1.4840739872715958,3
-0.67757407852529739,1.3347982693422962,-1.0752506986690507,0.98420313914612678,-0.38547061350043782,0.061799815376278905,-0.87117573289154848,-0.52231346882940966,2.4729997605614171,-0.60610329409234109,0.2948353244649155,-0.031790996472798205,0.073316710590771106,0.48465623690770732,-0.97024694794891919,-0.93135339812789641,-0.7570348724248247,-0.99674164390916986,1.0787982843159651,-0.40721514071652798,-0.3134658971886406,0.41501568043926168,0.92364568570944849,1.6227962562653009,0.37242714792209297,1.984909228880013,-1.2167204629324988,1.1188256591541437,-1.3523580508222195,1.3019792526780689,3
-2.0540019975735175,2.4708021607915485,1.3961761190982065,0.21877664229180169,-0.61297241227416011,-0.89319768829281254,1.5880232440595172,0.73434421923447046,0.11416678747290943,-0.76112452299337274,-0.68803229142971534,0.52771533008932869,-0.4244955112061915,1.5108636741862125,1.2122328721436308,0.28586070670025021,-0.61226613414461606,1.427688032141176,-0.4277493455684242,-1.3947458067253724,-0.12267330754010373,-0.90782624482499874,0.50647194756435332,0.012608209379302444,0.49717491803868841,-1.2836891168544728,2.1869711528612914,1.2661751333374502,0.052589652249301899,-2.2973886762505686,3
-1.0068288502279932,-1.3618311534639422,0.1265776497053254,0.50095759007957619,-0.87749308794331793,-0.11542481698941795,0.10744302045069308,-1.4886893777135237,-0.34230387438417764,0.22362173337500441,0.54962550963116685,1.688953315502556,-1.4137911670831145,-0.73826977853542775,0.30923513135924469,1.0920833244302888,0.39614222041638325,0.77784229810392369,-0.60404193619555702,0.98511422620826705,-0.87629194437076274,0.22337422759057382,0.39365598181215988,-2.1593244116032695,0.053524660263303887,-1.3853821445139278,0.074939759693850388,-1.1208768455221183,0.11257653975926123,1.1104469996387833,3
-0.0895889552476202,0.93140171662516524,-0.28915320111646164,-0.6237532121683611,0.25589558873092472,0.56848176710990639,0.67273408160364812,0.32907877574454725,1.382051190935208,0.1213248535804089,0.13977604273471228,1.6596590959184301,0.0075183110017851221,0.82465657664926328,-0.15287110515241206,0.22579812024954385,-0.34799556985195362,-0.22923499942753145,-0.24704422724018962,1.2481518032105423,-0.94053047940936141,0.20962885818589252,-0.64582893790673424,-1.0721010123509844,0.47412902013643166,1.7684854977474069,-0.176220507763341,0.21204150988407641,0.24768230406936856,-0.30978140672998472,3
-0.046216060703239872,0.20667731422273672,2.4038217956721506,1.7629098786385011,0.57898480485819503,0.54292598660925018,0.55182811391276887,0.84275459572766409,1.5832360155231482,-0.29794269695371101,0.82851037677761052,-0.078976805248124629,0.4497746331608542,1.3226797540516992,1.5415691781602014,1.7043880921666044,-0.77237957046666883,-1.5413871523088283,1.2730754472090533,3.0603831219734245,0.75068161891493779,-0.48475951795682587,-0.26611222283308111,0.98001280097196175,1.1789915276362983,1.0706487224757071,0.15047608738025359,0.52555116982779637,-0.18567433528870422,-0.020007400206903239,1
0.61114797838896506,-0.0051474400290729251,0.56919243014316367,-1.2368397551454957,1.7783609787062926,-0.84490758784006914,-0.72975525161410082,1.4790453931378014,-0.88115333064597245,-0.34595838146826563,0.59750485428650957,-0.48556069061404916,-0.061378690547686687,-0.071402058143753527,0.058750691424268461,0.38872132330818765,0.64544262903173988,0.16044873884304775,1.3419008626224604,-0.25980436570013105,-0.662672576636963,1.0928191337626414,0.20025198899573168,1.2252625282002314,0.61578743866859009,-1.6113909312031434,2.6665067740322628,-1.2180695929887391,-0.056224086388131429,-0.90632817569836677,2
0.063582035327289912,0.47883061315681702,0.31620839909298448,0.57845702957718681,0.59023144842486075,-0.39764309805510734,1.8939617863349176,0.62285996931318743,-1.1228014676446032,-2.6346648109167727,0.024568778267923939,0.3145043722848565,-0.37137323825969298,-0.036306620880644548,1.5057984875762416,0.056878059656256717,1.3805634212704734,0.51680082944362438,-1.8531603551499625,-0.75104783072870174,-0.51693606507618128,-0.25387394849955802,1.8283922677679745,0.025335397455036483,-1.0132197389435689,1.850387390449451,0.62739774889183197,1.137778625556024,0.18230299216674589,1.2309181450895816,2
0.10419400034451459,0.2957423647628748,-0.36403981120600942,-2.1855405159147527,0.19383012253148116,-0.30287239633067431,-0.029187225501253827,-0.57410632691775432,-0.60423708782004326,-1.917544703582829,1.2212522586908057,0.98216763418487651,0.4334522997709041,-0.55739904453504641,-1.2203052651149691,0.24769314194003719,-2.2887476000020346,0.22116713093544185,-0.37626204745624769,0.78241996923929413,0.45506605338115608,0.47763771065395116,-0.86208185272144755,-0.52763896474450955,-1.4487870005227159,-1.143622419328862,0.49957574470129701,0.74412761233538971,0.53830583028438261,0.58560413338998485,1
-0.78138231398403102,-0.83201313100890495,0.022045001709408273,-0.84412921855831757,-0.67179423630133084,-1.0467411524616295,-0.79432917509095224,0.10273249745126381,0.29683550219960653,-2.4238602103528,-1.1849300305421522,-0.68005162118654239,-0.43167440720339956,0.66268603946316129,1.104482171124133,-0.7449258377115503,-0.49334486635072816,0.30024254991875854,-0.38390033981593419,0.9385238834538745,-0.33940886369059958,-0.0061619720686418881,-1.0369625022594873,0.49670347962780698,-1.9833517438527168,-0.84668873606818618,0.37558274887135989,0.91588591483202553,-1.0674806948197997,-0.57867867888000935,1
-0.018683682716715458,-1.2904870307641401,-0.26002767197713333,-2.1878805474866447,0.030517362536475804,-0.57545603303618087,1.2507535841220196,-0.94578553890919037,-0.5222905911576623,0.40641280355900988,0.40162105236166035,-0.90362417704770504,-0.11690018349027083,-2.0036989253065358,-0.11874042407416051,1.4789892564237326,-1.5259620062919059,-1.7434710666158582,-0.30352861307689905,0.035285465269484687,0.63951506729034591,-0.35895924136482005,-0.48512330113540331,-1.3644453360789113,0.14289017194273021,-1.2067247729556567,0.25342115218154293,1.571987431751471,-0.25186061149474193,-0.62943423963826672,2
-0.62730559491501592,1.3167760273350431,0.20081078973153918,0.19133807516759857,-1.5625176856442715,-0.8194126073636947,0.59665493559015226,-0.34290719069191483,-0.15884077752733572,0.8252548511608363,0.69911495260843426,-0.039154623765450133,-1.5145196818442015,-1.1736195016970306,-0.69355523557043042,0.92129332372517481,-0.6900420277708551,1.0075827166752647,1.6121843074550439,0.20304823895889276,0.22350853516025376,-1.1311909588727374,-1.1507700261822325,1.1270320263127511,-0.18030995843044195,-0.16635264657183532,0.58955404889314311,-0.32925176674905754,-0.83600048230363011,-1.2610342611352423,2
-1.2732748651216379,-0.35153934792801222,-0.84402142558852133,1.6565524713960724,0.39297366797566019,-0.63861225212678696,-0.93510684528158217,-1.1168019445595125,1.0347298516046957,-0.84947631093854792,-0.82113139066613849,1.4928099552527374,-1.1452434934454745,-0.64890856093135096,1.0837102485116568,1.2295550787480192,0.7032099982084784,0.59765067627780344,0.2788166629652673,1.188253032679788,-1.0055799593316488,1.1013946718006342,0.077597465270534252,0.58494569873704405,2.6109920787526,-0.32705644600749695,2.0812085581739073,-1.3663250480684173,1.1755677503534867,-0.7944756278724816,3
-0.83560058283053906,0.28358907185151383,-0.69016400715838855,1.320817342110596,-2.6484604949092705,-0.2385334884688938,1.2117582626670709,-0.80193015052458028,-2.1533093912061152,0.029815420029514584,-0.82279455766020682,0.40151366821105339,-0.77027047554468864,1.9919934977403004,-1.8434959180405852,0.51901797978012865,-0.4165167161985398,1.6397180085326128,-0.066079337318082743,2.0739649381360663,-0.012447768870413371,-0.57907236170339094,-0.023765307192794939,-0.39292500357280291,0.36870969087985173,1.919487520157042,-0.53005313392002773,-0.97966775254031124,0.58272287114820209,-1.237735511043887,2
-0.26837238497195409,0.23501465085052009,-1.1366832662944437,0.71356048884884027,-0.15265434720527649,-1.8777889246953741,-2.1168726508762896,1.151974721042804,0.48009562560730795,1.053981660182546,-0.37664059578579351,0.44917347196203622,-0.22730107479631473,1.2468726450571193,0.41910799080548244,0.19340070503908874,1.0218464051814726,-0.081162831274934885,0.55587670149753687,0.93079931933594962,0.4500314311946001,-0.49723692610720432,-1.6920575998867537,-0.25927797459817925,0.85382752216291602,1.1873632151616846,1.8687758627655966,1.2216973398726441,0.36679287717388454,0.11669196734724614,3
-1.0028722889250234,-0.46978207304934794,-1.3327782687881795,-0.16623060830369896,-0.26128926354273324,0.0079121740405727822,1.4146661371772769,1.1346677484069743,-0.4883466061582058,0.58737619002152419,-3.4723923139862483,0.85013867372822127,0.33020931811825449,0.60677761381277107,-0.3784727570916917,-0.83546719753080378,0.074048873987616254,-0.65921385955478928,-0.67425930420248825,0.79751953082370519,0.35650152036144284,-1.1575015320571913,1.8968833488749168,-0.46284002022502274,-1.1273378506163529,-0.1108772192793545,1.4172601436202545,-0.27813185718629585,-0.043903529274383381,-0.52089440110805318,2
0.4359824486037911,-0.08608161651197746,1.3505427085899047,-0.59483411961079224,-0.55007203211129108,1.3366000104985727,-0.68996310635379421,1.0066748009348725,0.7186324562362072,1.2473474668348286,-1.3877616945814708,0.4665779915165002,0.69375515024534451,0.023846276370100301,-1.5334059279473684,0.35328184403392004,0.43688670377668987,0.37250046739882825,0.13060634209379451,0.26639454058583995,0.79431788419223437,1.3047700819457937,0.78916047023375357,0.085215750141985944,1.1201075719863065,-2.0756307584192357,-0.35105524503637625,-1.6285855570261378,1.1882246297021295,-0.53677341650221011,1
-0.36758083789505847,1.5938939024087853,-1.410814679555503,-2.6550124767533503,-0.52802072586058624,-0.89978435719211436,0.15533293763556841,0.27852268889401594,0.39829271154273976,-1.0632914288595758,1.6423808893053349,-0.70978935261826204,-0.28349240200558784,0.79020012562267894,-1.0215007593970082,0.19841037690601779,0.66473969083303242,0.50918302428567441,-0.87783672404184732,-0.59567747004770366,1.1875978982454196,-0.47596473405143996,0.32864870197528229,-2.4638542643390617,-1.9261284032304276,2.313427946126009,-0.75147585405389883,0.88987434826233536,2.1887781560739268,1.9232607370355923,3
-0.095126300076782369,1.1296102035360784,-0.53926295228724741,-1.6859903091149042,-1.6021994162290327,-0.16812815355788063,0.7896455899019047,0.37220257596947071,-0.75128585171650475,0.053081246468057119,-1.1433786350223378,1.226701778458223,0.28718669288899695,0.98025505270269131,-0.86084230304009368,-0.017443431685577375,-1.6841962408244262,-0.14685081847532652,0.24382371713581666,1.3155486254681605,-0.73681481059402754,-0.054730918931258879,1.027626816950256,-1.6641762347863698,1.193686892687827,-0.28285374113195422,-0.3690370298222988,-0.73440402979654062,-0.42519079062445908,-0.74291451845118439,1
-0.55247243124271916,0.95643403621569301,-2.1051084203949286,-0.89738071996169466,0.28159122929729202,-0.15153482400025831,-0.37430976580756609,0.30501430106459088,-0.88297750661305718,0.67498116961547772,-0.11799809762428778,0.82877681244363177,0.82585610172334023,-0.15599105189420134,-0.05418600861103829,0.74413962823259572,-0.032618316134552003,-1.4701565622246873,-0.24622431357688579,1.1349581673618105,0.047885113739422121,0.59676902295242373,-0.16715517175598912,0.26328399540320874,0.36539628695070253,-1.1666904869546757,-1.2165858089399499,2.7063505117291164,-0.056958906333385462,-0.69030287747355679,2
0.36366046195812762,0.5108149921290478,-0.4310881434439009,1.2220085932760394,-0.37560851151592173,0.20605896949297112,1.762524048226134,-0.59371978697890515,0.64490298077749253,-0.74113311758250167,-0.28152405775390671,-0.73957925663177282,0.54191060359759113,0.33002178438785346,-1.4944908320497234,0.93796038245995494,-1.0585901620811353,-0.23788202738227862,0.23134879575635922,0.5068762966842506,-1.5450410003394346,0.67576239594036402,1.1057993154502483,0.69319856115236256,-1.0851856164863933,0.65323569090773115,-1.6117279866358394,-0.11570681113440175,0.86232486756094251,-1.4074266153268635,3
0.82279343824822482,0.28745532644031335,-0.74932697640447954,2.001491121982891,-0.52791352075068287,0.15195083514032531,-0.50309481888672447,-0.73117618931324491,0.194873458430147,0.6109524373409061,0.30570013814311903,1.3379717751275511,-1.9831030309569182,-0.28984167368899094,-1.2709440321396055,-0.63811916157868387,0.10870716305384732,-0.34915186564908923,-1.9781778054595758,1.3991137844810659,0.53073158325834746,0.81405766827209125,0.64667004218161284,-0.18052977932553316,-0.2979479762229425,-2.1518945573120516,-0.63287035568538363,0.10519151905596473,1.3040638026128872,-1.1572035571663142,3
0.26220686832559115,1.9434444659037271,-0.40968151638155786,0.81721394774133738,0.39930810743313705,0.39717925976080481,-1.4976617423951601,-0.098382130216227451,-0.03492892818348993,-1.6525612310980007,1.9571984559159294,-0.94248653700402563,-0.63711422205249779,0.3332220095234526,-0.14439136439940581,-0.26725846975361622,1.0476357941095416,-0.47674720293391165,-0.039149940497020023,0.63924051194015508,0.44487145315305804,-0.40187214148700673,0.61320753753161095,-1.6174179139431972,0.63959836394611835,0.7470312597526384,0.28755080091061846,0.28812277922369123,-1.3318405444032908,-1.6747663097290431,3
-0.34212031986429448,-0.99717269976683665,0.49453199698240274,-1.9282945022796019,-0.25905492248632112,1.5053538322789284,0.66858023478045248,1.4002346756808683,0.25081939333775777,-0.90264841448903066,-0.40264432880316187,-0.67114868425528085,2.5992159532984069,0.22988326315390004,1.1557987702609762,-0.37223161339842398,-0.34968519345111165,-0.9179171372904239,-1.5174532989747376,-1.2797844693238556,-1.0721424927615375,1.5531409579087752,1.0971813215191601,1.1680515496773796,2.2882667959374241,-1.0968707792231664,-1.0304873309487694,-0.62516321013807008,-1.1596982861633001,-1.2692130657167437,1
0.30276374212992618,-0.59530702033347682,0.85223828385982581,-0.19566411244507179,-0.72378931962364312,2.5553576174329988,-1.0894606215418134,-1.0966371718880343,0.55295037997314456,-0.3719118769288543,-0.033167245153813654,0.55342282771668416,1.4310898463366712,0.66235419117107086,-1.251287198253199,0.080334780749514598,0.75918386366269353,-0.025039224379926804,-0.17950356191443378,1.9329565780071025,-1.0548094654303171,-1.0776841899207106,-1.3110570508195243,-0.12950075030838365,0.89139683990701057,-0.063303443023085215,0.10364904443303811,-0.92223826879341164,-0.77043314520866646,-0.093492239744188854,1
0.1020950681730092,-0.57044715372106303,-0.1092374574245247,-0.031462624051013494,0.46996972848882296,1.1451674962839602,-0.63084132348418309,0.3961532237314323,-0.35728218976080611,0.16996497394005469,-0.66369715008102803,0.091036574004071072,-0.87501563975754404,1.1471921927508777,0.8402551354990021,-1.2886622607838807,-0.28608901850734325,1.1071703909924451,1.1633114208595805,1.9256045751992417,0.17469015638799915,2.7596573755913441,-0.90308089319835072,1.1046699212439606,0.79360645412253195,-0.701686460771482,-0.31839376892910132,0.080264051174372797,-0.33827801151774606,0.39225325931931737,2
-1.8716612584729881,-0.92740147099180636,0.69802256431028831,-0.9295426634964068,0.55074204411071892,-0.13559784193846858,0.30759019977863555,0.96722384877406331,1.2858228169938122,-2.2587352081495249,0.16568987608333188,0.27538907400463741,-0.16117015689214725,0.80271371085360477,-1.1663525843398661,-0.27321525479299691,1.2599744086902227,0.71006772756635161,-0.64669778153336277,-0.49063841966432298,-0.38432496063979255,0.48461242886552358,-0.79024222597370453,0.060359048721609292,-0.57136113370443142,-0.27998058337554454,-0.011807726463184988,0.32090632809185493,0.78464025826571715,-0.1330545692377704,1
0.53239610102930168,0.99855002696821971,-0.45511009084216469,-0.2411803630515354,0.0092213245676152911,1.3952244866042571,-1.2956089203609169,-0.37286215355437069,-1.4110117601730821,-0.056379925556080415,1.6970906847395635,0.67732868637164301,-0.13962158371240635,0.85301076942971954,1.023585131413284,-0.37932902007523456,-0.047891989221754604,-0.26879998477245942,0.99874960162632009,0.40821000411826047,0.058959100086189938,0.96644406704390251,-1.3252523204314353,0.85793474460812547,-1.8546340857365247,-0.2674157780452267,-1.0090703152566802,0.42444378596357663,0.1585042625995475,1.4144537029591184,2
0.36132534030928326,0.74728988394390083,-0.35507446685486554,-0.039059462811179231,0.40694192563862613,0.48935966819079985,1.003222939895462,-2.2151672055712837,-0.16156386353727525,-0.35660893547516931,0.20751051052259087,-0.26076848225266991,-0.46540388344006456,-1.4508455346814189,1.4641851876679304,0.46012432713784951,-0.10714304476182972,1.0538516126683444,0.72395122673141121,-0.096169213870645462,1.8661340879833288,0.16240488651237497,0.78646759139712474,-0.23662551857945074,-1.1048661439643472,-0.41175191034140463,-0.15496938005965308,-0.67004951341791652,-1.6895172276499371,-0.10298451931994737,3
-0.83992695029946707,0.39555183530551208,1.7972821047044087,-0.7287634328477457,1.7616695483406675,2.324693924610175,0.87814132193821415,-1.6091579421181215,-0.95939415960170937,-0.37482850713991234,-0.59119207882560365,-0.84195233141915038,-0.87978673793291562,1.9627017064952226,-0.048016555286272154,-1.4044473878393864,-0.37450386689462656,-0.86462052156571312,-0.26245970592924611,-1.0623338136451861,1.4737540590782487,-0.52215448025978184,0.69177962607833532,-0.1172597678503762,0.13040154061556947,0.28011794379697252,-0.75132721188157936,-0.51652845700924432,1.3617117091389652,0.55291724581789725,1
1.709398383558449,-1.8904437876010045,-0.91785108972137985,-0.5549741634360853,-0.11026988165839673,0.80698941190601381,0.57885199099817708,0.38807369276516579,-1.5098398215878486,0.99302478911437198,-0.02625796635235807,0.68171975422961772,0.4088038929812427,0.044562356782487142,-0.38366111315031387,0.83676425643146124,-0.92837824313681327,-0.023787960270819804,0.28726198100435413,-0.38348271734001255,-1.3578307211966874,0.41788994375234162,0.3473849834094494,2.9443484299466238,-1.6190549669144108,0.65014115736796207,-1.0143147217036894,0.15093623858994273,1.1888116588988691,-1.0358508642477935,2
1.5775835399254226,-0.26130830228503305,-0.16032746273918358,1.3504835361997671,0.33427127244485766,0.528609193010809,-0.19235205581695908,0.96275822674624267,0.46880001549800171,-2.5135713551197569,1.1419227494553517,-1.8086680144267266,-0.25719397376959174,-0.68051616846698437,0.45288076878210265,-0.32980653298501028,-0.062815132235843354,-1.7728439739567765,-1.575816974042803,-0.89654432602103018,-0.6814738891686436,1.1089138658661595,0.48466719504313566,0.33338430617203435,0.49291849444045921,-0.89242154937101137,0.32330372727952394,-0.25033267121907471,-0.58361443206472186,0.54267509608756881,3
0.60586246722970338,-0.0081228358107202654,-0.13144730009039232,-2.0558202372292733,0.59578206940598966,-1.3361163893428267,-0.88836560239414464,-0.05546903536402549,0.060714746463458202,1.0989006798954857,2.0608636650212495,0.42318971603708233,0.3100177834138747,-1.4302203644459854,-1.3201725584570581,-0.98212220564045594,-1.6082259833524901,0.16269854562439032,2.1555128035036768,0.43428294408294627,0.14876165578434419,0.79131812359655651,0.76266942023823192,-2.1815980238103942,-0.82566458720014446,-1.1234294632501618,0.11689484851886256,0.85567093308041287,-0.71621192067136508,-0.17594580918065564,3
0.13164403028220348,0.031782454835152747,-1.279466133012801,0.36429269518614232,1.7358859977603662,0.99773141090601092,0.11271772762614986,-0.28325961483183715,0.48208756686582582,0.35100691590958089,-0.3189471121252655,-1.6134033273843837,-0.36809324167873564,-1.0083666898223775,0.21159025071402568,-0.079441374272163107,2.2730122153121992,0.081127611037368375,1.5156785858075537,-0.27397227422139547,-0.19880289188887165,0.53053473336547097,0.47581348608584784,0.043861176806291743,-0.51807154677707767,-0.12385502850272163,0.16981907057386905,0.35866942222744502,-1.7018389335847521,-1.0049343187471917,1
0.92272375357869107,-0.84274988304407172,-2.329504941945761,-1.7738572248376994,-1.3393611474571918,0.18460595679818212,-0.87062287273086858,0.23549742468748242,-0.33184012236450833,1.1350011739683497,0.99120991077727394,-1.7357509518231062,-0.95181668576906031,1.3063320664427598,-0.87782307950048544,-0.23016548596163444,-1.6248982155307843,-0.98081564309509484,-0.55038615032217619,0.05617427808971439,-0.91768292169263899,0.14235260281190096,0.54817683900412184,0.027339972414296823,-0.34187762845851083,-1.0519072105584388,-0.39401594737781948,0.27221107952740714,-0.47444900591159223,1.8654099970272544,1
-0.090329898555343957,-1.3404611156761426,-0.28374639763806636,-0.92010117081104592,-1.6237915312014921,-0.99477340511071843,-1.0803630208411863,-1.6484886826154657,0.37373802269922679,0.86319555461352948,0.57793098715985858,-0.53915904329996434,-0.86120488070211343,0.28534175540670087,1.2721311050339694,0.015324404726913623,-1.2926741571774376,-0.52077866346440616,-0.25797360391752999,0.77045247457549737,0.62702826011035384,-2.1888555490665835,0.62402330121171345,1.753617269167429,0.18516467876819206,-0.69540196455130887,0.092208209450735767,0.96525666270434396,-1.5499138968888024,-0.42239489237407696,3
1.5177021092553338,-0.44297758620128019,-0.045934506552434348,-1.2451156302468789,-0.4995279129388604,-0.35364502864215275,-0.11960628972000756,-0.30583606698930177,-2.3597985670765969,0.83064486668738724,-0.61896544886301341,-0.82921127692651952,-0.068050940044571309,1.2436167669544544,1.4274055558151111,1.9470787426129386,-0.7847819622317479,-2.3127035474401496,-0.80078544669371543,-0.65878792175777201,0.27170600856907873,0.72361249759498203,-0.89213341367625654,-0.081344010939317327,-1.3503399810388215,0.73233099834129234,0.11009140380966279,0.98600721685058201,-1.3425524674667562,-0.72692433583081195,2
-0.85508454635130737,-1.5860142609008285,1.2715256350980364,0.78466393309619731,-0.65496677911661771,1.0894072242546866,0.88603299876478736,-1.6888032149897096,-3.0272040754923366,-0.27297511563891314,1.079720435216575,-0.52704162375363373,-0.088936759835298237,-1.6024829377835637,1.0717447361165249,-1.6872734250383541,0.22995801715072064,-1.6705389236889758,-0.37641256881090396,-0.54686677610321477,1.2596457234955576,-1.1528619023069844,2.1417769036317988,1.1232373988806834,0.26423464141937963,0.26503635661385017,0.82064176644187936,-0.17650513869591369,2.4338560342205238,0.087251497911918205,2
-0.075453384047653477,0.38359009883860612,-1.5379516789579437,0.53335631072226619,-0.54339900268806596,-0.09169043022387989,0.21487116885876106,-0.26772517743940871,-0.54995354136225016,-0.15869514207094798,0.014621294495588154,0.084832544752746195,-0.58056994600692124,-0.19388400526181523,-0.42757309812731747,-0.20159914357330067,0.84193337382663136,-1.4873082745543156,0.15079301910611556,-0.28874865158782648,-0.98135630257726392,-0.80766327098738255,0.15109531057312595,0.11588564088113412,-0.9651004438952322,-0.43233233421358269,-1.3725856994136953,1.5513492914809628,-1.7826542307115769,0.2376738000035879,3
0.12393957436822348,0.30665253275581156,-0.047190136112978169,-1.5775341724871987,0.2427864934118214,0.23784528993917023,-0.75853424400987657,-2.1241461706854139,2.3665840269940022,-0.67237154511963537,1.5673727436610296,-1.6250458625942157,-1.1560232199837088,1.0680223025225191,-0.41558877110975367,-0.48010066200316281,0.29659244562464065,-1.010543405661364,2.5042391043131977,0.34388201073445279,-1.1704499829543036,-0.5489766876411436,0.29801698479708821,-0.26906906653285556,0.21381383758206055,-1.4161743199465588,0.22271295105116071,-1.0935024197675987,-0.78809028537090509,-0.89243513001991737,3
-0.096312313196132815,0.98916983751802146,0.083196009813326574,1.4707586657113585,-1.1466269484523444,1.1158078636804287,0.16405521624369579,1.0641109162924387,0.87775727352382849,-0.12438283906697856,1.6034435817135007,1.1356075769311396,-1.5973681228263286,0.54961450010360846,-0.96620369074317691,0.71835369681987316,1.7200537568969294,-0.23674593808424382,-0.3998007965179643,-0.43914471599208738,-1.6162788558263435,-0.67641190908766535,0.54928565664281581,-2.370123512920761,0.41094280903492031,-0.64131284151013346,0.28468709269256937,-0.12711853023536596,1.7754023648256025,0.77787418296591548,3
-0.68242355227889373,0.078617112450848486,0.44145466815066464,0.087155689589210592,-0.76073919830305803,0.22283947253967609,-0.16183088145867122,-0.61349589006361471,0.95790225218457359,0.35673641817943325,1.8215160692992531,-0.21002180578474017,0.59145990087912026,0.2285720473660042,0.55285933051334235,-1.0871338751745245,-0.74190846472871463,-0.34842020502693666,0.85613817152937166,-0.47772088982198918,0.36834883097624338,-1.5020589446574022,-1.2134564874528913,0.25735789497623568,-0.19749189866854419,-0.61141600343192259,0.36549800688267436,0.10730293481796424,1.1043221889349608,-1.1391970344966622,2
0.76328371555572216,1.0783825327046879,-1.4205190519933724,-0.036540031515721452,-1.1271807838755552,0.64860754246474706,-0.016582362460182791,0.24108795945353689,-0.4514287412832107,-0.063824388353454886,1.333366117886372,1.0477520300108696,-1.2268115992929662,-0.600324856214692,-1.3094476129638721,0.32139198159577365,0.94538598384616757,0.87706558870620033,1.2285870179937619,-0.20448568675597062,-1.0599317223634233,-0.88072127352146257,-0.51216334166296706,0.25757623104148891,1.6169884431445944,1.0211450222657696,-0.53021358846278344,-0.31944604516381009,-0.95339415677936146,-0.37008017905557439,3
-0.44354344512223137,1.7323492132150962,0.19327971487464812,-0.20080433286566776,-0.62988703125914758,-0.76470805507231843,-1.65941069392056,-0.30536882753390648,-1.0573314718295046,-0.85321511681766482,1.2915280610684792,-0.2942634649557016,-1.0296860492287525,-1.5336739287019567,-0.82125630459768284,1.2868659240895914,0.31562900834213009,0.16784771157446843,1.0712896218560573,-0.36490782762640955,-1.7108167524888607,-0.79296297573698171,2.077119810472396,-0.34391215345208648,1.5892427480688951,0.25136965101076475,-1.9843076204010979,-1.5139239458461946,-0.27826357541223873,0.1376922795163559,1
-0.64203908178327496,0.61090484026418912,-1.497126829318381,0.63998768917159099,1.073972176216667,0.75382088628908739,-1.2125638364149889,-0.037256675137794737,-2.0556626581917086,-0.38448844235089824,-0.86324678739828331,-0.047088119987541324,0.60337791044782985,0.82230950319992557,-1.6249366361822437,0.60446311743533498,1.6622094956099738,-0.031404625844764791,-0.10939502014922818,2.2910490380398425,-1.3603701926782246,-0.62264308051756778,-1.7005084874817153,0.41794798010672407,0.33742417268056757,-1.9023818328756459,-1.2741403208736204,-0.52245317227364496,-0.95113244075992975,-1.6822074043425495,2
0.96652418022880182,-2.0442623004125435,-0.63890494284773547,0.27512685646020918,1.138952959919695,1.7476377691668665,1.0889337603848621,-0.4672683473937212,1.4055485034777564,0.23016450464680641,0.56179142461162024,0.039397907771512114,0.34135932662210361,-0.32415879550715843,0.94472517134690637,0.0078437793985794129,1.462848011040353,-0.29184618602791412,-0.45796615293190063,1.0835763213570566,-1.1101697790625924,0.34054895065313878,0.53320740338685546,1.65157722039543,-0.36035467972031665,0.46354758551251674,-1.1566063267114119,0.45633966125289183,-0.09297083522335936,1.577051705918449,3
1.0904589934725446,1.460576440737112,-0.4754720718252719,0.66047798339643438,-0.1247447798535168,-0.63667239704872935,0.18909543211937774,-1.1842443622812817,0.61815701472948614,1.1762856279595419,-0.1934461587269875,-0.14952797320103417,-1.0681143752614952,0.23903792091058026,0.60950969428288848,-2.0888714712804033,-1.1801668720917353,-2.0068137977150404,-0.16220577240679088,1.1595372476240924,-0.30890148873306367,0.64525327554594281,-0.29461390920964281,-0.27100600772823102,1.0529035430949489,-0.46451342218338371,-0.036437965266393868,2.2011719875004769,-1.5939791887361172,1.4572516218554938,3
-0.66212195692624343,-1.9995912960796651,-0.67976190370378053,-2.8949970410681969,0.71932700196910593,0.576082590465674,-0.4044116320824776,0.98619551758047974,1.4512679620187177,-0.30794054192974329,0.55567678382191987,-0.48099253666236413,-1.3348406110239111,-3.3158065971069202,-1.0403704713253838,0.36874086235535969,1.4480949714011238,0.017230716001908356,1.8365167159160116,-1.2246757345374797,-0.47623817629361398,0.18576688406519171,-0.95127508036833852,1.9260025562387684,-0.65305351079362428,0.70186114172540515,-0.39212585885536733,0.1668210493482099,-0.085834452040752851,-0.84371387929343422,1
0.22625015896401543,0.36664975442711689,0.85838591201858327,-0.21838741932172667,1.2378830007190775,1.8468968392604079,0.54304095166820499,0.21028518737226018,0.95169867636414218,-1.2611674451673001,1.0008150566294081,1.2093877519278384,0.3680656411868809,0.70910156746738018,0.85069598976928407,0.52615992409944046,0.18891731029911321,-0.75934220900329841,-2.5414829166552138,0.10311173447855525,-0.10675858488238416,1.6214165442824431,-0.48147765007179344,0.0018964595168090611,1.5386394002484873,-0.92730716878175357,-0.42716168323753606,0.05269535904748103,-0.12330646611130119,0.85968910938606768,2
-0.19727034956004405,1.2958341454570925,-0.99459602833222793,1.639606105455566,0.49765412041586904,1.1991430537044672,0.91909844084916048,-1.9067896195297027,-0.076575838806352478,-0.093750180807573774,-2.0883008795345797,0.9402578435574761,1.2322696426956785,0.55372970898120011,-1.7333994281971388,1.4900917722355034,-1.2385707486493802,-0.14329027402725783,0.98708102636280359,0.82879226337944234,-2.0483179385193782,0.94082793587423375,-0.80566143562471049,-0.88531027273046148,-0.4203781935782589,-0.10390405528019539,2.1838307791642748,0.40665808358938538,-0.097037592688880903,0.9942619902159805,3
0.50175879816467694,0.91148094531884127,-0.10412248822855429,0.5470868398237313,-2.1935818182932718,0.26464712834221393,0.91945337462673904,-0.20504486082177911,-0.75580839733693617,0.62249480489246467,1.4771029942700085,-3.0036182995049603,-2.4003218952125382,0.61555628249562178,0.79843425140311064,0.54813392730500754,0.40799262530341951,0.092479622158131228,-2.3723073591463018,-0.075233261745806843,-0.79976732621569069,-1.1250596396739365,-0.76241269403897571,-1.101113740658171,-0.52662159141290876,-1.8695776343129271,1.610680119209877,1.2876930386813128,0.086860108129461544,0.36766945358057185,1
-1.5053641632755563,-1.2960344069677805,-1.5727408193797179,-0.92990330426864543,0.45893500344499955,0.28588746834092854,-2.0099369806335057,0.18588885314230094,0.64108705656763409,-0.11503612169712654,-0.57871867848998471,-0.51822211261860063,0.9480430605783422,0.2490037530034005,0.64123982772106447,1.5624277659792565,-0.41626164284645217,0.051544409162385042,0.064559455596498908,-0.90771941237117948,0.011956760327634503,-0.7886572081570089,1.078555301823878,0.38547013852281065,-0.99463344121704744,0.43360866767661888,0.42006560854429803,-0.64963612352911326,-0.42433089677433555,-0.39914663734413369,2
-0.02033607155666697,-0.51075266494570126,-0.10541939234370945,-0.94273369102165439,0.72586156717879491,0.68704258426438558,1.0909867783956777,-1.1402913132475458,-1.9374755336960812,-1.2729196503183415,0.87220870904064263,1.0431986054527866,0.076475553859106121,1.1511864250007224,0.157424304743398,0.95749426315605191,0.58709307899699203,2.1169010289127659,1.8293723668746036,0.41033962379667688,0.18219773619017082,0.59695303470117134,-1.1498405790292747,-0.87047246877423246,-0.39513449296972664,1.3910484192212076,-0.16767932920548373,0.40948903820447013,-0.22256502040274667,-0.61267671981271965,2
-0.68189885075287537,1.5745077658911184,0.8847625089182245,-1.0823382625973834,-0.75844892719184709,0.16130422873221503,-0.066193344434393009,-0.87281588830514711,0.90691232662494503,-0.70160297245928371,0.75471477599037184,1.9618235372273207,-0.2310253785701275,0.66847659284472094,0.11827206383026864,-0.62388793229292916,-0.97666751996925127,-0.61165316422623628,0.43452105693018545,-0.38095404920907611,1.4363740259565587,-1.4818296845482979,-1.3456100188059437,0.051762468538607644,0.88975434583085267,-0.11842189312869449,-1.476890625464232,0.500233845490896,0.48041580858695221,0.077638312030915826,3
0.23856777641154861,-2.5793012942887539,-0.53376249103279849,-2.6761266810338125,-1.7336811959859604,-0.89377732570031643,1.7677568539947521,1.6754326816811349,-1.5620814213371663,1.2704417611037175,-0.99923610381122308,-0.28318279469312091,0.31277044411151705,-0.50525920926555401,-1.4720548383745171,-0.14851764087568972,0.98025740497651959,-0.18646062194812513,0.3789561467188074,0.51442076642672085,1.6508822990299623,-0.064912611181952615,-0.23305337479510435,0.15031174310794818,1.1211488729411014,-0.1615216487123603,0.022855307269766735,-1.4742523007138042,0.30626184986075378,1.3061167621022076,2
-1.7457314159023813,-0.49909245429921723,-0.39722920174289877,-0.055002458565156773,1.0851850076453464,0.34973933359136777,-1.1144957528965409,1.0080149406013681,0.48139008901223351,0.49113573789524589,0.80013756017152327,-0.32142569696510304,0.91701507421960438,0.77627076792472938,0.85854403839366011,-0.29186712526892777,-1.0447271734370502,0.49446089582972386,-1.0559309839612161,-1.6610877750888891,-1.8514466016444906,0.058675136428464739,0.38048742759469972,0.29024960304250619,2.4022019023997103,1.3887291741096053,0.41912554081388775,-1.2647225670314624,0.27471308004803419,-1.719088309927294,2
-0.089837912273569853,-1.1878422289506232,1.3370718480878927,1.0136928147558482,-1.9040677729795759,-0.40779326938456828,-0.79536452954732506,-0.91364837440538071,2.0149529815543894,-0.46731590491356312,-0.95214309940446396,-2.8383454396900452,-0.61625712344936501,0.93486811515311041,0.81418108301363623,-0.38142753748489239,-0.14454976404271166,0.17184098447514182,1.5833764686745664,-0.92320622750817871,-0.85896693356803044,-0.41497443758471142,-0.93488355257303257,-1.3823298191408215,2.1161194212332379,-1.0586782549195564,1.3961108326973497,-2.4762872111549274,0.80058763051390391,0.27485889372037159,3
-0.64177745820279242,0.45616354248956553,0.55699718082792748,-0.41146095679401185,-0.62804660079089658,2.2490420631409731,-1.5741818576609676,0.32859463000732514,-1.1296407111266293,-2.4236948044985578,-0.25499448262655861,-0.47427617090932711,0.73155477819262893,-0.90657976160080644,0.0035141102544025927,0.8815503191511973,0.48471982483316028,0.61895499766375683,0.75549869907520228,-0.26048006591093698,0.43818560223793235,-0.17241219078729317,1.105296336280452,0.038293319692809691,-0.051606162721154536,0.41195137506771279,-0.95173651518191116,0.16518698289247694,0.61383353095781501,0.51118432962909977,1
0.51688356646540357,-0.7147116688226286,0.040462666314412442,0.69655132768034911,-0.23913803184342219,-0.12091611334057535,-0.24442828974465758,-0.34892368866380785,1.2133766703951474,0.33797738264168853,-0.64941509684528742,-0.19940097556099504,-0.76346722572355741,0.80904893277607037,1.0803852548186619,0.60315562980109416,-0.95480161377000616,-0.15925330271043919,-1.0014067892124956,-0.23919267535332078,1.0909076178367174,0.8606977361855157,-0.32414241122935794,0.63950792732311867,-0.70884719794750062,-0.30131681663187065,0.33842885251152838,-0.47083710396733486,0.1555799733550341,-0.2433430507528839,1
-1.4414833089672108,0.044778916032363128,1.8232911289761269,-0.8262803279342269,-0.34205521731768773,0.15842223250280027,0.38660490532039621,-0.87945409212865777,-0.035300314601494978,0.26066357582199656,0.72835006391640966,-0.69033819144194686,0.010776874132141094,1.7917164233136242,0.97267515207494493,0.10918184859402698,0.71045329733015794,0.26916444903059489,-0.39733616248866416,-0.1261707581383795,-0.42581279712292525,0.27971957083193216,-0.34181614202214972,-0.20725733206485625,-1.0434564387923202,-1.2757548132429499,0.39954603762055307,0.71828046083894814,-0.61440679175027213,-0.48723208835988557,2
1.5967647374469407,-0.11802971019242711,-0.50176035546279829,-0.72784792873722259,-0.11272915162911586,0.38348972193533137,-0.74265218621470852,-1.7014490154912616,0.66882227601083988,-0.75827140141313876,-0.19895659422374573,0.61255592694131378,-0.39508150703978873,-2.5189009415144219,-1.4165926440521537,1.2244511268286811,0.020066889655185272,-0.23805614390125598,0.18440643878482568,1.5021352254379177,-0.42617723900117455,1.0897444425350378,-0.20877767448294571,-1.5046798137920274,-1.447252198728153,1.2174585341884725,0.41614394795454884,0.60825702371081647,-1.2770740041709421,-0.67090122705847244,3
-0.091291382493949677,0.44107485433406995,-1.3109670705730865,1.3360120946731258,1.3822589084980423,-0.64989956314231845,0.6621468903527391,-1.0929120907824292,-1.2758660318773598,0.46871359448408251,-0.45499768538785956,1.6387472915957149,-0.096026238408361164,-0.99625060024547674,-0.74914753323793259,-0.86592065849451194,1.4812693102232066,2.0447886665955539,1.2856550093005024,-0.69577289315021695,1.7550091954864833,1.2175909063898334,-0.13293795052027996,-1.058290823744044,-0.33000496591203399,-0.60756291821141439,0.61378465806536942,0.93734313760621002,-0.5173681166828743,1.775679285960837,2
0.81667133152730365,-0.9517061043405014,0.36503937827060828,-0.4513489335655238,1.8077040859957643,1.9420786748077441,1.0602807860604364,1.342039334275668,1.289464851930411,1.1895538207076002,-0.2434291655924723,0.54619935517261542,0.68289516042684439,-2.0540819985670526,0.6553848102522688,0.80553750354632148,1.556128820976606,0.97871812702342675,-0.1316514492519151,0.82177652809754398,0.030904124506952988,-0.10878933216488917,1.4876528959322739,-1.1792866758598388,1.150040901278538,1.0154631547914947,1.7270968729546616,-0.46814509444492219,1.0410506332872989,1.0199402399873914,2
-0.59619341622963706,0.12320384313315998,-0.91487223472514467,0.44253028603679662,-1.0767673886380966,-0.028312710900268542,-0.36736937920395585,0.95097322814703278,-0.14267656484913491,0.48374858802885073,-0.38053986852243432,1.6384966247899797,-0.17150851189039867,-1.7494781708727654,0.78459008920202788,-0.57803599723969212,0.15772723011556977,-1.027690050128554,0.97434046644393335,0.73293498463586071,-0.79497670161124612,0.025472219887668051,0.84103356666797846,1.2836039695392565,0.10017059397450329,0.28877728267618519,-0.0094972982209728576,-0.94236273662510606,-0.34543791259466039,-0.51531245062143605,2
0.98351646548011007,1.3860883748242221,-0.69269787680889494,1.0887327140271426,0.22660697804562416,-0.28931451361484289,-0.23419666441493542,0.00099536468015902664,-0.23705614140273568,1.0278056671577804,0.034796756624513724,-0.5623577019179582,0.350679886529081,-0.78856252041738939,-0.75889847210269079,-0.41504732671627709,-1.0964549924714542,0.52120969881402679,0.27916332047970505,-0.60271116013956516,0.35976358977065631,1.1931088127726528,0.4477534165623851,-0.175882288053434,-0.31474727064898295,0.87611751327756859,0.28270529048402337,-1.3797053416933258,1.3987727557242409,0.45619839857522443,2
-1.2317999272029161,0.98261101751417124,1.6247988806587175,0.2812683890028182,-0.49839416311156898,0.4748326481212386,-0.66339078950922936,1.0287785849667499,-0.40171778401663272,0.10710934447104124,1.2741611369024521,1.2237360796469179,1.1897107562338578,-0.24675498042657124,1.6221213642386736,-2.4526183185226436,1.1787846960024013,0.041861311591127236,1.8963573752567107,-0.92984162056861741,0.11402302954995583,0.21504624561681659,0.67151452952934221,-0.55682849064860085,1.2770582479795056,-1.1056351590365077,-0.51429574032467218,-0.39595633890840964,-0.81315869663728224,-0.071417873035348481,1
-1.2540441423016573,0.0031994037683884965,-1.2478957031250439,0.013085520346069178,-0.18906316449062044,-0.13185547701008077,-0.2805496865279799,-1.9627285534370889,-1.6838246437497093,0.54475368545195135,1.0527119984572653,-0.59653081136652375,-1.3077273299381049,-0.63731861422693015,-0.8413873145617673,-1.0999236107817427,0.17888766978222459,1.6045345663796931,-0.69443763905824141,1.7546986323783846,-0.23198511995735607,0.057811062691948044,0.088729909832209949,-0.085830394592229506,-0.91188104231939227,0.24662195067334486,0.48904910565301934,0.50580271826384882,-0.10138917770499373,0.43999242823801393,2
0.56502996091671032,0.66585001665924692,-1.087411413385388,-0.10232698060698447,0.45805592295450975,2.1840078495572293,-0.022982930882747929,-0.11189317171768255,-0.5514165714735435,-0.41330130967531603,0.018517538428746746,0.59010838942418509,0.3864212411146758,1.159544656238727,0.34067036152930535,-0.51095275873167356,-1.5760403356477986,0.15759617938969642,-0.11107319282349454,-0.51485409770069857,1.5358715236886429,-0.83308023258074981,-1.0930957132995103,1.0382604920498204,0.37121345879259693,0.67942735714767177,0.65501540776926803,0.11805564779214689,-1.0195363322247473,0.7972819530264339,3
-0.83682806812040345,0.75492831715393716,0.11237115840009596,-0.62865767085653912,0.90692472768388765,0.11283212327092212,3.4743903471728976,-0.74620223965281762,0.12571616806734265,0.45221983178685271,1.0052273629540478,0.024255028734215121,0.77714791769873293,1.4617020452038656,0.92541436953917489,0.68391287570305614,0.20134617402410857,-0.63771190298379588,0.074051422772015055,0.025473555122472357,2.3431031987988717,2.3726230660602257,0.8724853500433194,-1.3263115994200569,0.44852025258623157,0.4142431607980277,-1.2191861716976125,0.77990890517043598,-0.39332003516431857,0.6389922779168431,3
-1.2444043935564151,-0.14961215313066267,-1.0920276818830446,0.0192804955465538,0.1405513761736665,0.45239173552000889,-0.37098349622302412,0.57081915021766427,-1.2294108956533409,-1.2674829452723986,0.65688071174589158,0.026045435974092535,-0.0036832521945464654,0.56196697912857629,0.41972425661458967,0.61810980712235142,-0.012650284857479641,1.5152248138229205,1.9929146436852545,-1.3413196205144204,-0.2728802585594659,-1.5884256435339754,0.94269785961438213,0.75843299833088462,0.19669606874947418,-1.4090215116719962,-0.54705053246298807,1.4134426160843676,-0.066582952212817959,0.09888144784955484,2
2.8741671021531063,-0.16045392154079721,-0.44169660454090259,-0.55976667025028781,-0.26481749403503768,-1.6442370417255949,1.0508144068809822,-0.86550082073074075,-0.0047085559981196118,-0.13016559481232118,0.94033246125587433,-1.2537730028961787,-0.31965280893124653,0.96648033229282915,2.1270055911851475,-0.010447703191324553,1.412781282270225,-0.63979334580437763,1.0043020304529025,-0.37713416594456378,-1.7683632873352397,0.18346074893623021,-0.87615834344330079,1.281847943317068,-0.077279315240350727,1.3940435314554656,-1.5387062252260506,-1.3409262363511389,-0.77004485163232395,1.0113699307859767,3
-1.1977604019478063,0.40608058376550749,0.13661868710391847,0.83674026767958487,-1.4800635668287065,-0.78640752640899048,-0.77419876212653571,-1.2012396564519741,0.044561631065531994,-1.0539219894341409,-1.0477017418759811,-1.2182512839039989,-0.59853287342525419,2.0049717258311204,-1.4556307722365629,0.23011633191133332,0.47586548532339018,-1.630536663816506,-1.5075715945181161,2.0566631722810143,-0.82469116966595257,2.0565668072553014,-0.56987296962055445,-0.74701089996515901,0.3317301187507285,0.51572119499471825,0.24982063350501871,0.24744188345527601,0.078131808760613541,-1.3563162200248589,1
1.4075148491779195,-0.019866681766893338,1.3744479739001509,0.42275500804706229,-0.25810307827964318,0.001434756426844624,-0.38067485796337713,1.2712816257950772,-1.7172671229582199,-1.1503991564551541,0.27793912211380317,-1.2469984263232388,-0.60367777489980501,0.12342544458033632,-1.3912311803153561,0.0054321539357606169,-2.1667783027451728,2.0128637670224556,-1.2507429283583038,0.50076094206351818,-0.65782205010930395,0.24741481391182418,-1.1102320019952734,-0.76637236866517322,-1.6222784080880479,0.78661912535686107,1.1726169277188498,0.60464661174310419,-0.82153015306398591,-0.43807313719089236,1
-0.60270526157744386,-1.6561609408737843,1.3840547758520707,0.32432691546361586,-0.12540651907920705,-1.7982516672239122,-0.75480860281001816,-1.1592180869852053,1.6660798292108725,-1.2395038526002926,0.20982342588902483,-0.25894203341526828,-0.29714452740146552,2.1272879360630226,-0.37189995001843545,0.007756618790244172,0.63070170011383153,-0.31993562937541975,0.034359844028698495,-0.59629433701637713,0.85807563831675149,-0.018248323278507363,0.17123083156546312,0.095053762206802866,-1.6113720788314354,0.45208927886764882,1.5981110076933738,0.16528434039790754,1.2748356842645445,-0.46035795759310982,1
-0.64900273700799749,0.068088349776900522,1.5021142870669795,0.37215548836660706,-0.75354828101842874,-0.149917746496461,-0.3743225632834109,1.7275420707977667,-1.4578878078908699,0.59147873285115682,0.91502928623476765,1.0490845390371009,1.2081866994254538,-0.23423060236194437,-0.13077906516091947,0.92922742607279762,0.92034143498425247,0.10394579150599498,-1.1912371644376922,-0.7368524236667543,-0.68468299706767466,0.10484742188453827,-0.45737377351331121,-1.6787012744640599,-0.2505883285189841,-0.34017070842686892,0.40985344761801629,0.74426355245112452,0.25625484469229626,0.064912338889946408,1
-0.795725237760608,0.80767333973695277,-0.99354418521743282,-0.19835651987569358,-0.99880423049514366,-0.31402194570445358,0.15013135846034276,-1.5532896187201688,0.54080488753616085,0.1824027659492459,0.73557289871288589,2.6678449272832934,-0.13887279421188597,1.226037511499436,-0.24472231364715655,-0.73514415780311959,1.0299539325277676,1.7485475752657686,-0.25329440530163327,-0.90179590785615404,-0.067189641799220892,0.22520669941438387,1.4345472496185454,-0.51068910096877684,-0.91936946735484093,0.73561873183792481,-1.2398102823847115,-0.4142557511534764,0.17077437484807675,-0.55478085173445368,3
-0.12523570181538801,1.1760458267628948,-1.253795979510864,1.4593257024626163,-0.48779664507495291,0.010536140305658926,-0.91645163675213526,-0.071848154433980557,-1.1374975567674095,-0.24413408778657972,-0.71841689826036725,-0.46782727274110159,0.63769071402002353,0.23928415658844648,1.3989942742119621,0.65878258405933465,0.37407619225511518,-0.97122917608561876,1.1507130471946168,-0.033552385875883127,-2.4645791728102533,-1.4204276859507898,-0.037741624513432097,-0.58976791160529995,1.0604943998173502,0.45695661372167717,1.1208871317411533,-0.65505733191029747,1.1488828137566141,-1.0939309368908547,3
-0.092489524486095473,0.008118938701808142,-0.75314668641664217,-1.3430178172381024,-0.24156917312911691,-0.92410329997378493,-1.3081484499545113,1.2366057279441562,-1.711829749739932,1.4375412131885057,-0.34054998590443031,-1.0906772773481859,-0.10069126526900084,-1.5610851631440477,0.92811858980396611,-0.41193718055212297,0.90535655639103474,-1.5444307321421078,-2.2156911379197659,-0.045703494434060868,-0.50108102842888103,1.1723695824743809,-0.3599430403371297,-0.070899631114231032,2.4178826131320204,0.0043417283105593191,0.6085497896861477,0.56935131380526682,0.073665195111571644,-0.57635300243951215,2
-0.22097109829789621,0.422725439512742,0.37051442510839311,-0.171641451484768,-1.0931858765769706,-0.71137757358787546,0.78712800958449458,0.13689001741530765,1.2749677548401022,0.048733164602737217,-0.66683162548968034,-0.55177362261899854,0.67228801302885199,-1.4925569449671217,-1.1786357563373568,1.0399932118623343,-0.70380934425885078,-1.6101362964516648,1.683291194021312,1.3985566941273486,-1.311898424666929,0.76082856094457962,0.69098768291641688,-0.087067239689928536,1.2262616609631893,1.6767636751381791,0.21651439105048717,0.78738757128285963,2.0964953038693137,1.2900790341102295,3
-1.3980355763003469,-0.25334086026023062,0.30932308505323697,0.083594825066091435,-0.015971977364262396,-1.1271591528345015,1.5979885897422419,2.4414314614506485,-0.98790936398601947,-0.72342751190199606,1.0830349606535601,0.14632564728395822,0.50036838346269441,0.70073263676758213,1.0092899175432937,-0.91597270678134479,0.39301927266068543,-1.6821274355782467,-1.1923422041031386,-1.1802672394332561,-1.4386798923374762,0.0052020577034597093,0.47811590789769676,0.18180005233786098,1.676600774694686,0.074515015892997888,0.083076373433327189,0.83594750043874777,0.21630596407459443,0.11886445937169168,2
-0.54833326111865677,-0.060617668175801741,-1.5421183858305507,-1.5362568607972173,-0.92972920085036126,-0.26944322419465822,-0.2624399530173564,-1.6879291389419206,-0.60187194453488702,0.62917386629112459,0.81561140525737275,-0.50199036906602801,-2.6311005458207819,2.0474323866913364,-0.67356734297520193,0.24287097316298456,0.34601706440106644,-1.5179951640331197,1.4791798766644926,-1.4721459146742593,-1.2596775913048079,-1.5244117842015343,-0.45782398582708739,-0.17965477336303434,-0.30380607488135142,-1.1506723054027972,-1.1046712917354415,0.61714041203724346,1.9150600132099185,0.61861275109391134,1
0.39935550469818515,-0.41675993298227326,0.095964920832531261,-0.52486721286091476,-1.3154209815546343,0.36463294881990205,-0.41245096090117517,-1.104562321545411,2.0936426361951885,-2.23939265636084,0.56728177570048743,0.49753650507028385,-0.47881990252882412,0.61657899739194877,0.7608683043329294,-1.5887649331723126,0.59999356636749723,0.22910620283785971,1.2169705074889205,0.62649635300072437,1.9636679406805957,-0.71779363695433029,-1.6046136913254372,-0.72304286091717507,0.6727915648591366,2.4534662290893263,-0.04345319985345332,0.65093383603003219,0.27734462592243331,0.95177387189452056,3
-2.0855449442786558,-0.77128287984544885,0.588218318915809,-1.9730438259053269,-1.7335612145464434,-0.74600080708871874,-0.91120133917669299,0.66243532055858034,1.2303736026575589,-0.89440544581294479,0.81028979655255695,0.52752753161503074,0.66894595843067706,0.47869618112768447,0.46135614724676877,1.8972855761668102,0.44764481285200031,-0.21611557015601765,2.4180597243757105,-0.27111322671708737,0.45978881482430961,0.29170477846008247,1.8684159131038431,1.1985285495422993,0.76718241152785382,-2.0823688616814167,1.1822725808520784,0.24639717787457308,-1.720784665466272,-0.73685637736279463,1
1.2994481044743791,-0.94393141071700948,-0.49056876914063324,-0.50554653386383241,-0.76452201051385393,-0.63987256917943847,-1.3615992978208027,1.2530519713062636,0.12456241563361538,-0.21834063439624696,1.4031764862165654,-0.41071543124797771,-0.80730699097760272,0.092848853574587706,-0.55503590533394787,0.14465182419329176,-0.67504091848478609,-0.48205261021072865,-0.28901888967501854,-0.66152872025106924,-1.6159279370459727,0.86429760599465411,0.30929134151743837,-0.51713236497292081,-0.064538023496288496,-1.5011047871107519,0.38366834321117838,1.2577921054107475,1.8733898864072629,1.5371936804582087,3
-0.069644283008869115,0.30170602618438919,-0.087140991868540657,0.51062869823426016,0.10720889595096131,2.8383150729959241,-1.9308432533513049,0.82529389128329644,0.36572785694295001,0.49956596551106996,-0.063008483431565496,-0.51958806473617047,1.8307231131083734,-0.16527237197695438,-0.58813469245230965,-1.0371429106402796,-1.0293504017583814,-0.42410649282974783,-0.87919277731389478,0.84390237047366645,-0.54689686319763409,0.33303868343119419,1.568526006099372,-2.3691263724295299,-1.754503759140158,0.87963304049761959,1.3601102494571093,0.3178174368951312,1.5514663388340688,1.3776269563944672,1
-0.76930739008384985,0.22163037981633624,-0.55668169677518997,0.0084704981290377023,0.32236277608622266,0.27718931554557974,-0.6552295634614187,0.098522225286826345,1.0494482052171092,0.11168930315501491,-0.85963237293540207,-0.16657045573864818,2.638845383815708,-1.4504877577406037,1.8311290671974767,-1.0198163778656684,-1.6470229384282145,0.062359545982886802,0.71773711694515152,-1.4309131565386186,0.94356049685999488,-0.643082555623532,-0.059118333838122601,1.2890010596219583,0.75353434782928186,0.98399235802810792,1.7551291910087803,2.4997290464975959,0.7433846381647593,0.42962502409465986,3
0.28271009632510041,-0.73508133792996455,-0.65838921131752604,-1.5390399610968113,-0.29346424804552873,0.29677022184257368,-0.51827675633052339,-0.16726980537442454,1.7105947004946509,-0.44997820280919265,-0.69120550345714216,1.4360901282564842,0.19102767475467158,-0.3936852322852481,1.6553217929329047,0.2116906963338275,0.50821497091388101,-3.1638689503704533,1.3932293801713214,1.5319404661182685,0.49738141806571817,0.90587046351855438,-0.5036344992807773,-0.80497345559874156,-0.10471635548357591,0.98102865785042193,-1.0500823303715625,-0.46261022594068685,-1.5021259755573964,-0.48510283785736713,3
-1.3987089287888528,-0.89509482601659573,0.74892556515876785,-1.1509749433579695,0.73682145116206288,0.2641225389220363,0.49916375448511185,0.48440285167463559,-0.094579418098573578,-0.97004213016697471,-0.52696579598868654,1.0174995557821924,1.0190030960680021,0.69827482133995511,-0.022575138711405263,0.62984585904203527,0.97013830202873108,-1.0253701797449697,1.5774165959857094,-0.98904429107457359,-0.2006439426475444,-0.60948130148419133,-0.46608611505991659,-1.8802023052534389,1.2401468491670031,0.53778592927902635,0.8227638279203956,0.30990950600701966,1.1549563213514549,-0.75558024859562523,1
1.4751581013524582,-2.2072503432030555,-1.0539114931466269,-1.5013100698831618,0.8947946894628046,-0.38337842512320314,0.4623963578451028,0.18521062245138684,0.21562145833512969,-0.16411895752003103,-0.65018646537605773,0.99683832581531351,-0.38474441871394138,-1.2106509954407694,1.2853528250165214,-0.11730573547343957,0.74435053329622591,0.3237416263377712,-0.3962125487251042,1.1531801896044624,0.074569272198014208,0.15773497452006696,-1.0477318706617966,-0.75275670718150012,-0.022686305522848681,1.2087174677167669,0.0037527682500631942,-0.92136428803381443,-1.4215355008522204,1.482195646729211,2
0.24000535277676757,-0.11701703932624892,1.0814261672307066,-0.20927800407585406,0.31763193451936184,-0.48381809234464207,-0.43144152642107675,0.70844345539096587,0.29508178743042945,1.474625508867371,-0.71888867676511181,-0.46974690617229753,0.60558753961857015,1.2174164130748393,-1.2829875532425765,0.28454631076612358,-0.18009044223251228,0.70292638775336747,0.020205891225709833,-1.930490425994537,-0.87865992186979947,0.64242790784567483,-0.36391733408915672,-0.85832606061656791,0.96855541634378461,1.3474139884638268,0.97600334473256134,-1.4584056821191305,-0.55373047108785345,0.71340358862265918,1
-1.5934428117668238,0.74121662803775357,0.9727000806286662,-1.7061667674440257,-0.39176062906093922,0.39871623463035705,-1.46355296946951,0.9043347903640494,-0.053285701356359641,1.4929863382476833,-0.79238597436242775,0.33745123021017548,0.519010417550406,-1.0330135846021948,-1.1727913285892915,1.0204679243349839,-0.96174880082516967,-1.2889464719194414,-0.51308543851179278,0.0024813621324853534,-0.043138442872377565,0.37408189958650767,0.58494959132496993,-0.88372595909345597,-1.7632563281545841,-1.4757351142721804,0.2540747317838648,-0.55432185940051149,-1.1811466920271563,-1.7648082330684778,2
-1.0659072621897556,0.070795792014359094,1.7473614207109547,-0.2245373850667487,-1.2493810480722334,0.34265114074376252,-1.2142883171637358,2.0982981945515728,-0.4718245708915782,-1.2566906591761136,-1.4111453068176667,0.82400304601864338,0.57072765077796428,-0.00016502824320821228,-0.31964624862991559,0.51314073892132839,0.16894078610459284,-0.64021461066359875,0.52072790218449783,-1.714061706083825,-0.25738879433810952,-0.73068883715975386,1.8489437333125831,-0.5943531744152416,-0.5713683222946333,-0.79361642471231975,0.35443475619198672,0.022676308375876499,-0.012327495320399905,-0.51643715741175222,1
-1.0595083361530118,0.1574130327095036,0.81760885917364468,-1.5530418504268813,-1.2357838253679323,0.26769187261218147,-1.0182719791468409,0.032523233590475799,0.17967256479996557,-1.3408773814333177,-0.41955476882177756,-0.63692214916335865,-1.0764748513878422,0.580559738470797,-1.1121333295304114,0.066430273803477588,-0.37157042588757466,0.33278986375300379,0.93149045208577286,0.11995203052755735,0.12811537785062566,0.95362310438940345,1.2910192268299108,0.75479025171321301,0.18774935891254091,3.6928861912096127,-0.4662942908645808,0.54463483592685513,2.0056903005816316,0.52811574789735594,1
0.82647907277756838,0.11974101409557386,-0.99013970235212068,0.52292382902987156,0.80027207258567623,0.29216317436392131,0.78683313979810254,-0.45052681745040291,-1.0043531643943344,1.36937273794391,0.44077386972686705,1.2766262686557979,0.94060493260714739,-1.4977735943048236,-1.2622679085395534,0.14738259437667539,-0.12738140591085612,0.78271382338356865,-2.2103601064630616,0.32107459554765405,-1.628912570057617,-1.4269599551572687,0.12391379696445852,0.16280615762808531,0.46340344400230671,0.11052234125813964,-0.55157161907862307,0.79437343103736813,1.4442290856722253,-1.2544016180212587,2
2.150227486309098,-0.0938093593261351,-0.2104062586945292,1.5136729057822327,0.33523469745375728,-1.0552937381881937,-0.87293810540135675,-0.3193117418970432,-0.15369527424392931,-0.5939420630534209,-0.74836856698357834,-1.4316274148080605,0.97154738681695296,1.6866723808245314,-0.052034448889775119,-0.075389922748648697,-0.34055467743113854,-1.0468898008603289,-0.36284407154206716,-0.13865697156800627,-0.82150573033968921,1.9689686425407729,0.15119055503835874,-1.5728574629553869,-0.33658606575855621,-0.26563818565362146,1.1721510916391624,-0.097944561531326829,-0.61810539208981852,-0.44264293179366399,3
-0.29813385725855213,1.365174510473367,0.4583347208894572,-0.23064490889308803,0.25333802985143145,1.0864494553001454,0.91002305122859661,0.5025249225078946,-0.10571474750290538,2.0233683722959963,0.85131049060352759,0.68618978485578852,-2.456722619655384,-0.54448233847162752,-0.89475852615663187,0.20677657079357814,0.26788663371008964,-0.0078740857359245013,-0.62083430972593023,0.70219718610809012,1.1044559763839015,0.19438362802194292,1.8715550594733119,-0.43496515998407848,-0.49333309115522311,0.48828501615899533,0.63125958815695549,-0.64759252795373756,-0.71978106844933032,-0.72773962878013065,1
0.73596838809300236,-0.89396681570514025,0.73078958817431827,1.4991285114608137,0.29976713292754703,0.2360029522496071,0.82892190671618871,-1.8812410021294912,1.037237989000926,-0.44734012255169847,1.445606258538338,-0.25837399420198975,-0.31758665252873647,-0.69948296218492778,0.53284815935688479,0.76228671745637977,-1.1923993956870829,-0.23029955405453423,-0.39470010251880822,0.24967516347287214,1.5981552187033004,-0.37996545101179269,0.21989062047585917,-1.9307125514139765,1.4868538473635067,-1.5779546352685949,-0.54051268426735166,-0.79703594301202063,0.76296759678301163,0.19253077790447004,3
-0.3118265880311008,-1.2485821015999232,0.35406948395982524,0.16851697237863439,0.8711603609759524,0.35268560327351473,-0.44067651817176134,-0.037729231291100153,-1.2912277819317628,-1.7497317141616366,0.57042684818922218,-0.292252215860066,0.80677431576200143,1.7590435561604387,-1.2413595640842079,-0.71237194428188366,-0.71235762560297278,0.61906259734144164,0.11589435630687348,-0.7686709818287687,1.1025085523712506,1.1971069747342449,1.280043070761653,-0.2584126329618941,-0.31592020312590419,1.2805590249352279,-0.69881958411985634,1.0477257813779506,1.6562651520300256,-0.246731455084227,1
-2.0132718201513145,1.5653277277051991,-0.11987878311795437,-0.89936521110836087,-0.62083141114291707,-0.13955745345867515,-0.34512536455757331,1.4812411537671406,-1.022646581000711,-1.2588341055642058,0.25582395110842204,-0.26834673839029372,-0.67256449020175568,-0.39839124648250263,0.45099707237119485,-0.31245029117561296,-0.2353295623589057,0.67324921099170854,1.1524665505441833,2.0817106512864525,0.12795139739090769,1.2610996667870868,-1.1048420959452887,-1.1696583205058637,-4.2429840910712615,-0.16431877358681191,-1.5425445162834732,0.91033208918904251,0.65082884597764579,-0.30813534688019506,2
-0.91240975237294064,0.74042345317407066,-0.19577151681241292,-0.17841275000179396,0.47107542227765292,-0.26497005311375249,-1.7706344040847199,-0.370278332317585,-0.11196836410364742,0.51490031641735989,0.24194576180422914,-2.2849960633827657,-0.12663787070141164,0.24531740548850392,-0.26712243391010626,0.83392389286453483,0.57899918536551598,-1.6690063732694396,0.61489083483408691,-0.66502967957815307,-0.70369402532854397,-1.08891095473248,-0.75773431009437286,0.22975225114517223,0.72735244212535854,0.61636751138867296,0.47351792779739682,0.80613586581588415,-0.28293282954581755,0.2670216652348878,2
-0.95187144636252685,-0.35989918247564795,-0.2080498718932435,0.43016735924429544,-0.28228943019421759,1.6934803837461565,-1.8454531471180029,-0.068100458855509735,-1.5860120786618555,0.82802414591519868,0.67582318336720137,-0.030964918278659208,1.6517195695054867,0.2057508748792469,-1.3427013535772037,1.0858410764843791,0.94825621537429561,-1.1367202003414667,-0.31282386391947359,-0.91611232793445752,-0.41237316637585014,1.2508035000495559,0.95048786048813294,-1.1199629336207908,0.028943657541848349,-0.62953411942730508,-0.80895339581487757,-0.21198883756057874,2.046729009252803,-0.36402404623104051,2
-1.0685329014128258,-0.97593452752329246,-0.41132528098593718,0.32829670138289013,-0.68917642609148411,-1.9641877619627344,-0.36693470529543598,-2.483966816182408,0.99756402367383457,0.23467761430641326,-1.3280410971338479,0.61158782016526703,-0.76692176898191355,1.1915999100555916,-0.67953283427788802,0.46282780028380022,-0.080993402842347906,1.1485373638039806,0.10546087537754338,0.061073703273923169,0.50783602452203491,-0.089580980434502605,-0.88632077645280749,-0.2618233157048927,-1.0724025759956965,1.6793208541175766,-1.3660048632073056,-0.90217478263176232,-1.3757812815979158,-0.41256129106893857,3
1.2909221949834777,0.045212937190113739,1.1233477569019024,-0.42424414765096025,0.49735712157919809,-0.29400500844409816,-0.10405972637358463,-2.4750498929392761,0.50618040155770716,-0.52319777248944177,1.6947630855097486,-1.4480974157292832,0.88694908703616704,0.74775134384509778,-1.5769379473367735,0.29326631295135425,1.8629821387913026,0.34267169083049415,-0.046817391620148752,1.0396040507503737,-0.83615333953050597,1.1943249441493504,-2.1011506596473657,-0.24370129610650038,-0.62639409579493766,-1.2349574291441743,-1.4820874099791863,-1.5214959569510813,-0.50562390326676876,-0.82457926713387919,2
-1.1676545367648901,-0.64406053086522452,1.0287935924782055,-0.36098253520875495,-1.37771057732695,0.73620366390155201,-0.066289241691085743,0.0032895286642975374,2.0252780155625492,0.72372553263032369,-0.19902801008769355,-0.47554366325742353,1.5915261042778024,0.3980941420614969,0.49932728975822982,-0.90372123659035153,0.46678231538748538,-0.1327073567374375,-1.9767875599822124,-0.62595367010397573,1.0837002941175178,1.161237877755366,1.8211876478808722,-0.95874069256384731,0.40019450771813769,0.24851915410376174,-0.78045701152889457,-0.4663055612045594,-1.1401223890239363,0.71759552435885499,1
-0.96741090644071737,0.18348522108058982,-1.5613812416141992,-0.42832024637658461,1.5777849736825407,0.67508706681641928,0.34987968519119417,0.093404889276583414,0.60116522033004705,-0.24513398293652117,-0.32462986619626338,0.25328305230957648,0.37610004475246933,-1.1410037431675932,-1.2019670642171769,1.8307877643334063,1.2076152535371394,-0.88912716247692625,2.7868677199439036,1.4750437943797456,1.0761160996744974,-0.27905850620177969,0.40881770747839447,0.45528825789348498,-0.97420160415085266,-1.4349499651245128,-0.73577133242542003,-0.4802254443993485,0.79679874721133015,-0.044460426933244049,2
2.5769334523516432,0.36270702680914724,-1.6697532746154182,0.73733142510708072,0.59968349871454429,-0.47059136119499489,-0.040889066635107371,1.4444737680821949,-1.964166254488382,-0.14919312670833135,0.65344226744298417,-1.3112234865729315,-1.265459487128509,1.5399258346323912,0.48731755971315432,-1.3852193671056676,-0.24454532561170594,-1.6665679991229496,-1.2731014500291375,0.083335835214786838,-0.46559261478886893,0.60191592035557973,0.79795257057268132,0.31332140586019996,-0.48528959472801203,-0.55702435891723656,-0.20375500179327394,-1.2460160177809088,0.35288091489679008,-0.016248353892997908,1
0.10269461181672231,-1.2241496438395021,-1.6612451641492882,1.1247045549060928,-0.73871232177927715,1.3468440642530264,-1.1730159208465056,-0.66764875139678825,0.39430253719984887,-1.5865425968747391,-0.28367235847398953,0.37090315070206931,2.3620106949955613,-0.69576509783804485,0.85019916014647301,-1.0645238119188911,0.55423040785006294,-3.2325992947116413,0.66101065728347475,0.0085308566990032909,0.056302407052266502,0.20430044525307148,-0.002088094573954479,-0.45058847820225412,1.2017572039763904,-0.9116374435720539,1.5309182473665379,-0.20404650443272776,-0.36322019046272058,0.42298165481070549,3
-0.2089746287919913,-2.2069253831918618,-0.6393195595987311,-0.19624065095905374,0.51535126332727799,1.0643546553502379,-0.0055564850079960109,-0.67847919404027135,0.63536230855020148,-0.62118741211915396,0.1872360670892714,0.38967047182000014,0.36043796613012546,-0.55777589421052343,0.95924668406532909,0.9222027109011306,-0.79246090167336836,-0.11786786032464934,1.8419957871161947,0.40504606370424262,-0.69443195447379302,0.89083457378930564,-1.2721258211554598,-0.24848690449254113,0.5442131136244156,-0.80123759279114137,0.35063628128163177,-0.24061947037613193,0.47213181213086486,-0.10561658429313636,2
1.4914480433819703,-1.15369775628133,0.27485003801619767,0.29725272510760248,1.2915582896304001,-1.2314575127056864,0.049880068395922274,-0.51460196198124153,-1.0331796635591779,0.61270568782865231,0.19321953556786908,0.90585329278830518,-0.22292325336917782,0.24614026710753642,-2.4346622872259625,1.7794359316664403,0.01415227985031774,0.090467512456174501,-0.16457743566431698,-1.3099569256838617,-0.90344402706826521,-1.9235060125712637,0.16951199950886273,1.5188575064462635,0.26536696913858382,-1.2511429838200916,0.69157459522329656,-0.25078117561113755,0.5365908061199256,0.92099630840985924,2
0.49631554052539445,-1.72906478932994,-0.091847750028451289,1.5220864488941326,0.40918247339679747,0.65384697257504731,1.281500280391348,0.64372996869366339,1.129436350595356,-0.45161987766623213,0.13263703605036481,0.55226957228471674,-0.94370181071764525,1.0135061541500918,-0.12637083604666713,-0.91834784361669708,-2.6376950377428958,1.7263384189789412,-1.4356009014881421,-0.16518538746550265,0.68419860480605144,-0.11628191672215375,-0.47265493088578975,-0.84352976450952166,-1.8235945979027341,-0.16755734991942992,-0.81828339367032588,0.67214671066061593,-0.24781470245619441,-0.69546706602232888,3
-0.084020906148987939,-0.68475293438249085,0.99883283158042202,-0.013103839101805877,0.98719396680284566,0.17128851896730241,-2.0747431017707791,-1.7304317786881964,-0.07801698312016038,-0.03054797557054784,-0.072652378540097554,-0.92466825268440667,0.54584653884694478,-0.78704714032333611,1.0309664215674477,-0.021961465338473041,-0.56195083913902799,-0.22620032123634939,2.3380897795165518,-0.036601102676382585,0.014822621087176146,0.69179090695302892,0.15954504642127379,-0.84457633527088427,0.60757064990935761,0.22601665094385018,-0.84165170327226346,0.22452824706782895,-0.92803535542500115,-0.12886537841637313,3
-0.90919380565685748,-0.11177245761616381,-0.33442417475576142,-0.24958879878756204,-1.1169576617772858,0.049351120799596901,0.42518123161499449,-1.5186170943844794,-0.59892970956886415,0.050717082676155975,-0.7106007437766878,0.23717122663887225,0.28931474657094025,-0.95398204884926796,3.0243694783738571,0.71491351180744034,0.17179825370391355,-0.24526211414503635,1.0650263134723097,-0.38345172341246553,-0.58336956174846177,-0.23531520804319689,0.02966752905552492,0.13548470619381292,0.94337207104238374,0.36718739626737112,-0.93307271954668203,-2.0754280168570705,0.42811473451010484,0.31021279042474686,3
-0.17397910266248737,-0.11372346453200106,-2.3414239010775431,0.87208619108872421,0.43749909514394286,-0.82346603050185474,0.14448095846956577,-0.011988751643123734,-1.0719194386040181,1.7101688666618011,0.68418881743038029,-1.2908737532084158,-2.1973113360600691,0.50923585564605467,-0.29466140097931132,0.12844732744145268,-0.15442682399063432,1.3022689275324997,-0.8492301583557551,-0.85268900919377888,-1.9431058951662519,0.56761599585108025,0.31067734539453301,0.0055511678626368917,-0.44956543507769359,1.118008689453087,-0.4115687512124267,-1.3502145733685613,-1.391491113091714,-1.1225350052150553,2
1.0764800010135633,-0.52111301700931911,0.9291472213548041,0.21920158548910401,-0.90060880200312643,0.48458557549761477,0.31433871574460165,1.3935227490355584,1.7726258413602682,0.71570097686589329,0.36624034743863032,0.56720665042248308,1.0936715526737866,-0.23570862378018614,-0.039797322681745843,-1.4090713463588029,0.76473741661479422,-0.60579463533586664,0.91366673466570669,-1.150143779560747,0.22183257761727271,-1.3117311386122283,0.18902282258133174,-1.5483601967435487,-0.74641058541974858,0.55020413892343267,-0.25851417360805157,-1.3595657400913648,0.51542162423596705,0.85956963328317304,1
-0.34854789891801208,1.118208427098071,0.47178855331436337,-0.94208654471178743,-1.6126117464558953,-0.35978974323009294,0.9173922309998287,-1.7473232069677789,-1.0336421052478229,2.5644469433689556,2.2815477157835677,-0.021221813325322296,-1.8521521289626122,-0.63702639966183738,-1.4796320597337764,0.86155456921921036,-0.92521079677321705,-0.67072876839342133,-1.402211016602078,-0.67441231030833038,-0.29600715650607806,-0.15521777928301814,-0.026285892613765665,-0.021876748763043574,-0.68174055021312385,0.58929734758000485,0.023541480048292339,-0.044701246920148131,0.27580525896394437,-0.38550214820082346,2
0.15016452077805123,0.34873164267319678,-0.56188063182234094,-0.11534378659761217,0.15961518533042096,0.37301822427913667,0.83005215149565181,-0.58594279818954487,2.631914063553876,2.1218652821556878,-0.64418588846373392,-1.6594109194723135,0.22145302648109644,-1.1312769867475159,0.74642769138419918,-0.27781967047154149,0.078290535565766831,0.81602627130450867,-0.69304460655880429,0.37023077637759777,-0.61396116423580305,0.35948298516633592,0.61605982778856216,-1.4109448207765429,0.032238561537835983,-0.19717278721720086,-1.0997690091886512,0.41935964476028109,-1.1166224987400426,0.34990953099032407,3
0.11820113088556408,0.78309918297821079,-1.2311389753063935,-1.049532140061846,1.165631582800762,-1.3023275427374286,0.69340647110591858,-1.4146958878939686,1.0493345661247115,-1.8022183371998937,0.70669488922540968,-0.24352048241976962,-0.37732813894014988,0.71661062161905065,-1.1209614294644601,-0.72225946719452494,-0.16428564240194415,-0.016325853663610473,0.66675825681390921,-1.8171741810795832,-0.42792129416466929,-0.61078499417691279,-0.013768772758829616,0.57615139918189462,-0.41907562888461686,-1.8810801673028681,-0.75583999570843907,1.5454609281348839,0.7716201391736528,-1.5800465281128373,3
-0.025393527630710577,-0.21927552440498488,0.17902668513209405,1.6510057473445421,0.981778814338503,-0.34100360303392285,1.4449177900003802,0.068097288727346175,0.20247539026634859,0.75050946087270642,0.17294209752816522,-0.35860523001194294,0.61492340188671091,2.2560323925297201,-0.095843307892481411,-0.34605220137824044,-1.5771498188196715,-0.30326295200505143,1.9383323121608378,2.121725412200933,-0.06956118656224429,0.019268237797969108,0.14388624350994991,0.83257627109379562,1.547622430576159,0.89973837869900719,-0.61216063431378742,0.38220126886469302,0.95587406487617932,1.6856801583567589,2
-1.3482211592599544,0.42172888668013447,-0.20980109927767951,0.58792677361599033,0.69346975910301334,-0.96417821490734523,-0.2684354678520311,0.41291997496569216,1.0845259555184907,-1.4885873795008528,0.34675232754318713,0.3243026862052294,-1.1514381326666936,-1.5076926568867637,0.0013828033651890508,0.92577895374818076,2.1222939838214328,-0.27372659646477787,0.68475760976075783,1.9592293433121899,-0.082743058148520732,0.26144380491344721,-0.61443106273942982,0.64544015887734552,0.75601603069512202,-0.73859423298617755,0.45118029793264203,2.0259627566842728,-0.44098049866665329,-0.5478615726678453,3
-0.81503693538130484,0.052537453442386133,-1.1063207055974462,-1.9344730536986976,-0.84460436491713131,1.1075796376582594,0.6308860749945413,-1.296740369909761,-0.065236322421792642,-0.081564626774109666,0.33349301800635961,-2.8399994438109735,0.26431945500826698,-0.97386598790265777,0.73910536738512411,0.62611630666285512,0.37445417224280225,-0.73062950370288593,0.86614704100501738,0.74843996690976689,-0.24056014062423839,-0.31228804850205449,0.03681216333804254,-0.32335489184089189,0.40695632731154274,1.4079784382014597,0.29763950717013371,-1.2847590718118207,0.67476571114685302,-1.1766016026637722,2
-0.51491480842763504,1.5475872487621425,-0.43974964470935896,1.7818713465126483,0.80919206309807223,0.11157438274098261,-0.21978149748063788,0.45780721273427905,0.6722293269468006,-1.2038476769918875,1.1386335837299406,-0.3123272529062448,-0.77088118077454659,0.48537154233681773,0.21688879235217542,-0.79537830815302046,-0.81340284646457506,-0.78722728299624478,0.25775001430683309,-0.058166420262489263,0.75632052418959084,-0.26917539085724246,0.77963440750973556,0.82620538391715359,-0.28797783324071413,-0.54564219401000125,1.1074838123723219,0.44332841018324631,1.7943539238341535,1.3311750699724707,3
2.2694979226684784,0.032262007684435094,-0.056225522513757793,0.57481053056918263,0.78795464238841151,-0.62662810371810607,0.15869762164278226,-0.84668450657595662,0.62867030969319271,-0.19366149077203512,0.0026121468378006705,-2.4266469034946594,-0.062473646015382481,-0.47545101183969074,-0.88007200486557791,0.54180919095652935,-0.34119689030898287,0.071521509834510166,0.84883646309520311,0.93263879179583309,0.70744580096217857,0.49413036180542225,0.76495779426468924,1.6424926819414436,0.69793577978730592,0.53252712360829713,-0.14897535425605077,0.27891604054783187,-0.13949063929044137,0.10871891951587469,3
1.0169513382468343,-1.7162960689439584,1.2376033152062971,1.0933261101902378,1.5313811882006791,-1.6824800497756174,0.61621182589887302,-0.52175011579666619,1.4720749627259304,1.3787524100282822,0.80145350586451491,0.77845215794523925,0.13736292079836548,1.3046804648676262,-1.009906840255661,-2.2576766267996797,-0.96549404139317374,-1.1292396334672838,-0.037515029367729658,-0.71882088201446448,-1.4999366466870541,-0.36894065237996809,1.1601621287245403,0.36974848058226983,-0.23096735037564695,0.50404628396521756,0.4856732228162956,-0.25259241288529144,-0.45094124360100601,0.44230217682184991,3
0.47666478179627747,-0.34171980067096053,0.055864987404194516,-1.9630544711334579,-0.73909364140956391,-0.33544274513156069,-1.0290187572719802,-1.1479684210621537,0.44945778474435505,-0.53196101359301251,-1.2048975467409342,0.62099955043192767,-0.41700820125741561,1.2678119640392014,2.5371027266103989,0.24294120248574039,-0.76328368016815329,-0.13009026162437839,1.0064457751569982,0.071643032419381983,0.16745409579548368,-1.9938210130824072,-0.097255458456423027,-0.77781052636109271,1.7508324273574183,0.59503273752682129,0.41892899910383258,-0.25969200420181732,2.3172502358566569,-1.3944260840684759,3
-1.5599773149893552,0.29230528356314978,1.0586184097658762,-1.3163330825402317,-0.07474577306778217,-1.3903635018710849,1.4593795443666435,-2.0081992367904422,3.0672843468642674,0.39786027113286526,0.53762424476242987,-1.5155495932902756,0.47367086002982178,1.7334841083313965,-0.98794633595261572,3.0887630966284534,0.95499900302284002,-0.67164857271018108,1.0084269761638311,-0.34852546347321528,0.21082538452975996,-0.51056361850101872,-0.44661602021596464,0.25259480099036946,0.46282321222258876,-0.039554207071781242,-0.23709716874202913,-0.3003702883274707,0.22692252013443762,1.3290085505046023,3
0.23261104844908592,-0.3610580594822414,0.98152006963969674,-0.68634579810752594,0.55207621918740712,-1.1056208447945126,1.7684764626587355,-0.25652793607181495,-1.098270728674932,0.5277056339791828,-0.88802543894226826,-1.270516730886347,-0.014445829915161149,-0.04186339526123501,-0.86938235019266408,-1.5503215116008546,-1.2185462346367741,0.58365751392489651,-0.097617243614871313,0.40522799756769889,-0.85056976654162098,-0.22916350659791432,-0.17891599203620159,-0.0021663372401833545,-1.8349439861111974,-0.12286697182356669,0.74155479797695167,-0.59009071874503216,1.2023859209263621,0.15346990013641709,2
-0.71777994320993499,-0.58123699444669952,-0.86060150844573657,-0.53780355499231336,-0.37791730232035942,-0.97657598046016036,1.3917923160951797,0.25540798418312738,0.11775644317980818,-0.82354869820282728,-0.038406353088808409,0.61047943231594182,1.0460028196622735,1.2766462960524638,0.68931804930931906,1.238058798700864,0.60887889724716171,0.31696890179653525,1.5710205158120687,1.0430750522597587,0.77963683927767435,0.13152756506308005,0.36992952712252991,-0.81316598118664896,-1.4486081442630403,1.381932088364795,-0.96608506789439774,-1.6786554278825196,0.82637320958045501,0.33279736000343818,1
-0.25798663244396247,0.42143774663868422,-0.85334333760797398,-1.3127346780839304,-0.093114844884284231,0.7999041240239515,-1.0662779211715927,-0.644891383020749,-1.6052248598064418,1.6073045233410863,0.52233248069049432,0.14613818436887169,-0.70201255988265021,0.28139523995784715,0.35345895014008794,-0.96558492087192671,1.083691107805824,1.5384909274724166,0.89898855083670837,-0.27678750398955609,0.15299928835559054,0.84198568275820496,1.2460681964875051,0.78742506614824703,-0.67180755878810916,-1.2681254093288825,2.3750791910496258,0.058939467316671906,-0.45347422425255196,-0.86740759026378322,2
-0.41367815715655581,-1.5007505709751701,-0.85782422428133986,0.50314078291355946,1.5389889843744526,0.074525237203895617,0.80730604912690296,-0.37845488695280943,1.1460803997778763,-1.7591159821101074,1.0535487091889459,-0.12274034547924045,1.9792991852590134,-0.13028517167584353,-0.89773011374374256,-0.059623847388632939,2.3081536191767191,-0.27883012446402916,-1.0359678063687379,2.7238974667355551,0.99450143489607812,-1.2021357662985523,0.072069709704565249,0.42235348093267422,-0.41088782190738971,-0.77091465163171846,0.44796562223378056,-0.22516186491977108,-0.56505597468965318,0.41148235035441572,3
0.87129875629481313,0.77587119225854151,1.1796451580894312,-0.9214497511376597,-0.62176837128698337,-1.0270710648673762,0.75956563982223591,-0.34719973154547057,-1.9617191422851792,-0.78402687692484663,0.30942413351296943,-0.75937724993998434,0.0071363875687301343,-2.0471283651501744,1.6923069639071322,0.46251480989693505,0.055719234464152056,1.197030610784384,0.1023483327487943,-0.5956604607682191,-0.56640663638070676,-0.93202686657659883,-0.33861599558618238,0.65858804862934706,1.3390657068308738,-3.5152191258809418,1.1269667436196764,0.77061433518187472,-0.89213544627295727,-1.797268847192329,1
1.0004565125522917,0.60443811584762908,-1.3109596626035229,-0.94178765872770209,-0.76722775119748987,1.7182805751888222,1.1755747776484589,-0.14879119354474052,0.19638988266084698,0.96532465906010845,1.0671703047180847,0.36582055591193152,0.93416686307573227,-0.31217661908207534,0.20771723664836364,0.039028746087265025,0.35243227682588846,0.039642360935477988,-0.59783794835733095,2.0300133219245526,-0.25091402749254249,1.0108037166724892,-0.15709622830750231,-1.3064089005800565,-0.53619515549417596,-0.33385146435365726,-0.15154124084379128,1.0077064121129828,0.45325042451822362,1.1478570695915284,2
-2.1551679496845959,0.054056355163990349,0.66914511310336133,1.4681292505000567,-1.2664991966302068,0.33025989919616811,-0.68809995846700167,-0.077998938933229026,-0.58245278092804542,0.1316934924296794,-0.27479951006064757,-0.39801754103573217,0.91800236870233798,-0.19684582405134754,0.51205731264820864,-0.64803510995852398,-0.59280420288673263,-0.011802544520041409,0.065180475591308157,0.071979115740417404,1.0504610180426719,0.07298939803869979,0.78917857473838893,-0.20225275382508348,-1.6236732842572139,1.5772403024392416,-0.025320602555608307,-0.48525685677111485,0.72941626476349686,-2.0001155810804794,2
-0.79070300093202317,0.41510049160208912,-0.63885190404437864,0.039216300622816488,-1.8919466750027123,-1.4337428560164607,-0.27826282070697395,0.51821646314613046,0.57439327066236334,-1.098375545640645,0.14189816288976995,0.064511822077964451,-0.11903493013821369,-0.51890704182299496,0.52341091308424592,0.13274283741488366,1.7713159629482542,-1.2772423740918177,0.82744986455221547,0.30077746525246241,-0.25548454566321649,2.401072033998445,0.26630239232631642,1.1350914394450742,-0.76721101053577823,-1.3113641561330331,-0.46010058827790595,0.60999841178060266,1.5575904501474049,-0.81310940933764109,3
1.2431857637234363,0.42616717853834468,0.4069449355575081,-0.14741252103058142,-1.0338914942481376,1.9152404309853568,1.0931781131169072,-0.031013847634952702,-0.21638634549917729,-0.34996691459201007,-0.28261985480697172,0.78738560973374128,0.97079334256815208,-0.44957530448833505,-0.86337032590491192,0.3872045046735948,0.15799785437736641,-0.32651019742393378,0.0048207184003800701,2.1309511196582092,0.69393105211528072,0.54697429179966872,1.1406030814624568,0.69333158518676163,1.3048388829869939,0.64137018629080589,-0.649820922479594,0.97356369838074575,0.19700569702398837,-0.053182720404662889,1
0.82692874112443282,1.7311759827314015,0.37932648188115919,-0.50955550383619763,-0.29776057306618053,-0.84739840198850758,-1.1400076709692002,-0.23312633214957876,-1.0187795256659173,0.094069154664417898,-0.20311377246266438,1.6234868610956399,-1.3608552941786132,-0.71595715362460599,0.041719308920198407,-0.32628335957211374,0.99556329150986611,0.59460629552467303,-0.71590283216387929,-0.46931371509195791,1.2510852167585109,-0.19102654867410571,0.66008407262309976,0.15928987823663288,0.87727360740761184,0.4855706140908424,0.38831213332592829,-0.69386893495219149,0.084282214005145156,-0.13510268514773069,3
1.9826250319923344,0.68574575424727147,-0.33138948487376463,-0.45694849859589154,-0.63560437167859007,0.95473476652735922,1.0413404738058138,1.1343721208997772,0.44621952218720279,-0.51305886750385887,0.700612410608211,-1.0970141873071018,1.3404950267949587,-0.19530670203687611,-1.4560623950566332,0.78488135256331648,0.2691356991293602,1.1419556247060703,-0.90512404542700786,0.45834191025775972,-0.072638565046160272,-0.44545591862781858,0.7885359000921156,-0.3641760609970609,0.40083361387385669,1.1238729455146625,-0.028896508573177295,1.4602480221214744,0.87166177031235181,-0.80755508538134935,3
-1.3723500117544623,-0.14901291286545257,1.3047052437400226,0.0072495695699877115,-1.1039856576089047,-0.012174473594150371,-0.49489356766632503,-0.17141332369183401,-0.4750914698686754,2.7080877550277478,0.41597838039488311,-0.0084647006849013912,-0.25299210896088714,-1.5357172369128986,0.43967427993119412,0.024013339562193817,0.056767814095243445,-1.1869737380501162,-0.90999794087270758,-1.1360381648804809,-0.31024320337537009,0.48981978447614338,0.77297725595732203,1.6545838095130365,-1.4871733845996276,-1.4312197651570444,2.2833511199268735,-0.33441167852950476,-0.34911672654020531,0.3336010520015536,2
0.62295779473462554,0.5757941077177513,-0.76905747910970523,-0.94653811767741314,0.88360731398487447,0.83647236105734413,-0.22735472422074202,-0.016057784557274524,-0.2169519470978275,-0.3263993843758789,-1.1645700636109368,0.31536272741638843,-0.35323860266514923,-1.2376589302877696,-1.1587914099714027,-0.7077594279995032,-1.5693837599067182,0.43052336977670957,0.47811757635715907,0.011148506100477608,0.1954258493670975,0.57045043578155752,0.88614847532115526,-0.71465958511657368,-1.7924356141203759,-0.30426673386839337,0.8217177517546651,-1.4708401788076562,-0.3508928408416197,-1.4325849711875773,2
0.95217143630943846,-1.5524600974726381,0.89911883009579896,-0.65658834643602759,1.8594543359610161,0.85161408034380781,-0.99069120903004437,-1.2016452292764186,-0.81939529492660323,-0.61743077750589215,0.40830570493477081,-0.10812119042421536,-0.86615015480377866,1.2852181559288127,1.0944032181101873,1.4145776068020766,-1.4451542683914564,-0.38343065415133998,1.0441249259924905,0.41343580956385922,-0.085717521061547217,-0.42680312475846177,0.091455295778396048,1.3786995948471594,-0.34404690468915428,-0.41423987830486436,-1.2673504317587165,-1.0871472260599249,0.16734799137983858,0.31707166012067761,3
0.038857198175514147,0.60597250708649253,0.29691569458105749,-0.91680811083886793,0.34723573093610155,1.289912801412985,-0.42825125480671616,0.080980835712606072,-0.20051039010748217,-0.42462998716874456,0.8905768596589565,0.20816789930532889,0.32797206527521644,0.82629551485888952,0.092163089738086248,0.69842973736679004,1.2204784903516364,-1.9179266978160932,0.043376351459863592,-1.4698248526993498,-1.1322859250616302,-0.5202426840638753,0.87660015144864478,-2.3418457137439264,-0.75415380216758909,-1.0154335443707672,0.78584189205451338,-1.1599869129264153,0.61858506776893496,0.047057614857304676,1
2.3059107013328384,-2.0272072825093295,1.4204055560705402,-0.26426300461036428,1.3416094896351771,0.21519486115644965,-0.2003506029757022,-0.05946301281512463,0.51393763836205997,0.47556730044651191,0.51224823780716799,0.74746620138873399,0.88228669406648097,1.0266386495445259,-0.73259614721543209,-0.66064462780569899,-0.30896051808442487,0.6815111198732926,0.33633166990088142,1.0329147423777645,0.76562214032207965,0.23783896788606484,1.5025580599307002,0.51853209996977745,-0.4243716085031049,-0.31108345472738075,-0.18183278396733779,0.91848434887946595,-1.384821691576847,-0.58478079962757701,1
-0.63303555355574315,-0.033207528997642143,-1.0450980351569359,0.80918149352521451,0.63113714764864182,0.49125359299100635,-0.13197171894616055,0.56918955889263156,2.4179695547601407,0.49864983231319043,1.5813353244576429,-1.5857926515248266,1.0031250860680441,-0.31579056203077999,-0.06376824207966568,-0.42250437977697369,-0.87515180479172716,0.25544339414318612,-0.87857583679885853,1.2426764302049311,0.67028591959186723,0.78008384702453959,-0.22267284873604729,-0.60963722402278142,-1.0638254107152281,0.85474552823746575,0.39337445613688299,0.73603550013048102,-0.15275940789648762,-0.67943953305920346,3
-0.5261641063480359,-0.19517488774654276,-1.9702925028389975,-0.88783761168840647,0.12300747702798542,0.73164454041048443,-0.13825782415045398,2.231926835830162,-0.047620438033512139,-1.6465234150111814,1.1436303237451184,-0.017550121364467514,-0.15319859104913408,0.39198279462865626,-0.85976253203098785,0.85213933428966304,0.17959054146098702,-0.27293413393021815,-0.19023086089803429,-0.31902476678596114,-1.0255075631124808,1.1181516018729645,0.10973380389872657,0.8604269447689743,-1.5073902506706922,-0.31388803320817926,-1.225266935059774,0.25807589567544648,-0.084950002416285711,-2.090188728385725,1
-1.9566907214000142,-0.19974444732540836,0.74582277814512488,-0.37499542062184588,0.5228055705878295,0.55801267037877167,0.91772176568637054,-1.2581606503937932,-0.76934753768097375,-0.65357698893848126,1.1782394588360634,0.20393575286050686,0.051300149221256315,0.076055911136053173,-0.064010486319584822,0.36443960547728205,-0.43521816922771522,1.5320066221170625,0.60009017351052574,1.3094043811359337,1.3338747752712459,0.25801036725422771,0.20189486571841808,-0.78982107769354393,-1.3974605371228099,-2.3126968456628099,-0.30893971163012496,0.45804351572430169,-0.71581647343517585,0.17720759268515474,2
-0.52261921711784332,-0.66615061135673137,-1.9651722772047298,-0.91326793141065399,-1.6424729311170159,-0.59574746768074527,0.74685529616042556,0.054329905806960108,-0.49273968238269966,0.43561304815095553,-1.5010299351706355,-1.6210880292152323,1.5928200284199314,0.023736197946670177,0.22884744270703128,-1.3568305834808501,-0.72767294461417664,0.70872325621593524,0.19983923656385408,0.16720870846763786,-0.27002473501395696,0.39004861158902981,1.792531312711015,-0.58678407289847823,0.77211025328922722,0.53278489738729007,-0.025961130234012215,-0.79682634201924762,-0.39863296897103223,1.0577925261638592,1
0.3969979400459081,0.22075528030269839,-0.51664893051995975,-0.17650222431898535,0.62122971700510032,-0.071262126290979305,-0.3101119194313614,-1.770494248209125,0.96763698629947581,2.2028632721102697,-0.47683840657708837,-0.10456260503586409,0.34165990082836389,-1.5554188022443551,0.78942558379954197,-1.8621194306680273,-2.1235813639776828,-0.93380708598105755,-0.72658414128579785,-0.44948779085087209,-0.4583798569992365,1.7928045474780896,-0.31796308683182439,-0.71023532738001172,0.86879883707580841,0.81796458639598935,0.36404710996903328,-0.33925537044291659,-1.5339911039002165,0.47705161217701236,3
1.8121651148643572,-0.10163563099403748,1.4519328251584662,-0.90051935313375053,0.97988196172219755,1.3769226128660483,-1.6347708347590266,-0.76691902583566152,-0.84627742997445687,1.0566146621362908,-0.05823225438869567,-1.1692802961377735,-0.82432645653779701,-0.67251073001579542,1.2367705844684163,0.28088937062622921,0.20547365696482969,-1.3648772809506644,-0.42927873881333034,0.23507645885458123,-0.76888078508457713,0.019036050759314055,-0.0015945551180581565,-0.89568412012517806,0.34602624002622379,-0.74318531346366501,0.87567872641024969,1.3453540040219918,0.15396360818211671,-0.3679140219744928,2
-0.80731580089170563,0.15656254257674262,-1.85703641722079,-0.39565414784309499,-1.2112281166368646,-1.4181072663043299,-0.24082116734756023,0.49028989300298614,-0.055306916416902219,0.15988458700833777,0.089781897193372456,-0.64741939141277982,-0.1058050875692223,1.6439468842876976,0.5067868562012271,-0.31410735188160349,-0.28467166277519595,0.11583464205469886,-0.036164619205731302,-1.6592853723759577,1.3795676948508842,0.11999503578466308,1.8335450081459799,-0.99479153196018788,0.95327949719619343,1.0770118095807348,-0.098155899754939921,-0.84757534117132194,0.21519234327646791,-0.29756614933994019,2
-0.43447267208933943,-2.0444679706631983,1.6250660346832597,0.27362669743986995,0.85119588396765822,0.074684866443166201,0.49734956871531022,0.087168077540288172,-1.0266274078247712,-1.7272359901221976,1.3782001324625157,1.5352314004847369,-0.10246133825118933,-0.24627333130555515,1.2873787389560218,-0.53526511109011132,0.45720408915649319,-1.8592954204483945,-1.3527297061381849,0.57733187403836794,2.6955921637151903,-0.062980452346943688,-0.4541658789891842,1.8513007163246693,0.30205237272649321,-1.7576311360328469,-0.879903487331268,-1.1398639626097578,0.088501809201846846,-0.49942890184088501,1
0.20296442632813266,0.40135785492027926,-0.1342417939490626,0.74369821622835397,-3.2270615609810203,0.10517536172968162,-1.256302241319289,1.426476868173205,0.054609601902711608,-0.036221912111158737,-1.1567960638916692,-0.10851025801371611,-0.0029975178942653917,-0.35217236911231825,0.20522280125202313,0.88873794332935152,-0.50798064313492652,-1.0813931824393299,0.47284779568903118,-1.1642452640590324,-0.29406346572586123,1.657816600624463,0.89433837219363188,0.62426499429769422,1.157170636297703,2.0083192697192107,-0.34114771057853788,0.16202938177325807,2.494226733211188,0.61419377388050433,1
0.45826470468315555,-0.019822364080294801,-1.2361067809961805,-0.16476274910309244,0.3583879299506264,1.1915353840628702,-0.94252852971409251,-1.302747532299577,-0.50389486814563522,-0.14913787941120163,-0.90277250353889527,-1.2626429962053416,0.61584437647812407,0.18585219018497379,0.72466007387133402,-1.6840197491248172,0.21821239721503105,-0.44455407644679812,0.65906637742231788,-0.84267091941852157,0.68772485718788268,1.2895307633426261,-0.87657629816070959,0.1890346735127145,0.29291637199408571,-1.5015983037868785,-0.74239739460214738,0.21082316814085147,1.1363329718104278,1.8787019199500616,1
1.0002567223339061,1.9524200473617652,-2.042716806989533,1.6942073354341278,0.30179150804241578,-1.0638160246510824,1.5190797872742539,-0.35170873083954662,0.55940539809815815,0.33597828553588144,0.24299124231859784,0.12863326962915481,-0.50146704065628744,-0.13325025276350061,-1.3199730783903687,0.39047327381928948,0.71781245605119781,1.4912757018320277,0.96885961545621135,-0.5895400417198432,-1.2817631478806257,1.5154106786759995,1.068340633569886,1.1679666803960143,0.88550656529444549,-0.54370203187483701,-1.0950048886021639,0.48173030757503804,1.8872322637124714,1.022925502513742,3
0.60794947636491614,-0.79312189247908349,-0.61489560717352498,-0.33526408331631635,0.42980946812536358,-0.43260721943968033,-0.67948085932729996,1.364934981715602,0.3540145241117903,0.6966065107448125,1.0448089169830559,-0.89475232987015485,-0.14618979411629804,0.48021908727997509,-0.87112061521974893,-0.66974112167325772,-1.2621823396339797,1.5560417102214321,0.28811333932620653,1.8634863535136281,-0.43439059191601265,-0.35527362602828888,-1.1797928513841924,1.0743372829503122,0.56336368616893318,-1.1580916967441899,-1.1791724159643611,-1.8083572876250498,-1.099541617181381,-0.20317824314466748,1
0.12134988271774014,-0.1824490629517376,1.7213126901360436,0.18606346725324091,1.1504996529919882,-1.1369692553290487,0.27063174358923764,-0.93720838381633154,1.2222981099760406,-1.306703865588752,-0.54557812255084459,-0.22051105151889683,0.81078519180447695,-0.285117157762179,1.9956564714359479,-0.92871408026387903,-0.12481319665460025,-1.6568157937839265,1.3930507046768423,0.45978713172399044,-1.2048464020771004,1.1123342194385879,-0.73244091634650477,0.86376929151527859,0.77101095284628052,-1.202899063327181,-0.19879230649730834,-2.3454505461095843,0.14165088905323278,0.34454077534343641,3
-0.36212014297544026,0.87697360858920936,0.54249077314734184,-0.41365783884777568,-0.40368730475275166,-0.82061683103355709,-0.019437553702337233,0.10432436502376052,0.5815550972317729,-2.0217060773324547,-0.83206589242681583,0.59690181204297854,1.487914306614861,0.031823234900066173,0.13507661870991761,-0.28899648870665834,0.11423015842479151,-0.44193818761744957,-1.4904044361142021,0.54052034147489159,0.35819914412869819,-0.16468792692816439,0.90498001547618301,1.9892742217393382,0.73936342065016691,0.37267816525965097,-0.22352081466445387,-0.39639972829712494,0.22196413455520897,-0.42322514790876381,3
-0.23982141030389323,-0.39504008259982226,0.27394796479502265,-1.3768812301539528,1.2235888204493293,-0.40488280071266514,1.0231425124550724,0.60487409740899412,-1.2997762803704391,0.87085487171551423,-1.6531175707412955,0.14691302518981988,1.4638333660531022,-0.12897807021543564,-1.0848145814995878,0.87466703305433346,0.81166333420711811,-0.5846595397292762,1.9115246371446444,0.0080266698962421501,2.1209254541126028,0.50319996953606361,-1.3204235423245192,0.47470880444047459,0.085634792676608479,-1.0203240517496694,1.7427660386299246,1.3199359057902067,-0.53935183169256706,-0.27979953313991629,2
0.61150141409388004,-0.98863955955293936,0.72151263575922819,-0.5066412362900744,-0.53438020027482869,-1.2313754369353833,0.87726144042279586,0.76840961052327339,-1.9886924755968869,-0.012188573745504448,-0.68175783460429329,-0.90715265119518984,1.3768960711695308,-0.56272669841293343,-0.075597620638865048,-0.45990126194450809,1.2891735587105075,-1.1952359387151434,0.39654255860381332,-1.1032005610620434,-1.3678462607121273,0.14731834705090133,0.52319477857794816,2.357206982845867,-0.62492635961462939,-0.58630561693161309,0.89951307077949694,0.88475913770927572,0.32696876013530057,0.58329098032643378,2
-2.1363970843486988,-1.6016483446227585,1.639304248173433,0.21253868445760304,-0.12091291516292849,0.50310112594947443,-0.99593184762256692,1.1149238370523251,0.31951692486256317,0.08930847846336884,0.92333940367729672,-0.58405304060721352,0.55060781261230607,0.29808352313507036,-0.36312309519106134,0.35505123626295887,-0.064147374896263307,1.0025885179219227,0.201024113680838,0.2969427744519576,0.52153621229301772,-0.21283882690965208,1.3136763146141883,1.5900700521710966,-0.19094646361676004,0.61139585953024045,0.64694151709518566,-0.90861769273883375,-0.92731600842274875,0.57481988093216574,1
-0.97548229991761792,1.2401411334323762,-0.64295120791100135,-0.41236690323479763,-1.5426469633889117,-1.7381176209423068,-0.12464535803953403,-1.5672856210630046,-0.31955810569881254,2.2630889927366025,0.59891541279104665,-0.062448225387832124,0.83010542138075605,0.45231617932283696,0.26400998262947278,1.0192393260404624,-0.79401666081545219,1.6638014117080056,0.53602619263073081,-0.082708791399975168,-0.2311640085951874,-0.37704118591801833,-0.98588372068065078,-0.091638356305697777,1.7467965488757642,-0.18302230841625319,-0.55609830788463988,0.61687365724359988,1.7485051051717422,0.57771796156613886,2
-1.5567575057377463,0.2944955927436485,0.087969489497975589,0.31298173968797183,0.14946630121030641,-1.627740805289609,-0.086667522117712545,-1.3646779279046972,-0.75791806510366755,1.3248218977480124,1.4138476647265517,0.18500617729565047,-0.13731578222703425,-0.18398385043137458,2.1129198826856999,0.12760519352690392,0.50878229414728227,-0.039711649903681909,0.39551036250296073,-0.64002609769471486,-0.86568520151257211,-0.43978660741705489,0.0046803816606801512,-0.40388218481067795,-1.0761665343849482,-1.7098225521423227,0.30551021242048165,-0.13681548942667004,-0.37484742649214742,-2.2138205771515258,3
-0.26266217366582417,-0.57854138281164946,-0.91321601674961994,0.90238191580959815,0.91175851906965777,-0.62043274932775561,-0.68157436370080116,-0.63449662326968426,-0.72575895676286162,1.0523371989907504,-0.47558312360505378,0.32733891208764704,0.079501399107225493,0.48036859853007896,0.41609206927413678,1.0765167885989257,-1.1198331917771587,0.49856823125054323,-0.38281575821707964,0.34813115809393541,-0.61442529826218972,0.75074143345003641,0.22982563877285084,-0.47742988661445174,0.73718190123420368,0.7653487286854106,1.2778159434493641,0.017789511932599939,-0.30040245561276457,-0.4456675486824449,2
-0.33207536829662837,-0.30578459337577041,-0.18614613027096893,1.2909778669624543,-0.13523618337470608,-0.52603595535673475,-0.49668232748641911,-0.23280885705417328,0.33211954767617602,-0.37930215239478321,0.54847562985836873,0.79964128951639912,0.33487092567001814,0.12732059437824914,-0.33267459416080664,1.0864056565401796,-1.1884747914709435,-2.244558396622824,-1.1072674393321178,-1.8338587194889113,0.11276732501884788,-0.158132534145215,-0.86865015506501753,-0.68687273413508931,-0.36981276293890081,0.83812154964593188,-0.46267386794546739,-0.47616727495263722,0.23292392848699633,-0.6914465257953436,3
1.1794129292208853,-0.44236295254654123,0.49746525400885233,0.6333612730498781,0.19344542326321143,0.34954688575305121,2.0080575550117334,-0.54324295280303558,-1.2880872846975731,-0.66949402143960501,0.91278596655236699,-0.67838036767779286,-0.55765209630252133,1.1766831509958298,0.86025227020125106,1.0884354391873756,-2.4432569547439806,-0.014872132543101799,-0.84818177582978005,1.8738102725161196,-0.43594593823501798,0.65105708326010692,1.1550426873054953,-0.97060786327624438,1.3669144465030392,0.9025148549504628,0.036850675395834684,-0.70701482334600907,-0.87998417793851158,1.6035982265118203,1
0.55422286964968503,-0.240766770067778,1.9049925783273627,-1.606821633542507,1.7691418325860724,1.7158265343881089,-0.75634160106979065,2.3338249028717142,-0.13689818411089882,-2.1847881090704027,-0.82397544075124884,1.5055321595351692,1.4525252488362379,0.98797542879454792,-0.57977772469579625,-1.0361693024624001,-0.46425150003636217,1.2691313580239934,-1.2705459787471098,0.84218579874490873,0.13674089547350957,-1.317693689983112,2.391916128645081,2.0616110981064266,1.1386433336815966,-0.68617590232703318,1.2281033372737888,0.083933492706796911,1.1936557232301848,-0.63794258115388247,1
-1.0073201380062902,-1.1915214607966753,-1.448703596822333,-1.2024607024090508,-1.0713127963861677,0.62341024005353374,-2.1554468443064709,0.609806465155868,-1.0486990098098505,-0.59521629428990042,-0.67077453862627312,0.22068610134780969,0.25711878217476342,-1.2927558216016057,0.095109066493022115,0.78097816213987736,2.2808599982035087,-0.45809764253620405,-1.0951836868809803,-0.95363995590909456,-0.32102824597733831,-1.2515341082094407,-0.45384890546315965,0.30475274518834428,-1.2542329032515893,0.52174907092619116,-1.3487389651744621,4.4669482400831421e-05,-0.79208767813746239,-0.49132378238370816,2
0.83171545739005781,-1.4445596754580838,0.021433145325746302,1.5266099385499758,-0.55087437343141188,1.5262323548478816,1.4544354404012543,0.10094916450612214,0.23581807416156467,0.51781815197984848,0.84583014082426955,-0.9767422671551218,-0.62612435329268501,1.4479781916585164,-0.42785186377037654,0.55081966676358585,1.1924597834333917,0.44793819210762614,0.34578247074689311,0.77011673185960838,0.44103847044414235,0.28018354254341438,-0.67186461951509346,-0.41918556174227012,0.16432557099221448,0.63553922475469693,1.213286193515019,0.55785573532077848,-0.069816364472426798,1.4704954420610163,3
0.39144290541622534,0.78398766502137573,-1.5762309772285759,0.83990638901367454,-1.1522963842500826,0.54022684484552286,1.0627471631761782,-0.28911747993594389,-0.21732861346553997,1.2196979478724304,0.22499729292694701,0.1994184910358989,-0.87098500442223148,-1.4119697563743789,0.099069722222662804,1.7835391879775224,-1.0659087561393217,-1.5267983566889847,-0.53900535823559792,0.52288112463356862,1.2636510118644158,-0.31315435577785383,-0.95793404949240479,1.7991819984341935,-1.0666352904204628,-0.74681913272908373,0.29725376568703504,0.029216817999043784,-0.98369938723524819,-1.2668637491610268,2
-0.084942658914213376,0.77735532977585864,-0.18048085144269968,1.6393522977677508,1.001082477704629,3.1693169352707904,-0.3179107599010545,0.14902477427961144,-1.574583541889748,-0.90796725787437615,-0.31228083893374076,-0.68150340047079427,-0.68919894843329854,-1.0426377278069585,1.0484107243751404,0.71725449973683675,-0.99148492140547051,-0.91243066812708484,0.16500646802439081,0.15858433012085307,-0.9031456140594375,0.57842062715616638,1.5843279864581981,-0.39313165857403698,1.1987779683418334,-0.20595053746694,0.25814274406371307,-1.492137989735602,-1.039547792503422,1.2536147205813948,2
0.18477404781009957,-0.62138879910373623,-1.2783667425282588,2.4574798988937303,-1.0169336744100519,-0.25827351492310752,0.33579173384873767,-0.56659138470908765,0.28103306461198085,-0.85561286085122179,-0.89594537178478828,0.53855589733160947,-0.95335174377581189,-0.92771381934606301,1.3850304001780849,0.18444940336265539,-0.27659476029461072,0.6284286324460161,1.0242940384115062,0.15756050634784177,-1.5527729549680174,-0.44212956782306867,1.1224810005412946,-0.23281676046546743,-0.33624850824832941,0.60144022543193743,-0.30300787259227274,-1.9173668010035512,1.2979423206840393,0.091620235132997427,3
2.6017169480893738,0.96189703182821074,0.25275659027438713,0.9625197928428354,0.61826639039689513,-0.28765717697325616,-1.8984752847193895,-0.62674064336285107,0.33446077613697156,1.1727262592618954,-1.7506163072105432,0.95324452379976365,1.7419357067401686,1.1458570602433418,0.78051840928801364,-0.83690334883053819,-1.2948854577557882,0.58031637038816986,-0.044410749757651018,-0.61946056235193747,0.15280682331792173,1.5033484807716229,-0.96953728258666483,-0.76900342096643104,-1.6851528707749883,-0.41389482717562076,0.067327568756018433,1.0175696636266909,1.5439228631447957,0.85916272286673667,3
-1.239411138379261,-1.333053113466693,-0.82377243155577762,-0.63472415922935987,-0.20030302608238362,-1.2350792034280251,0.47863308378904362,-0.20777563122912371,0.0040093170910157471,-1.1532504425483951,1.0703784886265555,-1.8281186854694425,-0.9970371557655292,0.97648682886899818,1.1217832397476637,-0.16239464757735386,-1.0633195098857775,1.3306135076769441,-1.0875019620723827,-0.04550249589395132,-0.79432198431629908,1.6625713740307002,-0.35137979001019876,0.23722772627776989,0.14079389802884593,0.96591694373748771,-1.5118121925330572,0.71461328040627992,-0.28725324094554405,-0.60083571228929333,3
-0.66278405736578727,1.027864399729985,0.7037922777011707,0.13685156552098163,-0.82172315088705861,1.038548379478111,1.1046972765551708,0.81013463053313384,0.57353299874767205,0.059011608903016405,-1.2814641853253108,-1.0489400046063808,-1.4479609995369482,0.087862993068691261,1.952241587840176,1.287743962743966,1.3994293083328753,-1.1525878001549732,-0.38123460203024179,0.30706926546960084,0.89526220844380133,0.81561748604106343,0.63640971131447166,-0.51386365085822694,-1.1272877990952943,1.243353195562839,0.13404045506412432,-2.0620693773202312,0.83955583572476855,1.5926117466259291,1
0.89817734387457626,-0.56693492855946714,-1.0936989089442151,-0.21051126561257577,-1.6880579812773613,-1.0802567297612056,1.1217242477781451,0.15397159996536586,-0.58381632557368213,-1.6690562823151613,-0.35787823121711398,-0.3581669592679404,-1.0717052876565898,0.20725153944595415,0.7842394604301397,1.6153948882400375,0.17563564057682562,0.14018101027000995,0.30031961692044296,0.091660996935777644,-0.055522450169811353,-0.60761793242300532,-0.025092568917664222,-0.88653968393671101,0.77801410978705565,0.10178398038922674,1.234975655140411,0.98025462850239553,-0.70487700729115021,-0.83219894382152659,1
-0.57652604209399438,0.42099992343493359,-1.5818448550469137,-0.30427406470804313,0.97817093484368234,1.0924718800808531,1.1067150767273193,0.6591934633420119,-0.65954571777867488,-0.63968373802541911,-2.0177880454914328,1.0717059541541891,0.64790715789912567,0.58889101770246555,1.9284723133716268,-1.1408411135732541,0.46447448587247631,1.436212414797194,-1.7512018067737227,-0.31148864784404023,1.7641203331396555,-0.44387086593762848,0.51532816705005047,-1.5204607345231163,1.3478202198183766,-0.99101854691887536,0.12832909074634632,0.41344130840341914,-0.29380422700020198,0.59361239239840258,2
-1.1123128370979871,0.20545663314245782,0.71617688692803305,0.3043682336406322,1.5542187544872517,-0.28061586890511081,0.57761013582141063,0.51999872838028238,1.6946047058881997,-1.617023186640242,1.2866514339607775,-0.73605424259963148,-1.5553325524085271,0.74652557265374475,0.011224269925229232,0.84735134530987022,0.20465640091193577,0.16250653398444317,-0.11858521416262113,0.049158112754034332,-0.057091375445867551,-0.002385761875424552,0.65292552597326192,0.21353129139022958,0.056783150125787996,0.68041328872157225,-2.4816123918969843,2.244570040724168,-0.2213295633427354,-0.36926527773650475,3
-0.47512301150369002,1.3080612198200241,0.10360318665304744,-1.0614220510367605,-0.23987264123010615,1.8479719896032929,1.5061120486075319,-0.36758716326474095,0.38752084329942887,0.42609255009458286,0.29415431916667983,0.3303624657939373,0.16367046820498568,1.6414597639683053,-0.88330917182154212,-0.27574340929040198,-0.39541120798315132,1.053118233780248,-1.7447986864651959,-0.59322913329921156,0.12444546968113515,1.4842564143158612,0.97795404463250069,-0.44800527016125496,-1.04367779791088,-0.82116118648476011,2.7988135169695023,-0.46003452089898528,0.56205872284713398,1.2665024589841629,1
-0.062034540985069685,-0.78308597617253184,-0.073442981706382915,1.5521204682223719,-1.2098775275307974,-0.99458411408701164,1.3535158531231088,0.83592479805499653,0.88172762562143991,-0.036324533681139123,-0.34988955668273275,1.7737504310643299,-0.45504934001406749,-0.12073998007242029,0.66071083033082678,-0.8073356329978969,0.3475282124465886,0.77644153727878806,1.0800099761196156,0.24864496799206987,1.2399108212331487,-0.79157783760638545,-0.93954591336940185,0.21144830653613375,-0.50347181400591601,1.3422609440175683,0.11104408674134862,-0.29178208816988827,0.74816867362401751,0.37329965783887825,1
-0.15261057512963289,0.12288421483155891,-0.34573700547060515,1.3313568549322623,-1.5712021648508734,1.1509461478370742,-0.92675862619329841,-0.46127430715221079,1.9482229528222026,0.7679355942243572,0.51931527440383385,0.26335841032103885,0.017421392601642893,0.0082170420457148095,0.21961953318373131,0.46988846633011494,-0.95548906161344038,0.60925040025498156,2.6122093307037937,0.96963683508690734,0.60356928064147575,0.50025822688879473,0.90656731369305932,-0.76442715576696352,-0.3566868250292502,0.29818566040821615,-1.0019946184604407,-1.4331662682202804,1.6473263275795935,-0.45097649731341216,3
-0.10458917006835965,0.87439165728535484,-1.6175420475185391,-0.26966516716521322,-1.4640056442903187,-2.0356778109756766,1.20241319468896,0.87966601308264214,0.19872158223757899,0.18621342937868565,2.3419444955643471,0.50531459233759846,-0.86749636725881862,-0.56420279655581584,0.71585258719753353,1.3819361261889662,0.51596770887300014,-1.541523336910775,0.52486868967184575,1.40189059368017,-0.70483877616733359,-0.10442497534102349,0.77307882192666633,2.6670320174426294,-0.72876261620569294,1.1711811275982751,-0.22189187144122302,-1.9163543114297616,0.7016999219263782,0.43177064516801339,3
-0.9502387783374644,-1.2971825135603086,-1.2258667452863683,2.0619820957528154,-0.36387339379217037,0.18995693445405248,-0.76975633897658469,-0.50838857514735458,-1.4274886684581509,0.49069232940992807,-0.25905703719899481,-0.022991403968730836,1.6173542247836274,0.71201846588296036,0.43372139420878297,1.0997530896899308,2.8003960149173701,-2.2059149221843071,0.4491001691792369,0.052711470989270565,-0.54064522231680034,0.33925318575803831,0.70355803510439952,-1.7086513748739676,-0.34810601649770978,0.13642150356318786,-0.91417398630251612,1.248301350904871,0.50802410080963178,-0.56108694274143067,1
-1.8111968604584283,1.7317709917248614,-1.4867648273936185,1.3358090514150605,1.2025267653868579,0.42707857509118607,0.28527092140922017,-0.19054707269285284,0.67584702696533761,1.1274270483831699,-0.79289854993031716,-1.442958940212175,-1.3828506282021198,1.1472789819960851,0.33249199969327414,-0.97862016164751309,-0.53872665991264745,-1.3096866009491706,0.1873224719914523,0.17256870700105431,2.2016828621495077,1.4697101499379264,-0.043954255533217169,-1.7152928395725522,0.94970238767070991,-0.74577186693090092,1.3719549097313006,-0.67814323102365792,0.52615176029477795,-1.995252357807286,3
-0.54607716892574631,-0.06015667516755837,-0.95213073800863668,0.8972364896911097,1.6779999038514748,-0.83806699729513434,0.57783900532340693,0.14390304113540081,-0.6349692214710082,-0.3767371602936036,-1.746525155244862,-3.0426629423921927,-1.3031898252253902,0.63847688244621137,-0.93574378411538806,0.37697638868180333,0.52186093954984436,0.21071521808429164,-0.84033896458927226,1.0689537130761746,-0.59108034928485464,-0.034084716383257802,0.25021222937407717,-1.3828316857606668,-0.99428450955782754,-1.1198588435374395,0.63316708464739613,-0.81765753568537514,-2.0103189991373438,-0.5879966305052966,2
-0.97732966166505231,-0.26014086958884053,-0.45788492933976555,-0.043046946263612801,-0.8122874306241995,1.4216895804323562,0.11197932132214869,-1.1249172843151112,-1.9939518424439966,-0.28272526770120848,1.6534394272091166,-0.54452498861801524,-1.912614946962168,-0.071036219668324144,0.5042288317796827,0.78140706345690658,-0.6188594531775542,-2.5213830855500934,0.32892120422222515,0.97620855186341382,-0.86215369357977822,-0.75510600481456591,-0.085247043714963069,0.065706427318776892,-0.37507300473524335,-0.48090606926163298,-1.2625838293661595,0.47964949432447951,-0.37691963177531174,0.47079608439974679,1
0.1660008187240824,0.19248578242585587,0.83015768909075316,-0.29158745565856281,0.53416019231718248,0.61566949294572981,-0.94228368572682109,-0.41226776540142585,-0.8262201784360248,-1.4126932173633457,2.8449090748245283,-0.63252524675012423,-1.411377257106097,-2.3149098369213617,0.55977272884265983,-1.8284354577491728,-0.86807576469068193,1.1133971572709835,0.062341876853277467,1.2795559563332788,-1.4005787988030638,0.049731007178712885,-0.28864821823832121,-0.38149888670867599,-0.078496451994374591,-1.6714862465494247,1.1889292869218115,0.022285248534472255,-0.62745553659374997,-0.79817985260441959,2
-1.2392416231413772,0.50481647711752309,1.024364424637261,-0.65703680264460462,1.6156284360102031,0.76658715291482238,0.032502501453105861,1.1560990378344445,1.1683434012829339,0.2733805363049357,-1.6164805695668019,-0.38017849620464916,1.3627432377909476,-1.2222079345285009,0.50713255766222964,-0.96447511002005759,-1.0012540934725584,-0.85353796450844421,-2.1648891779051618,-0.65635360393422848,1.0463568915265096,2.2235871831047853,-2.0467704453091775,0.42730571932202299,0.16255825830841394,2.4839401230939071,0.22709098472477207,-0.12840392065296113,-1.2668980061296,0.46894041021125876,2
-1.4823086640513459,-1.7469772963764649,-0.035106951650289403,0.47593075109308602,-0.32759252286580065,-0.52648681768699168,-0.25726504364338609,-0.20977193148122139,0.72073594237959726,-0.48106179827639911,-0.32870777070838347,0.98604032333269753,0.1404749658262332,0.068003998652524239,0.44915457019553817,-0.58524823595003861,0.24908246923230859,0.12105890098616082,0.35564438812289467,1.7779769010007196,1.4196624241180504,-0.059328567002843779,1.6337798681629239,-0.63309213148791199,0.02605545599770372,0.37969154153709939,-0.42970801595100633,-0.57000778276177544,-0.94999111422512583,0.27561356054590402,2
-0.73174590067873135,0.22732300294061383,0.44300033661907756,1.2963976227916765,-1.8153261243843495,0.49502120126769666,-0.39743873116936712,-0.85498201242653415,0.88459125943026673,0.58287614188697989,-1.8363798788283141,-0.23499417006491991,-0.22327525630844783,0.7825442792516849,-0.084232956464869668,0.64143013411803074,-0.74045569656511523,0.56415239963520525,-0.58048423633292701,0.18547582110619401,0.2525925279956393,0.39761356846358104,-0.16659722735090596,0.79071501346064565,-1.3966397870496703,-0.58807865972426332,-2.1297721338499866,0.65903794844586638,0.20261275790773206,1.8838286083082103,3
-0.26717816702200176,-1.0281448778992848,0.096847398979474503,1.2698223030416005,-0.60639355504634251,-0.90131098522652264,1.0830893355093798,0.86989725206570911,0.11728073416361383,0.74362381663671018,-1.0305727405328362,-1.351200540566762,-0.42662308323509635,0.41384887329316328,-0.022828664681933175,0.45389175610891397,-0.49625737294167205,0.80335748470370494,0.088607544851416808,0.42109703014793298,1.397248365198398,0.12690993221645439,-0.82179266088966385,-0.81291137059900942,-0.88898395735166158,0.42826379122242392,0.51859077659909392,0.83963108808139952,-0.033180665441231619,-0.42891799508204342,1
-0.89476907406822459,-0.9604811980647846,0.78279842629110319,0.29438657999051926,0.57126628460474171,-1.1816242497264324,0.60411395685802693,0.60610216442227161,0.3011908293975803,-0.40997814105328884,0.94070244228751754,-0.69454568807094585,-0.23829015563686448,-0.46514626870519887,-0.53079069245395538,0.76065462128983929,2.0138552774624054,-0.94588397990417994,1.2952318609958795,0.84439848309048204,-0.65571107752666136,-0.8510261406927947,-1.3116347962326587,0.26325819042649301,-0.83779669536341017,-1.170334887765438,0.48344231735204779,0.82676687034811203,-2.1027499318151932,-0.022935062368054641,3
-0.83017256209999024,-0.078839823435457937,-1.3203973371104334,-1.4662300024608792,-1.9658907806237575,0.055588368152425932,-0.067421379292296926,0.59827983769322268,1.688519632659824,1.5610094296063288,-1.4747063826856863,1.0277038599884372,1.2054919060198224,-1.3537593747149517,1.0381346399528404,-1.7350533002545085,-0.23190232819866963,1.6096325672571634,1.3260857922319866,0.82213496835849209,1.6646144252334054,0.47608717115927396,2.3452652282923299,0.43986400450729152,0.61996270199965742,0.86977194727673945,-1.5968300281082486,-1.1973651552197662,2.0936618046351088,0.43221140866441488,1
2.262913657652196,0.074367685848538284,-0.69199545758236569,-1.4158468743586052,2.3561218393574257,-0.023207660139345516,0.19243428957588718,-0.1497597085743077,0.44958778188439735,-0.061348429375730193,-0.65621875709896971,1.0864508360985314,0.64833440560988653,-0.2841380077776739,0.24490035275283673,1.0802776559806082,0.66566646933111651,0.032394245979322736,0.51127682477825809,0.92842524100729773,2.2875243715843494,-0.228212936378616,-1.0855117825576601,1.066557501930387,-2.207298474038546,-1.0523524498284313,0.83117793172331234,-0.9600142891321396,-0.14656609650333727,2.1349944728433301,2
1.8420202378499559,-1.0618063110436962,0.4560001912225165,0.17207211004050285,0.70911026909922081,-0.60711687165889716,0.92664429780762336,1.8650708450483047,-1.0154728708289751,0.30381296804873226,-0.6283413997871985,-0.12060354726177898,-0.29234504945612416,-0.23153422417183286,-1.2303781018062077,0.15907879817091097,-0.14676859739008724,-0.67374168418738978,1.1973750544937107,1.3129599092453257,-0.57368052962703231,0.35269953126108378,-1.8275668065048463,0.40132134056478352,-1.5378766042897303,-0.46192912168380595,0.34592627682762239,0.74765175206886536,-1.2984306275639836,0.32904626205164095,2
-0.15313022461398901,-1.2820237221214104,-0.58915699590615622,1.4726095181230321,0.14549419375418782,0.17466033660680086,-0.30258823756402176,0.58511208307873352,-0.86341105241650296,-0.39741716480962791,-0.22993063674967937,0.46285652980141884,-1.1854884850846503,-0.47230237688464294,0.91727205988482752,0.53615251344682457,1.0307860788445207,-1.4765700365058745,-0.67299447720953576,0.60740449101335703,0.91190299288623977,0.20694631770680497,-0.95774196735564354,1.4524582495827452,0.68584576021628674,-0.46509762917280323,-0.59806875400169768,1.3907153682893134,1.3220992988896698,0.78557954950670594,2
0.97521027312489239,-1.8585738430577425,1.8418978854227062,-0.011658780634153669,0.93466118524914932,3.1285705613076442,1.0927319755378517,-0.95882925574444622,-2.2181462236216438,-0.32251842776871931,0.58566800476859804,1.0270988444697597,0.40960572702134679,1.6198756809564361,0.61787393238214661,0.61298250284790889,0.39302804173903427,-0.41856640334818002,-0.34711447688637903,-0.92192817367703617,-0.50919670357297409,0.11947553370048385,0.62231941896658105,0.9460877316907581,-0.054111139917688914,0.16700861110748155,0.34556236996107581,2.4843743527094095,-1.9260469995090408,-0.64210255894916524,2
-0.30088021318798563,-0.63120452802428439,0.12832428528908901,-1.9811376785744466,-0.079852742932880388,-0.14374730715842648,1.3464482120228349,0.75243439921739286,0.11102984997027182,-0.40984706452458508,-1.187288312523582,-0.28843455465146994,0.65283022748244279,1.7775570004598817,-0.83851436661789658,-1.9610495942751678,0.33471261062925983,-0.26965936566013055,-1.5765953999027864,0.1930118713703404,-0.1205542784066715,-0.19295291920993138,-0.3975118660069612,0.6671634691959164,-0.1961974181823028,0.43221780785927999,-0.39888501675488058,-0.39947907343676514,-1.9889342025468604,-1.4270589588299856,1
-1.0887565236414638,-0.66582382869147039,0.56973299311785841,-0.48203617889805861,0.88550173066845261,-0.12055293281401797,-0.5986198355805028,-1.3867093578856911,-0.73467632926248339,-0.39865124734636537,-0.08462081202985354,-0.00062429829325786018,2.1201455312057855,-0.8854306299842456,0.98982378654774561,-0.71496696624689848,0.36120845284177122,1.7924696751648548,0.33873829151714624,0.013457930345432328,0.010749340340816102,-0.32555903268344683,-1.6732622283092968,-0.85099943038189851,-1.4800504856039334,0.16465801111070005,0.85758762008841272,-1.0572459018955913,0.76634069431623075,-1.13917226876628,2
2.1542983445073247,0.57163893893829287,0.7727467171846385,-1.8502565917592038,-0.24429405492037612,-0.19776732739853842,-3.1589925007693593,-0.99007321763474565,-0.011088058528706653,0.15210487334898348,-2.090873477258659,-1.8449741731589537,0.87068480953581173,0.28697544815458864,-0.3263728969960249,0.73056233084510247,-1.7586839622981734,0.14725174050178713,-0.16780551348404629,-0.97979782839279494,-0.065240928730931458,0.31312834304016846,0.30223221320552118,-0.37502667062945305,0.36597723713072694,1.3298269706371861,0.52284676001610164,0.53933512226965297,0.82037387142833407,0.77393443753355973,3
0.77879092267611683,-0.40400920695507242,0.40833270653892983,-0.27342447723618507,-0.85306454259318887,-0.94119952135089935,-0.94831479774085392,1.3936443106922041,-1.3129951856068962,0.76728790853943629,0.24550864485228202,-0.52519890773957856,-1.1175580872265984,-0.33851371835815003,-0.31875914272997968,-1.1798847827329517,-1.5667305902564377,-0.10348042044873813,-0.44344445285728973,-0.89079837768656411,-0.17278054506371135,0.15233649517418921,0.97318033410914406,0.82083709458604026,0.97111986406915007,-0.42009927493518751,-0.78719087474252369,-1.6903942203434184,0.38338540074507343,1.3521399403701502,2
0.029256163839788719,-0.8211472292343992,-1.5167961522159759,-0.01393877327019378,1.0988643065688626,0.018426839829566197,-0.66931045525379884,-0.82933557235198585,1.1871738709127029,0.13831735532838038,-1.4162083271114398,-0.28366419978876511,1.8377098350525878,-0.36715853433920992,-2.7538401076832111,0.69386537807453774,0.74958449348289291,1.2609952828798701,0.96593122427927336,-0.38339683311116929,1.2385977804425732,0.94161932371621371,1.2276288322492646,-1.3086398347213415,0.57794943755005612,-0.80248429366902463,0.58464526526978045,-0.28053738969602959,-1.8773985958305397,1.0488520221112254,3
1.4692639842287161,-0.82943107759813783,-0.85963893397182733,0.80226147575273499,-1.1619740504639708,1.1363051732130671,-0.075869311216419669,-0.25499605721000185,-0.29045150779014844,0.28617465623396232,-0.0021163900676634288,1.3349123354259202,-0.14671495211293697,0.80463411226802584,-0.31812598133149644,-0.29324866214383621,-0.80159513433604124,0.085987930865175949,0.54823782391882192,0.77304024934463578,-0.38223786046068703,-1.8650907586216059,1.1350823752307566,-0.99798087700964,-0.98235869457284242,-0.93620674511338875,0.40952470149360842,-1.1598149494901111,-1.5625287703910395,0.90402251873191064,3
0.48654254479704123,-1.156721764752958,0.80971633431411705,-0.42653805888458451,0.56158971011200742,0.34112236951065167,0.55138316657488207,0.45886494136276623,-0.60874723366305827,0.61039887271825777,-1.2677010648780234,0.11798264682776603,-0.451273513701343,-0.49113624390161936,0.94730350689887977,0.79577512619634805,-0.12529007357519129,-0.63412562691128416,0.18453030413864205,-0.57168468224773883,0.12986528561164454,-2.0958821511959682,1.0984569276075569,1.348437424023508,0.64391643109090724,1.4438133763561449,-1.1035922535574223,-1.2146883328547435,0.9464741632303616,-0.61995667474548088,2
-0.57466666050733006,0.5797272062765485,0.94804124830986625,0.56382069318841233,0.11252810642635008,1.6370424690855314,-0.52191648939496116,-0.50696217966781021,0.32409088214205023,-1.5570177937620027,-1.1825696667450203,0.58762299896407688,-1.0057695598517093,-0.012669852794135218,-0.84844859836133857,-0.85817969534146565,1.2614568080894013,-0.45767327762297028,0.49555431763106145,-0.14033146424750062,-1.5290954999637929,-0.57619928979652713,0.013206065018293141,-1.3427103980141037,0.17423695075825157,0.71617020016469568,0.15975864123173095,-0.059435012854860692,1.163233895541361,1.0591384058644069,3
0.11026664495517814,-0.74131301702778063,-0.13626033888311434,-0.244496823847971,1.5330844728881794,1.1744306541024265,-2.6527259400649226,0.52859604784222136,0.25691024583494104,0.046751385205476871,-0.38623444551667774,0.14408877803160286,2.4567090333928849,0.8702498853876427,1.0029746250142275,0.5726045246263628,1.5571343342447275,1.2047287368823867,0.90652233279637773,0.37104152963448261,-0.32286655421892591,0.54985362936873305,-0.4345042762103572,1.0666603448586891,0.27216842787524104,0.49904181273658654,1.6704063719798066,-0.25567795653176778,-0.46784255296502808,1.1002773564356223,2
-0.40392926633307791,-0.93179312114471802,-0.39933247408992167,0.50378883024289667,-0.064649151748218586,-0.094534726090286639,-0.76504851753332404,-0.934427746281833,0.83297333815184482,-0.8061037109263357,-1.0658123159149984,0.95474461822246171,0.48465114820904398,-1.5525498366307355,0.049320456058209824,2.5955464466205607,0.57431681711444227,-1.3541654425193537,1.0169044176739634,0.32870001898599854,-0.75427228822633985,-0.55256402823594775,-1.1915013983370673,1.595020692894046,-1.1374786187111772,1.0047102283500164,-0.405487551837378,1.1266871010862596,0.0026677633017242472,-0.36289929669746929,3
-1.6978980151076952,-2.1459824609104063,1.175326643762836,-0.72617844584969937,0.42734812622947038,1.9161190403121353,0.34369576203838315,1.2804701443161246,-0.75334298310421144,-0.39416270906477208,0.20008724665230371,-0.57017367870224644,0.63591096714914819,-0.20210254721624502,-0.48479239585898065,-1.9359171546194691,-0.46516717376657357,0.6329059836206512,-0.25283421833386072,-0.1944402720593203,-1.1328158326758357,0.34312156188638238,-0.12177631161627107,-0.11748749990091466,-0.50558698194142171,-1.3626515873144638,1.0155180863436002,-1.0348900804239429,-0.42757446447440672,1.6623076127146321,1
-0.24940576605020953,1.1589013626019866,0.78606990049699921,0.19114134813445791,-0.14953770695960433,-0.24770073627927169,-0.27627758623590215,0.32647672446775688,-0.15775965161061942,-0.037396700217515316,1.3372775501204885,-0.322298873911325,-0.25864824297674011,-0.81007945740686427,0.4477325366917756,0.49402461101181439,0.10966209105965904,-0.23096300530107286,-0.73083791276950538,1.1863110431307495,-0.83598777145628156,-0.51828881697637319,0.79705488176238881,-2.0414065332063052,-0.54526109428275416,-1.1500514737849179,1.0907849140031403,-1.0372789613566626,0.46602682160818332,-0.48775317900573084,2
1.4635729511006421,-1.309195944034226,0.47348224963005286,-0.5530077012548501,0.59445310828406484,-0.026644282572971148,-0.063728320738428865,-1.0998303145532673,1.054540742651582,-0.2383946936138458,-0.47262105592181652,0.85962766917131661,-0.13426536977992207,0.98853225032147896,-1.1264674707157181,0.58703329995171538,1.7669871735710307,0.15236064510473082,-0.046367218776081555,-0.031919737709327121,0.22006102808648842,-0.28303337348357277,0.29797417561009448,0.56633165020635556,-1.1734354596850194,0.56934029361840077,-0.443786544297672,-1.0505887985966498,-1.2483608419868633,0.61825224248258959,3
-1.2160712642696407,0.31332565302518112,0.24276811630438258,-1.2374074726429931,-2.0060657773090309,0.68070388836489248,-0.045270390074793755,-0.24960423505682588,0.40474184678924452,-1.1641165116349528,-0.76548639152672349,0.64497498970101308,1.589063990311893,0.32043948554007246,-0.31014050445180269,1.2863365545762526,-1.4121280146095982,-1.6480527406517216,0.37941629804944954,0.63330331581916488,0.0079107452728643633,0.29231034668853706,0.40751276465240927,-0.065923644335324189,1.0613204146772242,0.48721687707043959,-0.29040290826170284,-1.0691222229592989,-0.9812960203129667,0.895381832812159,3
-1.6057446391905188,-0.37772228579059924,-0.74681272587787273,1.2393032686333649,-0.36158822253677758,0.86313995138891797,-0.45274306112715584,-1.1025082551475198,-0.34228320468862511,1.7495046183316816,0.50771645432656176,1.826212066723691,0.1553233448624807,-0.068655048737823493,0.78666566771314361,-0.62321554853079386,0.37503524348374029,1.3615623276576887,-1.3399878004336649,0.50339375329799563,-0.60737154506995228,0.6692924670230781,-0.19588644964612417,1.8197818295342321,-1.1148547256474266,-1.7239330407705318,-0.14960780187082112,1.7276727726856529,0.67955153402728286,1.5787001833802812,2
-0.37926894102280628,1.3670210290066098,0.39660161120931553,1.6068129774743074,1.1593797927760823,0.074730171376224619,0.27276470707613282,0.15033533018218623,0.59158181739309779,-1.0630681507192328,-0.96597188568456005,-0.4624043824977308,-0.57683006254793179,-0.68632672353827295,-0.8479295459929781,0.5497522602613909,-0.54796553682072624,-1.7530980012579447,0.36347025592989846,-0.86376613823468529,0.45502051685250644,0.34255513149456684,0.20390791196076707,-0.91063323445959798,0.82024948043256174,-0.21855846016323041,-0.88425553035901794,-0.66738710956282032,-0.22834717789609982,-0.61968707337489215,3
0.66210088342462192,-0.3070056185131349,-0.26332520055454933,1.1979302301478145,-0.14757268976065685,-0.056495633296437711,0.25685984573814652,-0.78300571561657195,-0.027251084472881569,1.0751740391230722,0.99462764153921002,-0.55299291303882103,-0.70035875237578815,-0.17599211861228664,0.18161013418786651,0.0066239118836071567,-0.59901965507803157,-0.30253329014986724,0.85442441427904792,1.179249106801177,0.0077085085924395967,0.092910658107441493,-0.72749847354516783,-0.99727256287329114,-0.53521886058369195,-1.2377087330701033,0.21662288834789556,-0.082460694334312898,0.28140667008440962,0.30153719114190092,2
-0.8929121854577643,1.8604101677861118,-1.4238326024134484,-1.3917596567986041,0.63513427100216213,-0.20711763138498776,-0.046316532365989947,0.79880680098175616,-0.62311184374783923,-0.80209605980961129,1.7908369276825729,-0.62504267045430895,-0.38200898872278455,1.290224462281782,0.046251785619557589,1.4371539273294649,-0.58431053651001197,0.44686702938000966,0.065626175315552732,0.24726951668996602,0.41810034297333487,-1.1286333114514502,-0.3147130965362181,0.35023679435928995,-0.46734475400479192,0.95278129205210138,-0.17705494251651133,0.021371334072050139,1.2050727728744792,0.08800447222056465,3
-0.66240831838209135,0.55287821217884514,0.022611206869593916,0.2328445261871164,-0.33217837966623986,-0.20749406652760721,-0.51954698807421329,-0.88167551153301937,-0.071993098370782396,-1.4041327848698058,-0.098852710830455076,0.80424458098862484,-0.24727652901893696,1.5535618155110151,0.3214189032182091,0.061044868045382589,0.53282505407093472,0.79940951420945805,2.6247556473583078,1.2348276772207234,-0.53882633339141051,0.83184908404568925,-0.82539902091910355,-1.1323130206651404,-0.59109133417621862,-0.92911546518605903,-1.897085266210899,0.20078757800542288,-1.058870396178784,0.9306331456019914,3
-1.7065141270476452,-0.82190650592553682,-1.1390822827604303,-0.081008991883660175,1.1431402556163128,0.89007656366705368,0.80144433315427155,1.1669450430173405,1.061882998929857,0.68130913172287233,-0.9845988157718446,-0.18761029517289596,0.70580868593968205,-1.0655090980082347,1.7180451929932989,2.197842576844967,1.345724041348791,-0.90314486038917641,-0.14559273115280791,-0.80771279667182605,0.99602920319310428,1.0891511190996512,0.33233352786842563,0.53259824529612376,-0.15668525180675405,1.6921009871719381,-0.30651714149856474,0.72443820512475054,0.9337904971369595,-1.3818116277729287,2
0.71203935150596998,0.14308986456897582,-0.9821958516279633,-0.28911526901126777,-0.91513792049716614,-0.18165936624473861,0.92297787752701022,-0.35568520127428183,0.38199827281941534,0.10250943135116673,0.89303310542885295,-0.5109790955823369,0.14296930942970326,0.11705115005444736,-1.2441034006845226,0.75694182061320781,-0.72388947544557303,0.41055016401168481,-0.99179786814652093,-0.61969817941949068,-0.99136964885875334,1.7238516167568207,0.99953725288887108,0.41786915205061864,-1.3044736751011063,-1.3030618345825493,1.5224632694012821,-0.49605032984035835,0.96873161700058819,-0.19870164605075283,3
1.1584844644468277,0.79762942875845588,-0.39132651048708389,-0.31711390102715409,0.71324300429925103,0.10481912148114345,0.40378974687482022,0.65709781149397406,0.083917647488673072,0.45385517465695829,0.040558614632269722,-0.46264000785086168,0.3680552146931918,0.83478894082802235,0.56166130166591943,-0.99684138217332463,0.83201779650273178,-0.19021725747170307,0.42177730465383734,1.6779335906216097,0.41020504295232024,-0.39622057859134341,1.6890280590998381,0.84837250799727104,0.55946750223859865,0.52170077867436981,0.20142846539107165,-1.3476674072278698,-0.29467150041435675,0.39102689878893254,1
0.99866716423654944,-0.86390980403530215,0.29918204463162584,-1.3746358292623391,0.59919853780890941,1.1366862063544532,-0.58363663298888968,-0.76855571904108511,-0.87092995109854954,0.25973832570264838,-0.044767917978923884,-0.40039809443387603,0.41953198298040734,-0.062934973091296115,0.22529857392955402,0.81650824094782348,0.23483139245050447,-1.5206909412425829,1.2764177060458961,-2.1138008153105932,0.41645063359273732,0.11088433727901248,0.26533104484954645,-0.43556162294806777,-0.24537818895315788,-0.75644300374543927,0.91652966188455365,-1.0310160096964318,-0.75513374995245031,-2.6587668451505646,2
-0.76446571558740795,0.68543749944238686,1.0146166751309198,-1.583511937101125,-1.3920456365305196,0.96990173078451936,-0.31073118485373857,0.39956919864812324,0.87339450568293853,1.8645213843048558,-2.6649274413236763,0.14956341817559815,-1.3473412726030023,-0.29324361554487727,1.3609325031336776,0.74848002654490764,-0.34929223143100463,-0.18942848004712426,-1.5539986895977662,-0.79610912814066503,0.23982397922104698,0.63875190720876329,0.12472656743954172,-0.41618155675031376,-0.20325047969050225,0.54713635623238355,-0.31601769085200221,-0.61915001156801919,1.3060906613761141,-0.83287210441008375,1
-0.4301598521970465,-0.43098184176031951,0.58338007394588165,0.26936650250163924,-1.1963911109117824,-1.2954829643001984,-0.62853154802002997,0.44167555170071904,1.3292145579789012,1.3053828946451582,-0.61022249299510045,-0.22554939475088917,1.9125185143335317,-0.61254394626121933,-0.75077811187595056,1.3866900272015172,-0.073437235964262146,1.2246705592688074,-0.26205815783181829,-0.43053940011497821,0.26243824766281643,-0.20286600870458971,1.4911185508154894,1.8413874278420086,-0.91984539872153692,-1.042608259280156,1.2875235161324006,0.82805308851272308,0.31839974471315502,-0.1540814109394503,3
0.81307378529145091,0.031766890087178049,0.9686102157555827,-0.40412353565854559,0.64819534155864533,-0.00020860227015165485,-1.8106602550442619,-0.24671616547088618,0.26774729526881808,-0.020901210708346128,-0.1422041990566347,0.88798778218661123,-1.0930167657350442,-0.014110480592593721,-1.2640806177817927,-0.21518249430133196,0.82044459092928657,-0.28918092182822713,-0.69433552310516355,-0.72348303330728181,-0.63553120681721442,-1.2484989986296893,-0.692439458509304,0.45158679380132027,0.68649727486301115,-0.29023204011069581,-0.14327508947900422,-1.0847169031690183,-0.0067883019915355638,-0.97887821990683554,1
1.4842005456890006,0.56090977693900412,-0.32559747136255712,0.40988471917650149,-0.055320777199393698,0.70712216920624371,-0.42637872387410686,-2.3296403264079997,-0.87529071889176835,0.49873558169540422,0.53963911729415159,1.5987608697998923,0.35990805882610283,0.16356000040965782,0.57595787972449408,-0.74610097855417568,1.0795576503783273,-0.35071875764754201,1.1376321827628599,-0.18077651521349522,2.575596683719116,-0.33444668036334463,0.97311916898258988,-0.26216648465722836,0.20692935229165729,2.040938417805032,-0.27230959576040231,-0.51063604008274588,0.45610846864247018,0.94055009250049271,3
0.91489833618128313,-0.20769935973922682,1.3434876285217945,-1.1505423195673763,0.23743154117598966,0.2092224386079769,0.17030809422419246,-0.69583727826054376,-0.72338944721750875,1.9724887533459341,-1.1022235674652285,-0.048844492868491241,-0.24816780347380979,0.058940140375219913,0.29707243483374085,-0.11390722024267448,-0.12647529648866659,0.6229058246561997,0.21158146254461752,-0.79936420709768452,0.40503492934951324,-0.1355676690170802,-0.43078763998066222,2.2420880696973868,-1.079053688114413,0.63220039959140129,-0.66985512195917163,-1.1811944821058649,0.98324135383908973,0.28094039599314208,2
-1.4060704554667192,0.17597139790518906,0.74061718537994103,0.11508356464776535,-0.35759318992222633,0.2729834214922538,1.7839095905853382,1.4007414063669712,-1.7665972911997139,-0.41851432848861297,2.0426999432254855,-1.2765505612414332,1.5560449097159352,1.302610211926726,1.0238606892643021,0.77571419923528206,-0.37308828170315972,1.591622071036493,0.70138227212908255,0.97857409944427365,-0.3414526129414529,-1.111481077511054,0.18108068305249014,-0.9240419109590432,0.56565027504849152,-0.72727159518485152,-0.089421690259822592,0.082616716816991925,-0.26355712259574432,-0.15603574734709519,2
-1.5114445177637059,1.7531025503996196,-2.140657951038043,-0.8051544221215704,-0.90385764020978721,1.0015124948919232,0.97086243331625888,1.1825285828514478,-0.1690170874345798,-1.1858559395416388,-0.57756468847130904,0.92003955192972309,0.84954638627834278,0.043462195950364692,0.49240000061942957,0.89442541558852395,-2.1496554394963643,0.71283502671451493,-0.38730956532814786,0.28222904290995038,-2.138714020584342,0.17775451934804681,-1.2012959954314306,0.81362327419971403,0.19761726058492884,1.146627868017335,-1.3069657100279175,0.19385190212613032,-0.84647824149756468,-0.2321832988573222,3
0.65957370896516176,-0.24668394267894,-1.4056501638276786,-0.44310314693584552,-0.21016960000623197,0.25464858415134978,0.55378786120060119,-0.55794109135378644,-0.38498557586892312,-0.33379150953019993,0.42863041380299916,-0.78881034436998032,3.1858510115443002,-0.87549994586942981,0.89902407376272997,-1.8890281570096858,0.55217888915877611,-0.52363240317814896,-0.0085628686195229203,-0.65694320031219888,0.50045409233424276,-0.77933395963930263,1.3407229283797812,0.82522868528241533,0.31815974384553286,-1.9716294839569495,-1.6138941469795971,-1.8603923775763107,-0.7878053467359627,-0.89836650806546392,2
0.63111762460439058,0.38899132130693831,-1.984963206695765,-1.194303561654287,0.39902164881918201,-0.11869952731961404,0.25240501252359893,-1.4330098862886189,-0.11457304915174428,-0.31499640574966381,1.4928276948103549,-1.0276619844405628,-0.96025870727632012,0.33631693305270455,-1.3375449617933945,1.0450867719894366,0.069322882702965855,-0.66765158279422276,1.1468480798831802,-0.72604304178686041,0.1326365407839725,1.5915038891869702,-0.042681791749650144,-0.20361456386023491,0.67278895846278086,0.5223995116764476,0.64703305582487858,-0.75967976316572394,0.064797861410341454,0.545455515080567,2
-0.89421647452291775,0.29919397392214769,1.1956917275381043,-0.45062063769879218,-0.14849437052270137,1.053950787943331,-0.68689412296399865,-1.1358223030788781,-0.54612578746839724,0.37361311892568333,0.18794528956067152,-0.43989164370404771,-0.94882035022242073,-0.67752311651917807,-1.2737539254222507,-0.15117248352013254,-0.39754169441243598,0.19542193062056423,-0.91484010524106041,0.23138589283813912,-1.4572852189705552,0.83325839663509316,0.28745849758245301,0.59128198373882235,0.2444495829435169,0.65800635612112501,0.23528145316503121,-0.35142758623373355,1.7194480973563313,-0.21496844239285326,1
-0.16591341972057952,1.1234608340529344,1.8138069142418423,-0.63918416653757737,1.0004525464701353,0.39339878148796686,1.0193383613621501,-2.3721581058403722,-1.1148804877387064,2.4286738603017706,0.78978215511400807,-0.47867741278983067,1.3278264043653059,-1.9299902730755536,-0.35462652284815932,-0.43567165298310406,-0.1718383412882033,1.5613855649775032,1.7943965500359482,-1.423738145324966,-0.52834328104902462,-1.0891571677469938,-0.29154249170142454,0.77521323502232853,-0.089713597219478303,-0.8732150057099618,0.73340663047909571,0.884245112441158,0.95910341883716876,1.2569178669272483,2
0.012316707616718586,-0.23171796740087092,0.45497228181466365,1.9128294300512489,0.80581287220791031,0.8022260378227164,2.7241246788471596,-1.1113022152179786,-1.2249379742949218,-0.30878656258323744,-1.3595388315372061,0.77507480978898158,0.5328623383584884,-1.0008896061463437,-1.7224176326941871,0.31198485889333771,-0.88156928697528303,-0.10059771042282381,0.3615146739688927,-1.9591568755049475,0.47601556567172626,-2.004165789086656,0.45826749661441318,1.6504817589070537,-0.4404181568827602,0.94905479641555468,-0.36251116811297118,-0.49605856206427734,0.55901683787096823,0.35194950671399605,2
0.40553857589364067,-0.88010319977493123,0.11342640879963593,0.55398288641202253,0.88400898179447218,1.4995420782769855,-1.3371250041962961,-0.74453760009980186,2.448062501374801,-0.37070935506618485,0.2091112614731192,-0.97865780516486223,0.70365532501881656,-0.57207760671996122,-0.88565122641407845,0.30741798998000691,-0.45517743285587731,-0.1280133276029706,-0.42388952100011884,0.31261402915749964,-0.10646568718716025,-0.31693575853867473,0.82228552008401468,0.74694918680530775,-0.23093015984075235,-1.2205769852428858,-0.32890562966385073,1.1728675000496553,0.82865640887252467,1.8316346974267335,3
