V1,V2,V3,V4,V5,V6,V7,V8,V9,V10,V11,V12,V13,V14,V15,V16,V17,V18,V19,V20,y
-1.8537518689880861,-0.61352240168524508,0.97284478386354767,-0.56757379586122125,0.098891800900619692,0.66215994275764578,0.00377600215112576,1.8221801851412864,1.0206963720459967,-1.0906677886457301,0.18236264061697999,-0.33186563864268365,-0.67822998074515073,3.6754611998111737,-0.28387832491755266,0.24580797877294405,-1.3621324512718211,1.1382203143909024,-0.26296866092884974,-0.45973433588822199,1
-0.46782187959006549,-1.7519456574421199,0.34338006354423362,0.28545898452777102,-0.87621856425473776,1.1392105458947366,-0.88443073799453054,0.80178007000422158,0.87116618552163838,1.8501985187633998,-0.18824713942358412,0.30663005332620374,0.14861476493771208,-1.3729035891391821,-1.0513629234486928,-0.032490511885370686,1.268183641773192,0.74778484645515675,0.46875181679533129,-0.89912757938751764,7
2.0392335751774295,-0.26411318855006422,-2.6713913136695147,0.88727407614050668,-0.25760448691527421,0.38418702380495146,0.4158397118167082,0.057518012637342998,-0.78048525473407027,-1.0917340966737192,-0.73888623075079429,0.82119790807269677,0.78836330219271322,2.2960617505664351,0.89508643903739493,-0.44769567128420373,1.0688857758338375,-0.30460033970642492,-0.43170464690668703,-3.6816391764750196,0
1.0834506332558371,0.78591615812483895,-0.12898778381506357,-0.89670280989236328,-1.1856094843934621,-0.8339338045489868,-0.60715603856433498,-0.58237642986014315,-0.33722914214457461,0.1874136012980761,-0.97499871820988815,-0.58595131206761486,-0.94899000747602602,0.47620895646366107,-1.0581157829815304,-0.60580025200878396,-0.63200951533359295,-1.2703321945000858,0.80744666476983062,0.86752746572240846,1
0.35206395668227286,0.46656859588564525,0.20187758203293044,-0.57637261451710997,-0.075315825364419012,1.7041313578356454,1.6252736804363241,0.32750715392761826,-0.23536063933266843,-0.12119722807605765,1.5581567521089597,0.8853720891765291,-1.3844717664546216,0.4505604251417768,-0.1355389268190742,0.58878157378885743,-0.061192117436055349,0.55049755946913537,-0.17973859710535536,0.55170783539477508,1
0.97243985106173936,-0.41870725914667467,-0.38517088813482375,-0.05735193348275034,0.65767109449460037,0.59484914617522466,0.91199843023157268,0.4432868239914442,1.4235486501125816,-0.11915448433391299,-0.86078324002262829,0.080976446100289964,-0.018516166413304815,0.16458669119531014,2.0340308050018927,0.35648515226252175,0.11972217999431074,0.71867091792410043,0.092557718109724962,-0.048806482562691628,0
-1.5610890675278095,0.4140485777358493,3.1277683413043378,0.87286118137901669,0.40619445742786459,1.3765634615555409,1.4192127098347815,0.96739057833463638,0.31054014846071204,1.2219486656013931,-0.72602286854192633,2.8840828379901327,1.8010886133972668,2.0469369308931751,-1.2959245302672964,-0.467762701423654,2.1205590100524896,-0.56407634001733253,0.46013743888291464,0.60031220127564489,34
1.0131131967429345,0.97543717482278613,-0.88117763934858861,-0.3844040742342858,0.89440587240668901,0.025116869171728815,1.1016796247279768,0.74576547145608019,-0.16490096479933058,1.5326117464906686,-1.0562179659049136,-1.6780872572986063,-0.73593677348903475,0.14418268305218221,-2.0600213028405312,-0.43806268204409765,-1.1962890355899751,-0.78440335043382337,0.81842893686825791,-1.2221568276562103,1
-0.36133026614947372,0.83568854145952964,-1.3216758231869323,1.5453046463697522,-0.43427841883140633,-1.0298866043808883,0.031356974464746522,-1.2384304993378257,-1.6170559709416743,-0.77301876307418516,1.8907754997178352,0.36102520943661054,1.0165749079804061,2.3974631700807323,-0.89901253825671323,1.6483993907799519,-0.39976251492031362,0.51718521665396677,1.1201657054872456,-0.58349456676084732,0
-2.466742250169963,0.8140570813940009,0.55839419730634088,-0.42338914827388169,-0.17915710664508236,-0.4432712029503772,-0.35275295998979062,0.021477584310931164,1.3012767599212611,1.013751123778627,0.38831167089221019,0.6185997894568972,1.1614411471768682,0.87799031744062828,-0.81706523360723349,-0.20803691749152872,-0.22938638034913844,0.94648866836051804,0.07131149691462127,-1.2195669741924695,0
-0.45790765987522875,2.1650067643722308,2.5360703379769309,1.2622004885020905,-0.69572322831662792,-1.0095267954767195,-0.23151639010363934,-1.846498136493369,-0.85339252418093292,-0.1705264028826052,-1.1130659340527871,-0.88533278792610204,1.381182109525475,-0.24215069189587621,1.4286060862659713,-0.52506841893310163,-0.05566254986328778,-0.34659994175947167,0.5036178660989501,-1.0672797705792423,4
0.10672718432585786,0.7743426521744915,-0.47300791997496022,-1.4381180637412663,0.93717007045110334,-0.16990367884534699,-0.64580646421224375,0.87016422852453557,-1.5932037591429398,-0.50869919056991608,1.4884860776370832,-0.43841827503684855,0.43588469692013115,-1.3242638226490089,2.4562109139557737,1.3061666856614247,-0.035412130210769929,-0.23205305100012322,2.1811928449616254,-0.095926621116924002,0
0.27366876625711523,-0.16174297478992031,0.16398369728006135,-0.29483599122399023,-0.43747409058693215,1.8927515968737381,-0.54896110363241613,-0.60576756139199261,0.22173178313799749,0.19068281530787284,-1.3662066844531546,-1.18135254690463,1.8195027520214979,1.768456808633351,-1.5254195292008716,0.70231179357895746,1.0045132554396439,-1.2875959043283096,0.39623929602948454,-1.9814218686009371,4
-0.71088041173606553,-1.4796147796604622,-0.85288794802238599,-0.060299016453803173,0.69659356442634168,0.89253695957129298,-0.97942771628514036,-0.7408428947591118,-1.2679597593483789,-1.0082760227728329,-1.9288591652086966,0.50107176666542441,1.3334420920874948,-0.059243842052339311,-0.58509307190214632,0.33354523879154313,0.62137014667443347,-0.48461399945263123,-0.40616362148945412,0.88759521744534864,1
-0.56431322814288076,-0.19585381948411607,-1.2865485384756923,-1.2145630146430746,-0.29388007347450107,-2.4936918330551872,-1.2582487166079763,1.0416194391706213,-2.5299142432014725,0.64485548941737225,0.025720218724069287,0.40053753454144142,0.27552289586087864,0.65993059436840062,1.0321338760467711,0.34659244506592696,-1.0314107744230212,0.63686174015146235,0.9355982060465351,1.5890545664625761,0
-0.11877906538050415,-0.25123428250664359,-1.2880022849442763,-0.1113880843745525,0.13717501070462851,0.34461916727797764,0.78417118442640465,0.62361984620618138,0.42789287063648718,0.96932720677845341,0.48820772240739951,-0.37579795276564032,-0.06471088392116163,-0.17895695093527547,-1.0697505205068139,-0.007570464925468123,1.6650031229372422,0.59308537766964597,0.38816685591701078,-0.49363903128887843,0
1.6368711288919267,0.12020786422679082,-0.47168354832891446,1.3302894431305992,-0.84106324776572139,1.2843344551637972,-0.34335345643240472,-0.6558005629738628,-0.60162928969857332,0.56018284896857373,0.29085729044628228,-0.38685970046476748,0.16367946576929715,0.042754125443500532,-1.3587815556079106,0.062665691117569922,0.64381599567550152,2.5550918895916861,-2.1340566709457596,1.557990729294747,2
-1.0966473053024397,0.10657539354880753,-1.5578914151869847,0.12484069826847133,-0.66518621706145231,-0.57783012843984627,1.0620797121429424,-1.3057740549769392,0.079622098297294275,-0.073291062691869052,0.89867721027487146,1.3300860580219973,2.1245442035598106,-0.47184097865890651,1.0756828478375968,-1.2658676685379335,0.90044680013107448,-0.50723659069811999,-0.26021370232513691,-1.7206802188517294,0
-0.46917593926372037,0.25016634472954868,0.08790974512252385,0.3736715846579951,0.016653134845921142,-1.2148728422543675,0.60038317978332012,-1.3637681025246942,1.5403216354848526,0.30131692537686428,-0.6780441624722624,1.0652120309491213,-1.0670566402850719,0.11479793606846832,-0.90440428565788411,-0.1955631651414762,0.62774162963543789,0.34262552428584075,1.7405811165153231,0.23261631171159455,1
0.53845936647156367,-1.1135432143830635,0.28384308270088626,-2.0212485798906132,0.53712037033951943,0.46277053353306452,-0.22508849716754603,-0.48031795588633075,-0.19646388368805204,-0.44651458362029361,0.9515117948247398,0.59934079821205888,-1.4340741414883682,0.036664191796126379,0.3007485988814943,-1.4743537500166164,-1.1011368839694189,0.20898189715305779,1.6397288942576875,-1.1407158311092787,2
-0.11220099863285946,-0.61616354294657094,-0.72729370044028929,-1.0143158209741001,-0.62179856021212654,-1.3310782122862992,0.81252657085707192,0.24638229539083303,-0.61172975002647578,-0.44934481049396841,-0.51522323349295407,-1.3221574859852741,-0.023158459714726756,0.61938009117293857,-1.411020722885505,-1.1019852351988517,-0.54098636324401628,3.0408971170723063,-0.23042898474537138,-0.23526614243420096,0
-0.5298371668801537,-0.14719009126087748,-1.4012117780627262,0.69913241695856021,1.1854931746053878,0.23755271132026948,0.5639568733309227,0.73922964224759435,-1.6746003980508193,-0.18115240293476337,0.33733010782602446,0.21275837300017741,-2.5953755122804982,0.04680185465812392,-1.0351178360455184,-1.2933292883092475,-0.60457825934287934,-0.33963381008922133,1.5177228659278221,-0.70101645098289056,0
-2.6750829053947749,-0.26467570976194044,-2.3100086388710515,0.59738023180629352,0.27515790484770791,0.10185700560780103,-0.059769891128083535,-0.99340224367608632,0.073253611010837216,0.15548608280828297,1.0616514062131421,-0.73064996546889849,-0.4988456559972192,0.3417259633028939,-0.50023256776881841,0.38201415082380968,0.9115948872136026,0.45840980435543366,-0.6652647311874671,-0.41250971217143656,0
-0.48225367220938997,0.59801441868118088,-1.8530520674450193,0.2750481726214512,-1.0428850788659114,0.26518812096523858,-0.4893224708385161,0.46700912494050262,0.69097611751284616,-1.1269977275927816,0.75144423450255493,0.3554474176124659,0.91340282254770022,0.24854282610199346,-0.14056225664162819,0.056488988144944741,2.6543610688494788,1.4812165356070366,0.13037665549843624,0.35240100485707943,0
0.017538726861994675,-0.035771318468708756,1.0387586558968998,-0.13767757096501612,1.1578038054270181,-2.0455107161098853,-0.34934025325519286,0.96724397382478622,0.91380150716111519,-1.0156061550569604,0.27563334666202299,1.2127721573592554,-0.54012005986979683,-0.73552655752659835,-1.5537300976971622,0.2983017879676409,1.5404115498516362,-0.38955237978476337,0.34709482767288075,-1.5241710502478616,1
0.19137083490321855,0.27755943601809002,-0.71339901051135857,-0.34844674785101282,0.75819453036535633,1.5682952253870239,-0.87516455378545155,-2.8313859130822592,0.11661158745701546,0.74936554542528,-0.69894631495094728,-1.4544685305047742,0.41225046579480984,1.5461602821434299,1.6996938177006848,1.1345221248870188,0.14595685464975136,-0.89989141649136561,-0.8712894282980802,0.56483208257540984,0
-0.41405968502184376,0.607694279658609,0.62461354932057822,1.7079280358686395,-1.4642299143408786,0.56264241598967635,-1.2611020481961781,0.93808067510017112,-0.74002944921578717,-1.8841714089614117,0.19727133876911357,-0.065160354926055708,-1.1406417581856467,-0.21246968634519306,-0.47115380268881457,-0.38897355441938514,0.70335626511886506,0.67588641554419071,-0.47867627294082205,-0.39234293055085595,4
-0.19513513537524324,-0.44252018888863254,-2.5273242959920954,-0.87300826077332239,-0.78507303551473229,-0.42180986311497715,0.93926807707791893,0.57480428808242146,-1.3779132354816597,-1.4989777418689021,-0.34529687279899285,-1.9888173582780087,-0.069138374118002374,0.84991353448610907,-0.11249729906998043,0.60720130364064462,1.8209792053825864,-0.10870018008406229,0.32076975483695114,0.69884266682625007,0
0.77775235643387652,1.3275971139629903,-1.6655666584276883,-0.12535497726903516,0.4424995584853143,0.15029803674429396,-1.2048221101085355,-0.27625579831009389,-0.15353258668144654,1.5206542544339274,-0.71479838581306754,0.19238886059414761,-0.78002956944790469,0.93609166061186067,-0.81123716321510631,0.21798646943982328,0.7816902964514415,-1.7813586748383812,-0.62650275526454879,1.2212490406608214,0
-2.4352039533101371,1.0091359563114517,-0.43359533586487475,0.41713762342708011,0.95216315527388418,-0.036045126644807045,0.87865786956775527,0.65359317953715834,-0.7347266734163046,0.88285770943231545,2.2972696601327591,-0.43923687584093712,-0.11935908818807972,-0.10182151076639195,-0.33424261283564433,-1.7678443428125323,-0.31266861851984129,0.93319698919454452,1.4095649903346357,0.56993326032548108,0
-0.36796302425525607,-0.15294427710082853,-1.7843789651638333,0.79431287852468502,1.6386082456447146,-0.81234599086412496,0.26834826671960982,0.13873934760446191,0.92431322050778408,0.59642953260072817,-0.016012754724627525,-0.28938051480954996,0.47866558448869223,-0.17430839753815733,-0.12353847338964143,-0.017620473306723391,2.0334962967014185,-0.55789694018494274,-0.81640780538237523,-0.31773919531080025,0
0.69098558344419159,0.49303744354628487,-1.1312372586369031,-0.025211696874901775,-0.38714643558199074,-0.037692332201131939,0.26317596337503374,-0.90094570983248135,0.79086461654729412,-0.50196734262928933,-0.30750822744691159,-0.25728149782214199,0.60947672478209214,0.54203139073941686,0.55989684382333238,-1.644017980302237,0.25503549183423868,-1.2479809204069299,1.2046335199489806,2.5829164224521977,0
-0.38535030734397735,-1.2144522205802506,-0.050813626976584959,-0.22133182597108914,-0.35053099626315315,0.73655654026465189,0.91119217937499331,-0.68772997391043489,0.98754476072385644,0.42206748319444076,0.40812472812860107,0.32459612929952941,1.495732175949285,-0.32246509827686792,-2.1621484992674764,0.4007858569225683,-1.3341952995936066,0.084729705775204667,-1.2478552535860716,0.47469472418469683,2
0.37689755397485825,-0.25903718014850668,-0.17429293313361968,0.091007347102925337,-1.2397327685826507,0.01303177238318623,0.9515200727236196,-0.050689232657029626,1.247043015592864,1.3943297104971732,-1.4050537376849861,1.3825469991833994,-0.93629281451198443,0.44262057994773996,-0.21604313630506969,0.47456651270703787,-0.58994946988921904,1.779347873398831,1.6959484039754606,-0.007978400544284954,4
-1.1633775644335356,0.74932666210917476,-0.31541809172547197,-1.1784696127378529,-0.76866423928154382,1.6494171989899198,-1.0672734206528793,-2.8384589351252147,-1.1740959104961368,-1.8688272476311858,0.2194172996789692,-1.7715345506947606,-0.92051716093553504,0.26480833098482731,0.1705661356936303,0.060920769327615511,2.2053748631890824,-0.20044285659730582,0.85300930910881456,-1.0052521228932392,0
0.69802915179869318,-0.61989026724147867,-0.095657910157504619,0.71124282211868217,0.91837636243626053,0.74992708810228703,-0.13040086652972557,-1.071740895152719,2.1935985666426805,0.42972590074669598,0.90329327064468257,-1.2137152163332661,-0.90641247948723402,0.71356123598541632,0.052638427621552727,-0.27838653910806782,0.23413412377629958,1.2113359490806312,-0.14641955644962037,0.26661764890928069,2
0.67935607321429003,0.89080826558713644,0.17904120707086629,1.7975321408612277,-0.28867735358611246,0.085652236926327799,1.1045878795286741,-0.90240589151030237,-2.0301283709081157,-0.17512970699216573,-0.6057128753824832,0.65739040722503028,1.8613725553387639,-0.95240115157601879,-0.29991887781059384,-0.28536920570490576,-0.16757432141547973,-1.3472810800478894,-0.012346636635332343,0.78753807465418546,2
0.35168086723727127,0.92203197474166421,0.063071818198102564,-2.0001907582684688,-0.042877425756556821,0.5870496400680596,-0.83817484332302472,-1.3809178718622519,0.36814985384527127,-1.3158101351912233,0.041604535327257094,-0.83789329682122005,-0.78209839771034273,-0.74876145200182675,0.53612979375267356,-0.036462701829848676,-0.88744057156254819,0.88716439172011852,-0.42096573037459478,-1.2917772484395755,0
1.3157472946098976,-1.4174119529817184,1.3995996357643794,0.39841611217726297,1.0666102165322435,-0.27010862330775798,1.229943607720805,0.53201804177436496,-1.0755635533471191,-0.92774662625767212,-0.7911532834087891,1.1349849839663948,0.60284204985802181,-0.5164747727713096,-0.72136590697051084,0.12961266966413526,-0.14742655356092443,0.95321050745020652,1.2426594591884741,-1.3705136232315345,49
1.6904430218530595,-0.61508046070208633,-0.67140499279488541,0.6974204265698295,-1.2888135739152058,-1.8235290273139602,0.49723280373185513,1.6367857477702326,-0.53777398225381734,1.7999942308960766,-0.047514828920549715,-1.5223536243761915,1.9887759116636106,1.889203485222464,-0.7324004054624641,-0.46328050468524301,0.06385804552210507,1.4785482966766752,-1.7887837563843305,-0.40681625922190434,5
-0.2461317707189466,0.26014698727950081,-1.0557100956613821,-1.1859113746629237,-1.5695400510499382,1.7268435079329869,0.94876041150270618,-0.86368120354642919,1.3301491468379774,-0.3186720561850217,0.30187232129405067,-1.0811267347103326,0.85944014043671957,-0.81662189061793355,-0.22926269878765632,0.77935511651342848,0.20117641757186014,-0.84542729465160482,0.60840410579796245,0.47515965420929984,0
-0.55780403232073472,0.41676799327857261,-0.99957870310139274,-0.21730600048399051,0.76663939577721141,-0.24891266454052921,1.766905110395308,0.086443411646205379,-0.87713724898860623,-0.17640332393742703,0.54450461876771972,-0.22276205705249694,0.14708781228834036,0.76388639911709111,-0.03392937679221561,0.63846844830487015,0.93242396362450142,0.33579294059510267,-0.43406383502738149,1.5383460979208288,0
-0.0091072657802690679,0.27592583838616064,-0.010275227476975469,-1.2711937462984284,-0.5970807621325871,-1.7521863895287668,-0.40706867242319283,0.47847305025811071,-0.28370064300954562,1.3734447640594474,-0.48429369243068981,-0.065574665193460308,-0.029602044843777407,-0.35001019574019193,0.48009801222404125,0.38799858338838877,-1.2265397071217767,-0.14615560709526762,0.97043337438188826,0.873895608604218,2
-0.57756956725733444,1.3724662090249347,-1.729843305964166,-0.35280223833809227,1.4213544273940224,0.22819130863899514,-0.36017407864250045,-0.30270810282610194,0.12306978152486019,-1.199098038395827,-1.474371479062411,-1.0990772717752806,0.091426522774063892,1.443981195330966,2.4709933268313624,0.061431964401324257,-0.79349233049040813,-0.61807166262097635,-0.23699353437092519,-0.36993863724517539,0
-1.0716340584176218,1.6401530034716718,0.37046633319661498,-0.66019369142810147,1.5195375059988512,-0.34267792649903267,-1.1712718853204136,0.30920590102377393,-1.2991785819242365,0.43626285050012986,-0.45595858342130047,-0.43983489831636874,0.78509497286269336,-0.33953348315001403,-0.20680276558330757,-1.1986575484345017,1.7474517731233099,0.27050097055570643,1.0377332790148346,-1.5241693902470141,0
-0.6653077564414791,-1.9247867847093594,-0.67970420251166352,-0.25729664968732507,1.2394272735874046,1.7244487970006712,-0.38293535663311362,1.0015488030844479,-0.18732542303584934,-0.50593065001526527,0.2417106745285274,-0.9001359810371371,-0.69596516069432623,-1.3438978801128809,1.0654686421186015,1.2892003710243622,-0.82058348620920296,-1.5130274976360605,1.4568195110759623,-1.3525164962083456,1
0.036851742686292752,-1.10589965537139,-0.46701455580746593,-1.5370289791610845,0.43164255410681973,-0.010446463471909823,-1.4876222920844828,-1.2261060113469284,-1.2502814820125725,-0.0005864978211309709,-0.71999089944755001,0.27202781823778616,-0.91000075774867073,0.22400955571584996,-1.0911264676680275,1.292685329455173,-0.78890273373020525,0.28816774594696126,2.1463184239766835,-0.010377191107109983,1
-0.86064665508036153,0.88718953422682856,-0.28740893797546013,-1.1531717695588448,0.4431421195437214,0.7414731216630841,2.0181486015026038,-0.72790937548962298,0.85402983229137652,-0.45278498879528217,0.32770823629551626,-0.066529903417388542,-0.40815684665026347,-0.029243755448356817,-1.1800832603447797,0.052561877666844427,0.072240486885368133,-0.16240918443775854,0.34548648722206943,0.50214829700729591,0
-1.3039414305629022,-0.74379307545267104,1.3037989791783751,-0.037129176918201272,-0.27326240627035103,0.031323471513103669,-0.11130496718530528,0.20664845088227532,-0.059928502830751615,-0.10338066872362334,0.27860493177616086,0.7460175231784959,0.07262746245704528,1.7933712765097658,-0.12390741593118988,-0.11454422417776197,0.22344005154707675,-1.582262895603606,0.76659657638571876,-0.74580970714915951,4
0.54825909016670815,1.1833608009864236,-0.69360416638709466,-0.17795900859694874,-1.7744734841948457,-0.17603699349876967,1.6537632574706913,0.74344810922094384,-1.5207272531338862,-2.0800701792979215,0.08906389859807945,0.85031642165881804,0.77378176551102318,-0.0045736871546952608,-0.57258829197295558,0.0066594283450531495,-0.72618094763579522,0.52451985725273986,0.11098409963998414,1.1596621226332153,0
1.2306630715146716,-0.96450366679681565,-1.0470025478372287,-0.63909887251686859,-1.9214581986820045,-0.49545759132915168,0.61273228639422284,0.45259433775924074,-0.11505653614251565,0.076212289577529471,0.81477743604266306,-1.064753360801759,0.55667076077303879,-1.5005892319767362,-1.0786658017062754,-1.2063244661519346,-0.565085106517491,-0.032897441387923568,0.23847852025667798,1.3135838154225101,1
0.48431692101061041,0.027898781297389152,-0.33287148941190414,-1.6851727705680035,-0.046034320898245495,-1.4661177575138196,0.21394946005962817,-1.1827982531095864,0.77649369081140929,0.12593922381057923,-1.1438765275533678,0.19081825062648147,0.19623106082189659,-0.70362317771826766,0.92120975840752628,-0.14529288238423774,-1.1922235045091147,-0.87478835217176787,-2.1335769780392755,-0.89239511952889006,1
-0.32794252912565935,-0.51837385067862396,-0.66947209957964693,-0.70923959004758441,1.2562228477802357,-0.19830726055232512,1.4657125759000185,-0.66775106727165801,-0.018007503764936997,-0.13209157255561321,0.38397580224892847,-1.6123364855672102,0.73866228285320978,0.65769992957439694,-3.052055583484476,0.42795308107238467,0.60937600217354626,-0.50052095100133487,-0.062849425956958166,0.35370305561429644,0
-1.5060781909516636,-0.84179436661545892,0.23521459922012036,0.00073726110136836445,0.47214946116779216,-0.67689299813156956,1.0474593830536623,0.26709120473928011,1.1838337048129672,-0.090366333948421723,0.46297914438472193,-0.36597454825764353,-1.182151512842319,0.11628215171029496,-0.47944307889076959,-0.29329380501292529,-0.17361660337551357,-0.76352992636703976,-0.67407577788775652,0.089511197986000449,2
-0.24912671029591668,0.20114884604203462,0.74487103938765586,-0.15642299786875258,0.82481420708341735,0.28537713630400402,-1.1045359942517625,-1.3930863079372957,-0.0093547490147144162,0.94459697084235683,-2.0010331887172486,-0.85551596356084658,-0.45860199054506467,-0.89014964112501116,-3.232515142803797,-0.85225454280435686,-0.58571722319783148,-0.90791093660975619,1.0428517919604117,0.26840351775043209,3
1.2482881143168887,1.7500690410131683,-0.98565562420801978,-1.9040938355853099,0.056682937217487912,-1.3269072254343171,1.8659466088278724,1.3757866646285457,-0.4465411548616432,0.19948970678133718,-0.91627654300678096,0.001033633895989106,2.3672517667845083,-0.16205650574926078,-0.32857235408362928,-0.92095961819603422,-1.5894300266479036,-0.51618050613507305,-0.34890947665619154,-0.28228284688088096,0
-0.1273933601476869,1.1288359816969176,0.77003919734792647,0.04132113241469737,1.1951092223658852,-1.2494640464426117,0.51218100838545499,0.66532024218042096,-0.87594943285051741,-1.8122831090294471,-0.35143723874700034,-1.7707846900814508,-0.98812821036444998,0.81407671462931774,0.75379374413181099,1.4893698489819707,0.39609811248768245,-2.2714758575648721,0.37583313072537594,-0.2958741849925306,1
0.85118576426154768,-0.82933314065778263,0.74566142593058604,0.35334747828762053,1.0215073101619483,-2.2525094780831183,1.8271045507345871,-0.11361132094812264,1.4105838232842818,0.53722376618757683,1.1782260585306452,0.22449561334200757,0.33752241859604909,-0.35047182886172262,0.094297782659326146,1.7233620043858902,0.76869397453327259,1.1078552790170721,0.54041278107351109,-0.06115168203495689,10
0.64993894624377591,-1.4557301977459374,0.50248366087146257,-0.56650876704426112,-0.56149083985213799,0.21448817535625192,0.086779302700523114,0.23876899802812809,0.51736895833336038,0.5801233003035241,0.34979064147698186,0.37444697035606084,1.977623957649195,0.39844230976303346,-0.23253705433170863,-0.33101020542878218,1.144432837992307,-0.16247399267719292,-2.2849718549803004,1.2130677018687794,14
0.24350484183322119,0.25956644275126484,0.64953245917751268,-0.43508678979185722,-0.20273062977506309,-0.71034481862086529,1.1151494504509118,0.35085962842926932,-2.3699797522937271,0.22941466134444227,2.9333247376368261,0.96294623409596036,-0.64347229948973805,0.46297717757453677,-1.0471719991653139,1.6374532606221117,1.03813819304253,-0.10213849025828679,0.80507781231128728,-0.74029487383941195,1
-1.5505490547612581,-0.15050674634186523,-0.70328128160586678,-0.072008620395813502,-0.7180757434932632,0.90205997428068141,-0.96617593889565712,-0.62947107797358781,0.43266171752259136,1.0408727508480931,0.47697744400192549,-0.90316864261680896,0.30932567098883795,0.66556820119963256,-0.4181503912543108,0.95445926401575787,0.54981397370754925,0.60375745101309097,-1.791474454127177,-1.171303017250793,0
-0.7784388400520782,-0.65889071302116753,-0.19962937599973818,0.76999092910787525,0.45205880487720856,0.48874226508654089,0.21982079060593668,-0.64129770546146647,0.45970765273173553,1.431034066274173,-1.0599261273364771,0.99573715848335209,-1.598461430005957,0.58280962583165474,-1.489077751417913,0.33024174692879865,-0.61357886301121212,-0.33909495810793117,1.8126971436077886,1.436697972497929,1
1.4766487172047136,0.53520810636846949,0.18212618120836072,0.87391173841122494,-2.0333754754259057,0.4116692316906605,0.5126091645591333,0.53589952808975727,-0.28947324173053346,0.88112977018450112,-0.38168896362125881,0.57202731242613847,0.83108205739379226,0.12894755633205901,0.075465173275675757,-0.77623532212193647,-1.5244849335202588,-0.74760817289700043,0.72137530059269572,-0.77041202846057077,7
-0.46591135000387413,1.6951553400421593,-0.32194094124125394,0.5426893232145642,0.017005972380309247,-2.0496459887067342,-0.21500461648143368,-0.63381437905623594,-0.71335133535109796,-1.2416937061638986,0.40885418171174726,-0.48712667676170135,1.8472329219967201,-0.53683228626594892,-1.3640854666936739,-0.034558427339290501,-0.30548206655553251,1.4320108319466576,-1.8103303851581323,2.0501465172962643,0
-1.1732487251774042,0.00010309898351234953,0.78820951346802459,0.35706323063900586,0.50837002745531679,1.2443344504317795,1.4969884037560373,1.4569608418751694,-1.9934480257420937,0.29640304868761064,-0.26806963399298256,0.44714008259839583,-1.0522102192891694,0.021296785761069959,-1.7813003647092445,0.052616075562960281,0.44247281637992603,-0.065083340880717502,-0.26498901510615808,0.60641674459477546,0
-0.88023378581059286,-1.29807179010065,0.080311280804068241,0.62453981071001885,-0.27217583370894405,-0.9505261277916901,-0.39481378373474035,0.077972358091469865,0.025579608898709898,0.55044033168933137,0.30248881348537848,-1.3228578610500907,0.47080716796735173,0.11663879269232565,-0.19937283039138695,1.3488929835207479,-0.38412112331484943,0.90346881949309166,-0.095863838484377392,-1.5227283369162983,5
-0.38502706069883175,0.87112800446296623,-1.2802083535488762,1.6170944666805349,1.0238418358746948,-1.6887849218125204,0.29120686263594059,-0.05434828621165759,-1.0451920820738736,-0.73216896118823316,0.25282180460545778,0.34634010976837426,-2.120190584646533,0.17886865820706876,-0.37854931075312437,1.2390520660245661,0.28545109189991263,1.1767248005136788,-1.9113321131588077,-0.96482569798365891,0
0.87373698642921194,-0.33547504112455306,1.1188575316538387,1.1934208583329384,0.13533521108265611,-1.0839288176997242,-1.0147726424993351,0.53780633653556253,-0.20871434558065305,-0.26789451588190522,-1.2715416147681198,0.14085376444206499,-0.73366322964660935,0.60213836249233366,1.2756286672513535,1.9505194773740762,-0.49231407966785928,0.69855940266365846,-0.50827687753543482,-0.87438251416366064,12
0.46369094981574366,0.1630903808070869,0.73393477562309051,0.24599305975550861,-0.25167819392317031,-0.40173756241975173,0.60260940165667254,-1.3380572857443451,0.6821284105980151,0.99847741376119592,-0.10805807967891584,0.25694394390199821,-0.91300774648709349,2.1268245708950593,-1.6255464572178449,1.9088243572318406,-0.070560744425707964,0.23206858838450017,0.62444320830489086,-0.082151692315294525,2
-0.49211684248785964,0.55357272464630092,-1.0233132763927322,0.91598868502220798,0.55481462999066267,-2.9964492578499207,0.96321664226955295,-0.84404304544519715,-0.36719966595630299,0.77981336544116731,-0.61228087057029856,0.241206969084205,-1.0849734606503831,2.2520747324314501,1.7293004133400904,-0.9363907590241618,0.3715618249419958,1.4917163907895761,-0.83210835845090458,0.36033934971393683,0
1.6996885636819692,-0.43847591435982558,-0.052559753923546379,-0.73564053350381498,-0.65625750032849151,-0.71438092123453589,1.6280368170750232,-0.17526358820411569,-0.34036676837719304,1.0342303796374217,0.87813589310066209,-0.099988893832330297,-0.04330744740095193,-1.4111646384753296,-1.201227172117203,-1.5923756907161857,-0.5100410935674019,2.5446820060167266,-0.63453426353590214,0.28483075364859534,7
2.1429860758653905,-1.01093370469411,-0.8632878224796473,-0.86770313981136893,-0.56365842365455077,-0.88623153980324842,0.63317924574582951,0.59108714284738173,1.3868063457672473,1.1464775509371512,0.96274382873346964,-0.34102498497030703,-0.27537014320317271,0.16066931962969522,0.045732556278668408,0.15772930821385153,1.091950257680347,-0.17245958351121243,-0.99344633360422185,-0.2431109159562454,1
0.82308050165247182,0.7998586520419203,1.804381853790793,1.1183260849436059,-0.3182819317780648,-0.52896271770734959,-0.37047102222121497,0.17285068174062554,-1.8176586001503399,2.3347261921836382,0.21751204501969995,-0.81587656340242087,-0.36288787480679313,0.63611535996042967,-0.22209880433284809,1.0174047927628254,-1.1680676893776978,-2.9456495088150816,-2.7167565980228519,-0.96339399614265364,26
-1.9311498474062363,0.66052464073248496,0.97218324778418941,2.036869105802892,-1.7790992741693354,0.5905000594371238,-0.53783086299893779,1.5134327874871469,-0.28447222831646296,1.3074431183290511,1.6605113572377426,-0.78035043583532882,-0.73472429885360402,0.42753711326793242,-0.69999550579511416,0.60754732792457899,0.017211052366673397,-1.439252649077609,-0.57616224397619886,0.44757910336614526,3
-0.19106160265324543,-0.40935101061591245,0.23256429412185248,-0.98298485498674104,0.38875218483480017,0.86672744203905416,1.8991317003207349,0.2383860707460215,-0.91384345294288227,1.1457982066719772,-1.3143424954535401,0.24913151994122656,1.1463094964941098,-0.68766445138621757,-0.55185383558364476,0.77541721988339907,1.0359049530029272,0.64918421440717067,0.61948432495454475,-1.2380585350042457,0
0.13924200789490068,1.0272627640818315,-0.49464259663999127,-0.98553625473973716,1.3804127113643387,0.95956064732515112,1.0008055279127783,3.2548415745121884,0.06057996085647302,-0.85651225069395998,-0.65981447860297626,0.10746666973774972,-0.3064345219596698,-0.16777046957055616,0.031690537332811249,1.3778441780784245,0.75749200115488335,-0.29464964707963853,0.17278680179941791,-1.0738386924677923,0
-0.89412582460888079,-0.71141155801923095,2.0854227473323328,0.46017907297850291,0.76562478811404033,0.54636281739825787,-0.50569450503510316,0.3104645266561451,-0.39386462752017826,0.51439107824555541,0.39069640381113913,-0.84846104852485071,0.22219627088700986,-1.4948184308824246,-1.2620020637466955,1.2081556686665083,0.7458654412487441,0.13714276683976123,-0.056173961770012305,-0.25975771772947037,30
-2.0934202796790569,1.6385789272616413,-1.7192693521034237,0.5140794840555456,0.043464905884153811,-0.53118206104674648,-0.59183654143253195,-2.0352196622005128,-1.6025656180744727,-0.49678016490505389,0.41898482085923361,-1.0186377094914583,1.9391299249378688,1.1166741262497404,0.37869980978875034,-0.39088474569167786,1.4819564916814636,0.54092145154233306,-0.89890674471154997,-0.95203788730508565,0
-0.55510339485009719,-1.1084773090341331,1.018223290200025,-1.3731702185071621,-0.68354231141876409,0.2565263258800794,-0.72885341060539255,0.32138182252171277,0.015603669756789219,0.53553505012588354,-0.45436294855954118,-0.48878911460145158,-1.4415587650808321,-0.36750286568614421,-0.35622027300215175,-0.24831884188276021,0.84492444143269474,-0.17430679049532649,0.27600656330608936,-0.72834940572688223,8
-0.79374821447594479,0.96192717522260995,2.112637433575058,-2.6722488356542971,-0.14787255588894097,0.88643157650609805,-0.68820657207342717,-0.60622715443690656,-1.5493925756726117,0.44858734873691608,-0.7806858859464102,1.7853099237912828,0.08682247639463489,2.1157318046054874,-0.215340013587111,-0.4712115011175777,0.70542244136897203,-0.12147641025202539,-0.74028026727431617,-1.5459144005170797,5
1.1710712935968346,-0.55833452812894035,-0.033354597076009962,-0.41427612837498756,-2.2292471769590305,0.48509280673482197,-0.38729547621787519,1.000999403661994,-1.1987114101588963,-1.2393769528689873,0.15249770104656454,0.77140900937423795,-1.1921733619569297,0.41004311752231593,-0.058994353647389502,-0.10327782705415689,0.17699012877857118,2.4966136374306847,-0.16376137594634863,-1.0486955697108009,6
-1.6004222233794094,1.4882301190807787,-1.0410479946967266,0.46263348617815042,0.70474224975176436,-1.3884538695889956,-0.080621190798799716,-1.8862369375404009,-0.067884420405420767,-1.8593864383164127,-1.4112971372928862,1.962399151211869,0.45326988150955883,-0.30486770039032257,-0.41687672493335204,-0.46144592664610101,-0.32186036567951098,0.76007861307573776,0.011752572814420003,-0.68248859957115338,0
-1.0294732760630305,-0.6394617133959889,-0.73260787988637743,1.1496145195025174,0.12364454695616942,1.1940170794828939,-0.34886935273893965,-0.78848754404033605,0.48583554249180411,0.77547214004525056,-0.63491475059987146,-0.52136008043746929,0.95301873707669393,-0.61591568405560615,2.5293584368942472,-0.23151406023519733,0.73096977055162426,0.90220639659413582,0.32817916470763558,-2.4699082154212628,2
1.3253636770637218,-0.88826192791080627,1.0275586627133,0.23748918942311309,0.37323977520132434,1.4779883369421736,1.1975251758651462,-0.024318236576521907,0.47546398763403303,1.4081830620216669,-0.15593575356685022,0.098429092504595417,0.64518215317532612,-0.17348049414972011,-0.16636484231478518,-0.43578909858059911,1.4137600598610824,-0.58815680182351571,0.14661127244650582,0.77880589439613968,26
-1.1807892825240212,-0.3120948050820187,-0.92110359370616757,0.68318923868129833,-0.9491665786565936,-0.92959465825693688,0.9583342261927803,-0.79257759915740755,-0.87732137255263687,-0.78503331636928275,-1.0040195048241665,0.038974076634598349,1.5897179945741997,-0.25175772699893223,0.86917949383991988,0.046611392678075805,0.38780044977513467,-1.7687221349859383,-1.8794659198106516,-0.46284997512628129,0
-0.20023599078025889,-0.69186879388933964,0.09863799438359247,1.1570560882321246,0.95330432725321368,-1.8530559674217497,0.24174211028307785,0.61794391020377959,0.74217391907077246,-2.3556299810478802,-0.97388491113844711,-0.53528270645680065,0.238498516869905,-0.30660972218091492,-0.59733876098068539,0.16046272631698447,-1.0480209831345471,-0.55307772973112157,1.0622276243296154,-1.5332435800333613,1
-0.67205525710856839,1.264187769443778,-0.84640006801829981,0.053423856156339787,0.68621507020438732,2.2472509605401876,0.88880845290292754,0.49207305771083254,1.1170451522426084,-0.17154997526790336,-0.30175544582642599,0.43495552088135508,-1.3262590466839896,-2.8163403917806953,0.36496693011998499,-1.4240267928623989,-1.1926285703511714,-2.4600679321297632,0.25601979791133628,1.1065131970925677,0
0.75088049169986659,-0.065999277319038124,-0.60725065453378335,1.5667903563951617,0.35185409465317158,0.87257298147987472,-0.50219667082510766,0.35045602330386993,0.47718425961221878,0.079740280008432182,-0.97124490255458495,1.4089127919810576,-0.19626057709322017,0.64148265477558997,-0.51538920169627833,0.90194965263342575,0.52637010830799202,0.44303430209170624,-0.16780274769184414,0.60395244570776763,1
0.2903037354515749,0.53668329458476016,1.0084808222194657,-1.8259588714116826,0.47024063262342958,0.16461370031147551,-0.78466711204635453,2.1028649206284364,-1.130116474029538,-0.37666379496535585,-0.67025337573715738,-0.9251229579865019,-0.6293866189878089,-0.094915399126516267,-0.50100087174775298,0.082960305420210101,-1.3301455258628334,1.0007168646378806,0.68266653012785306,1.1775422309749273,0
-1.1313742523250814,-0.98481938742775443,-1.6675541776722558,-0.81885170864183388,-0.16640446873481035,-0.78726389630407523,0.62482810016202717,0.3987880405879366,-2.1379956728303404,-1.3313479190784971,0.1818603004763252,-0.86733565061591722,1.0306110612197263,0.21135935077870413,-0.39888950750206487,0.64363578591441228,-0.91521157119058794,-0.23165752051250782,0.53822244771340588,-1.8528903056904305,0
-0.67523667080217653,0.074081106138415231,-0.58206322134144883,0.83953123387722906,1.3194197358433966,0.43319460699648293,-0.0087735146331149039,-0.45470592868573562,0.11391414406775745,-0.87689007551280329,-1.2353289108715135,0.26857797094879071,0.20701572200598084,0.66025519068037375,0.93304440470000249,0.38389946648459544,2.8436897985086995,1.8390740534352246,0.90500638711940251,-1.754951127374512,0
0.25846906805859843,0.37233646012573085,0.48731133863062659,0.90008851265737444,-2.381174092670562,-1.627606570328356,-1.0252227983106292,-0.16230954485520224,-0.44596128958530956,-0.78580775946545933,2.1040311338548596,0.60732389117947427,-1.6390064023502651,0.55214277519081167,0.45542015106894895,1.8668038072193958,-1.2555021663697949,0.61250419209713325,-0.72875684207275793,-0.2800854435179877,2
0.3228295473573492,-1.2299860341111031,0.92583393849905971,0.22697070880789968,0.29788052366892714,-2.0024923073947805,-1.1820011892038669,0.13310408035536583,0.47620614044069243,1.5695243700252279,1.0493136714945512,-0.37222769717475634,-1.2018653838899596,-0.82588984941008314,0.73074827551568311,-1.6123887373549546,-0.60672202493473737,-0.77347878766593281,-0.7301810231205389,0.60376851614753091,23
-1.1119595560221121,0.1544737292956388,-0.039359438356038799,0.10460117029471669,-0.9997105923796763,-0.075132451548939633,0.58067774379949233,1.3131057503754362,2.1729033685680488,0.9345694482577499,0.99512276107055675,0.46087055157514817,1.9230274000459411,-0.69148312570800075,-0.5395942831917937,-1.2070435201972309,-0.61768659910475932,2.3330451422344596,-2.2727468324928815,1.201011922584821,1
-0.18587368403875873,1.5236181436110543,1.1450277763722976,-0.51248080822827491,-0.8809635781435734,0.079907233809539124,0.93196977810085968,-1.054863038553808,0.19019427594071173,0.44466840854813078,-0.044416971404660548,0.031591338284748784,-0.98183881110618565,-1.5225120019070664,0.64581653582696119,-1.3449710622728157,0.37221092979256443,2.5351217938012054,0.25307111019394141,-0.87459375696641761,0
0.016828921520019541,-0.055086510432917006,-1.1960945496591269,0.2547632567724934,1.0148277354871023,1.6084064725429947,-0.64311811349550285,0.56597563998621914,1.2168620002294144,0.098736877793666356,-0.85190852091603075,-0.62381197825396473,-1.1416192024052008,2.3310414708006357,-0.84158504342975493,0.31028623091046592,-1.5783029464632323,-0.20416762019867074,1.3833992547039415,-0.17313575538467499,0
1.0245235319920796,0.30515855279870446,0.1489971469052124,-0.19922745066099601,0.47306399230290969,0.64447658585971512,-0.7875940618931313,0.30138210559869311,0.63730830934577676,-1.8369159872684722,-1.0435364235772067,-0.25411543407412396,0.43908763848671639,-0.41298568524534462,-0.49626667576455313,0.3400369724636122,-0.070868410276946792,0.97898847753610385,0.8863587912341484,1.8100481352299491,1
-0.66780347601614254,0.54388753237149101,1.913781548940271,0.14756040848850782,-0.016343643634175536,-0.82258459482418134,-1.1995339904807809,2.336595936811805,1.2077744383301174,2.1842304093486749,0.27791270625990239,-0.8445952740412781,0.64808289337359715,-1.2483963573978312,-0.091668763683288079,0.70119274577291424,-5.885635383593365e-05,-1.174955931028105,-0.4245025203966854,-0.48162546235072579,8
-1.0585568749731304,-0.44187938786139846,0.70642614649697077,-0.4198489757522948,0.31231303857733483,-1.2565280081931902,1.213614766923661,0.19748897916956296,-0.86816723253459482,0.83390141399657891,-2.1709753368141396,-1.130206483626969,-1.0440275308227356,-0.29723677776082635,0.32908310886950498,-1.109027102232129,1.3288259002737151,-1.0749452272678781,-0.90458880547515585,0.57379161801945644,1
-0.18275604555809827,2.5964269712136705,0.05487450636862843,-1.3827759971628777,0.59490313124272898,-0.22082219727595329,-0.048069071333906518,-0.76815661081916531,-0.0022029182039010275,0.088084198871695565,-0.43713564334168198,0.044204258449104354,-1.1591417871740761,-0.19091013409279561,0.089685916700423349,0.90747777474343649,-1.9212863524202255,1.4257837825430681,0.25253222600056346,0.72994367479118727,0
0.24980663135323339,-0.94231530775529182,-0.5231183060894441,-0.8439728846400566,0.86907098514103931,0.93170582890775722,1.0691166711430633,0.71132580863903427,0.09878983848608891,0.92196610242341803,-0.82258660492548574,-1.532151735474079,1.2474375001191502,-0.61445920249817387,-0.81809420761694585,-0.37662316674143825,-0.24497275036265195,-1.4283875235969772,-2.4625204750584779,-1.3891718799022821,0
-1.3729795297606644,-0.79926559834277477,-1.1019605627359235,1.5674569690971727,1.0063394205225631,-1.900695896823239,-0.83131856029939211,0.60797981226325559,0.68994945894288495,1.0798456311868565,0.83671653996370032,-0.73723852119338484,-0.123270857184825,-0.64740428907928682,-1.7745655097586199,-0.26166885576450921,-1.9958334734177696,2.5126116697811098,-1.0028345464968309,0.18662241115867498,1
0.77666214852588111,-0.11259719502413323,-0.37148742245576222,1.3558878337373041,0.64655196754039002,-0.13843160470935179,-1.1416134963407418,-0.80996380711582028,0.01308471822300116,-0.84559086162512809,0.30872509762374112,-0.22814167836184979,-0.89895005492436431,-0.059713254008253829,0.13309473524820689,0.61645740936895788,0.75012938020762521,0.48029125468018669,0.80929959565194176,-0.4796658139585348,2
0.050026311518816535,0.72339603354148307,0.55275421884840426,0.029506884382075296,-1.1131256211461982,1.2348731896625249,1.7620585439968885,0.106888376918287,-0.074186369253400136,2.1676590515172998,-1.3877717796667191,0.52122549204504875,0.55915391265145864,-1.302115430624363,-0.79474092808350016,-0.51972962409641021,0.98380127958523955,0.88408054759212162,-0.24761790842762099,-0.26142209676157302,1
0.052030303370960686,-0.39801554501346331,1.5466595712498241,-0.20246480806616465,1.6679452611706795,-0.49114962420688957,-1.0584092374404637,1.2861039700231365,-0.03825478907735487,-1.0859991910240201,1.0256275126844796,-0.48249475332825109,-0.71016943217052897,0.42374224338334887,-0.76079720448270605,-0.36560977860362431,-1.5614545398553901,-0.42314534822664734,-0.031152234654197586,-1.4288671899120056,10
-0.71758221429965341,0.14618959010562876,0.17244588044411041,0.33198995467137599,1.9655697107967682,-1.3256819278677199,-0.19198521918140021,-2.1555210490323033,-0.66789118579151441,-0.13193036347809989,-0.71081503579288274,1.4698662216596865,-1.2511155376302412,1.4241921339082413,-0.50316015352970089,-0.29961547092233248,-0.81527331487553856,0.62293112491835168,-0.35203414928045734,0.57648904346452434,0
0.014519198859333886,1.7579518610787923,-0.48018172772178852,-0.31436330167271348,1.5689389294204634,-0.487604095725999,0.3998555718875012,-0.091864597928646013,1.2696233794531391,-0.85909301552512596,1.0693213873377478,-1.2375245127036991,0.82720120654201834,-1.31169192779345,-0.87725538232104683,-0.88600199260979662,0.56985027482566297,0.10520346770361776,-0.44598068990758566,0.99333506605304633,0
-1.1606437494615447,-1.1026658746486588,0.88473567150758248,0.437256758428966,-1.6919058325042136,0.6305828977138801,-0.59182398928010815,-1.1101913639323482,0.64615593861907361,0.61237583339381452,-0.68666683617233293,-0.72913910559293615,-0.090155612328320742,-0.94281174145823965,2.4278760855472648,-0.35826159329339025,1.3370489187443053,0.68148775489246594,1.0089680684415014,0.017013024841091261,12
-0.29397578883991876,-0.42750091390271583,-1.0977279330358518,-0.40221292551152155,-0.67565740054484869,0.92628221068329408,-0.37016730104571705,0.46517545512509673,0.027790848429672256,0.21820865193806124,-0.1873129812685172,0.70926946255141088,-0.20163031221899497,-1.1287240547814812,-1.0315222219480193,-0.81078319767315188,-0.59630065780026087,1.0586900190267778,2.3144510915685701,-0.25174958008693971,0
1.0688299822694189,0.31305296608185734,1.1161966277245985,1.3047632768529651,-0.73817340726731129,-0.35109104028296151,-0.46929333110212584,-0.5667927698220232,2.0307561307986806,-0.91277911880278839,0.13962347872427042,-0.79357798865684248,-1.2403763955238281,-0.83355507075994295,1.2891667236427562,-1.5410767234769107,1.0795631191251081,0.7590942248611956,-0.8111801944276642,-1.8116836486614796,11
-1.1551787000371145,0.027487539757014932,0.28701977193773365,0.55782712716418426,0.53263233421882428,-0.31850712151298088,0.41951593142895616,0.27374981312511243,0.49116611001116667,-1.7254421880875948,0.011508680714111357,0.64985071795535443,-0.53588506955793369,-1.3245334376381854,-1.8942106402888379,2.425173164948613,0.95897092499058367,1.3132514021761317,-0.65899618247245817,0.95615784322335584,0
-0.72450416000871221,-0.44957660992712739,-0.71006400657731916,0.92638987997368438,-0.083775531639843137,-1.7841163688921029,-0.17862457244167196,-1.1562890834520165,0.60742043556161429,0.31113195994794579,0.085922385978626267,-1.0903991011366816,-0.17249864806302051,0.68091585349805916,-0.56026491227513375,-0.044780127421278265,-1.0385109935011061,-1.2417796685510734,-2.5496763853985041,-1.9518527105231724,1
0.68816323271669966,-0.75250434645565867,3.0723161415988858,1.065333699487979,1.2901384123455257,-0.94719116602578224,1.0622781913433175,0.17838496848610549,0.80852164407038329,1.2114307368406749,-0.40341347377325321,1.1009817183985058,-0.54768762960163786,-0.47046555034805904,2.0567090681070943,0.14822291398879173,-0.074374327987517613,1.0876223928797963,0.58564166033589393,1.0988548399464022,322
-0.30182656813807429,-2.9051608051583653,-0.1294130870040017,0.85561537119787856,-0.79641504051200418,0.19520984422484366,0.92665240861227793,-1.0110089260801114,1.5796508315628257,-0.15250223387745121,-0.17811597912386429,0.83023138568174337,-0.19634026593170703,0.61634292366948318,0.075710257142153611,-0.0416167227163666,0.6960420026501164,0.15803817489073338,-0.86687323688455065,-0.89080750656834329,18
-0.35425497610012846,0.85571446029822917,0.78012031618520095,0.3686197069493069,0.95527157167571342,1.6473235416793301,0.88338929611999084,-1.2961736875420617,-0.83570230698999026,0.34812259230027554,0.47708647559531281,0.40065186085817012,-0.0011171996438554814,-0.18710771087358269,0.2631431204007269,-0.37436890170263148,-0.18617203129271209,-0.27272321171610725,-0.52063602689110922,0.35195311390368539,0
0.90025212393203979,1.5595109002835532,0.26166826938653781,0.80711191595692322,0.8767988170043588,0.28035113031221753,0.63385330645492599,-1.0764936886007854,-0.80952447038512876,0.36350868671349096,1.8418966286353922,-1.1967935047491154,0.008287750441267271,0.48600485486550915,2.4738347811345007,0.32866574958082134,-0.40737706451159239,0.79179805639662404,0.30741281886950078,-1.363328224212031,0
0.027988515042037667,-0.039191374941525574,-1.1812204227065553,0.33104741221072181,-1.6974756043683459,-0.81773853572562905,-1.4237418341568842,-0.085302698471746388,-1.4221746587795572,-0.34429813225390271,0.43127172181357343,-0.049846126288148378,1.5788167313605375,-0.28633911570580672,-1.7739828663764092,-0.052031196474456878,-1.4688900025762044,-0.21260067989977452,0.25475676081388904,0.91840101524570183,0
-0.43740133263567538,-0.24609849290691171,-0.8283620185770596,-0.24629657303325883,0.10189490260822888,0.023496582062541023,0.46644560820139475,1.1450036865704791,-0.80484780831528679,-2.5540330938930604,0.50462314246189488,-2.3230375209270941,-0.22030002304244117,-0.87386797055332732,0.15834682628677998,1.8971835634669787,-0.58043653261568795,1.1496660144825472,-0.93653338018884358,1.2000990448509097,0
-1.3823090721210514,0.55100208246453963,-0.010193576386056367,-0.53330482510405386,-0.293803174735011,-1.1148023080741221,-0.60088102854931913,0.9236118775697898,-0.51633519306721443,-0.096708933604613384,0.32679356320341607,-0.12332675040051935,0.2174737678633212,0.30703313234808055,0.10501020920492624,0.3157052221467187,-0.97050249133652022,0.73368419159810727,1.7613314259806852,-0.39324611205297128,1
0.31829466718235983,-1.2464903539525263,0.16327032902169775,2.0050895604996506,-0.1518220765221148,1.41116164917123,-0.92904998619714096,0.87189050452128614,-0.085104627222075638,-0.54716248698644454,-0.7238766294014598,-1.9230545321642867,0.46785732769591259,0.032667540233964787,0.63523841514098367,-0.32127205066177905,-0.94727154134717173,0.071858444588850739,-1.1204237601988722,0.59650208412257999,8
-0.0028891553523538839,0.90979978431443043,-0.95075023968378691,-1.6949362838457316,-0.92318324595013879,-0.95051358691634891,-1.1697436072799736,-0.34646158783563918,-0.45875251856253974,0.98845124717654664,1.5069396949811469,1.2347465827152593,0.12399511460915051,0.34984315969083168,-0.83560960606166768,-0.075311293211551139,0.53830005764940625,-0.34768383473982717,0.31311479102677492,-0.35446182049923414,0
-0.11569567673444264,-0.69596851732272957,2.1455329835693471,-1.0047512209285154,-0.019286486557707965,-0.33309022054435239,-0.62116592151129513,-1.6966385495733824,0.27715073241917471,0.59371641363475702,-0.20147467621098394,-1.0089457198902745,1.2947998648756058,1.4975485182681119,-0.67740407522544721,-0.79892658004698303,-0.72325047534431464,1.3756556346711248,1.081880020525108,-0.45327965726953456,39
0.13077664976912282,0.93082195192182482,1.2131769113043964,-0.84365825505365222,-1.0880621333524891,-0.29110601330314306,0.48935026688133704,1.8317669852303371,-0.744162948664438,-0.042200074458905813,0.44369065407619407,0.31295662072048819,0.035954350797875137,0.009394726929935782,-1.0561546862318376,-0.57803509998604308,0.88871024282089717,0.50185030922557083,1.0702820991780935,1.4401102327892759,3
-1.0979840651952955,0.3865067365949969,2.0088053530902594,0.64297162966230381,-0.70889926222057342,0.73040170078291278,-0.049906658451807237,1.4283873372921418,-2.2540722085973925,-1.0648355882283338,-1.2035344527593659,-0.034820505132471403,0.72445640995328664,-1.6013615753246537,0.027103804578323114,-0.37535097104572601,0.90732652372477429,-0.3037347916131532,-0.13843984686564309,-0.064202310266033624,11
-0.58605492338472676,-0.64317894245922136,-0.23323233954986031,-1.7166269511086563,1.2906386778449037,0.73893905257069037,0.55430936600676206,-0.23142113866771918,-0.67014394471766592,-0.28573614452587426,-0.67722615323406932,-0.95534412775101474,0.32664063630105233,0.9243187382288417,1.3532863106857658,-1.1190124032474245,-0.025502394220192501,-0.45601740366294369,-0.36510005476774637,0.31890535238841855,0
1.7800467704001572,-1.6308327668107392,1.4163606703867364,-0.78294504345899862,-2.1691714314865704,-1.6783216622511048,0.13661448893055714,-0.70495511558234314,0.49611928031841329,-0.02555779438414384,-1.8357693181411394,0.5565926793420426,1.8301415490964081,-1.0255490501017235,-3.0886413749617021,-0.41215211922445738,0.33253029494874153,0.18725930105141061,0.21125554659477089,1.4780648149547397,238
-0.84863542787601276,-1.9036810503158925,0.11222266659485057,0.4414750363044862,0.15586536305677159,-0.094818948797533886,-2.1354585010567826,-1.7419699853241577,0.90645992120486918,-1.1477779487802291,-1.3132132995699577,0.32165512449023304,-0.6884287370504919,0.063948292412666224,0.088436210794902131,0.12849777635361884,-1.1392978790059138,0.8674332474766423,0.82056268820898726,1.059128634383206,5
-0.26391978935116245,-0.96260083237890903,1.0377137895168613,-0.1539360940889907,-1.7934106938568752,-1.4433797459479225,1.6153921339728556,0.16028036018506192,0.28182293273028108,0.33860556636445682,-0.10708421307342131,-0.7152454519229563,-1.4938915489540832,1.5650977716761254,-1.1902051691080651,2.0671223178072458,0.56999806510846407,1.086924886091676,-0.065521421338708113,-0.74093697816097592,25
-1.0679339828542735,-0.27512196187320342,-1.2457506788179102,0.40803207533096481,-1.8397981124491261,-0.09865819943875162,0.033118453359651294,1.9968283956230106,1.0909516252601934,1.6485260149237837,-1.2273440509279814,1.2104500712738739,-0.31772503652774858,-0.37029604275735434,1.6815369807418858,-1.4223553133552747,1.3805986176564329,0.43885227614571298,-1.5587425270600923,-1.2690067027978271,0
-1.8504504796085761,-0.81312918672777734,0.38346998111476677,-1.1734155065712362,-0.60230341482099659,0.92001201791518439,0.5107618257696106,-0.26244081470925529,0.025059547724999007,-0.048029525144492144,-0.28697013805341642,1.7386987145529169,-2.1257174013506397,1.8553941841240011,1.246949745519889,0.54335355163440702,-1.2946306767352604,-0.57630255971343525,1.1214543915965738,-0.34179600640879204,2
-0.086646081367183922,1.2377639754860283,0.44812103220689004,1.0731863138584579,-0.20320575950490702,-1.1026682831810712,0.97243005272672345,1.2293182700518062,0.43791425557516112,-1.6536160209095381,-0.64325621314531367,0.1741895656128887,-1.3294960098910344,-0.544780827441391,0.23866706766225082,-0.78540795467045066,-0.23603103503742251,0.060152861372427417,0.38279571278394642,2.1915274691932516,0
0.34827365961381568,0.10805565540900484,0.51764841894810376,1.1417270383484537,1.1743418098124725,1.4260896881785243,1.0685500575776097,-0.6701470660125266,0.31652923885946754,1.3510366842788488,0.19349830090143869,0.10449947653230243,0.49055660063753032,-0.3861745042093746,-0.43763097293248071,0.18312333698453517,1.2413894016764975,0.34649757973189943,0.5355381766546744,-0.8268396018605112,2
0.013369206246188725,-0.97190469762594678,-0.57867025708676478,0.73864806510160441,0.71003393793488734,-0.21050655876740484,2.0938881263983555,0.52207947174097313,0.9294332322373321,0.64988695169818766,-0.51516506702798215,-0.30425713972722684,-0.68228027756663301,-0.23935696034952847,1.2671396728074114,1.7202810816202854,-0.61891485533000024,1.4542746250976448,0.28502382346839811,0.052617052736793624,2
-0.40641455752706512,-0.92445530367166073,0.19745704145057233,-1.5913169471432422,-0.024971328188481669,-0.086313373977483093,-0.26071614511118146,0.76822475540864876,0.15854246385231943,2.0428075191358062,1.1828254038051202,0.74549195425420345,0.64871107279832285,-1.7695154305439811,-0.4860818865210772,1.6600984580483311,0.061873103469558877,-0.070098703293935249,-0.70388166130670304,-0.46012818163078917,2
-1.6899813378835866,-0.41687706219309756,0.67577742180199762,-1.1088612920097445,0.20722092549590784,-0.57522706454667161,1.0598387031483689,-0.32461617522642044,-1.8792610761353705,0.56027114305345271,1.326901321637147,-0.003077570667574673,-0.75253113521561554,0.92369787551512228,-1.7651524784111206,0.72557028187409145,-0.64494147450668182,0.070631485404198155,0.43699856961773742,0.76936937110349068,0
0.62005357903057812,0.59893726063104691,-0.40097317506101526,-0.93940202984123411,-1.9048339903460325,-0.31510223268393872,0.47083077233487231,0.72376916111888245,1.618909463391254,0.58529165689421148,0.17410797250368309,-0.36061920527078384,0.35711107093200034,-1.4961053975346386,0.33795862375334151,0.99851734656772173,1.4100797971325869,1.141700695610431,-0.42965383832916154,-1.4908397506750808,0
-0.50149931356479427,-0.59508551124790199,-1.6927617943625359,1.8622026062436863,0.56190394990466452,2.1502808743227728,-1.1886722670619601,0.83392328127058191,-0.84868657135947356,-1.6437469571770695,-0.22099767675415091,1.276355673153647,-1.4829875856910242,-0.50306187803874292,-0.90956782991516194,-0.67306458392187507,0.5797512833131554,0.52778779965897626,-0.61414122094398393,-0.88270180173594448,0
-2.0277479073525577,-0.43207470971675072,-0.18339428270089461,0.1366075872041739,0.42502709303884578,-1.3605719099013147,-0.021323366420484578,-1.0643217103373903,-0.7384129296877967,1.7222374428250726,0.31832085825422518,1.6117412239395124,0.3738391807388044,-1.4138727746855348,-0.90455628444132363,-1.4691383768282134,0.50993114500220282,-1.4134540828082331,-0.24576987466630476,-0.18774605253499671,0
0.28074788722750904,-1.0465787044848707,-1.0442418622423517,3.0660536946784793,2.2526881283292011,0.36927810295328778,-1.0423873145514786,-0.48287279151272633,1.3331110539688489,-1.6633289758706844,-0.78469198612173974,1.1019081337548904,0.93146537847152799,0.74420876764763555,0.55125003336389367,0.63796089765412101,0.59146912522176009,-1.2510459630507229,0.86924059519012464,-0.73926200141616316,0
-0.65593119946451939,1.4942119853445253,-0.58047399206499073,-0.35289023953218035,-0.35579257181940793,0.98076322185562148,0.36941544499718093,-1.9146447362072363,0.11268719291625051,-1.2609205732037581,0.29337990620745658,0.089039647137659772,-0.4938647949090611,0.56917238021984351,0.059396472148690045,-0.32680888678865283,0.92861039342425411,0.39720362238492701,0.39376897297259111,1.1932449212582286,0
0.028776843761655364,-0.92777220793158632,1.1161085216547231,-0.79578271319484917,1.570474300637988,-0.45782063493139152,-0.95028067479052525,1.10213192777067,-0.24324536793626284,-0.54132181003062674,-0.63106718885210866,-0.94139657605205818,-1.7220233104017217,-1.3476624735111413,-0.29666379518740121,-1.1936779671905027,2.9979241419611746,-0.0022113195235780006,-0.15078694724888531,-0.67621209556013961,8
-1.1104523100853796,0.89988609716037316,0.046427700520002148,-0.8750541727008464,0.10676371750229191,1.0763655979283686,0.74092456818624397,-0.12798375607519258,-0.3328401354221629,-1.6359218814754986,0.42052826671209897,-0.49316845121356506,-0.52036539830061646,-0.41550123939563549,-0.6828866558915978,0.91761567430975977,1.8491079729307962,0.093622580014983109,-0.078339712234197584,1.9513451575152954,0
0.47973387484940799,0.90676529209320467,-0.3445470376192088,-0.22919966881749085,1.755281802418311,-0.16559180657998568,-0.98577357978352642,0.18124515226365567,-0.70365200210621304,-0.82449961752802536,0.35497738492908382,0.93355876785858827,0.63428294917326644,-1.3025307977644156,-0.17127117442157322,1.041284682504851,0.0016723835438712592,-1.5052692101373331,1.1392154069426901,0.21730648973609787,0
0.68934508743157574,-2.4501712738113617,0.43272291355774367,-0.24726598303397118,-0.97609680347724892,-0.60467399289486445,-0.10877327940371262,1.0642788555535256,-0.25241777255547804,-1.8803989593053965,-0.17992193110237448,0.64379507010579184,0.80115301472317102,-1.8736382840596379,-0.57029280535864646,1.7187180922694589,0.3326898372465471,0.37213391321898981,-0.54295957177189391,-0.25986627369350851,32
0.25362767288984628,-1.0337698890106926,-1.6776754380608627,-1.5403255424479727,0.68010171271802289,-1.0698614425127007,-0.5032161631486457,-1.2832775254659667,0.086203473322574276,2.0337690075981438,0.12825845157356197,-1.7961624981590234,-0.27526750880497519,-0.3452207343517395,-0.33715985347876914,0.028203546248403197,-0.69431251203582955,-1.312441327844442,0.072708509239129568,-0.72176426752125944,0
-1.0450253969465684,-1.0569608354185542,0.30309975386765597,1.6650501612431761,-0.064364091113438285,0.83449765464475356,-1.3611613047666804,-1.0017738847223516,-0.36171945422669516,0.58108725586638288,1.5022866833824968,0.12444400351856055,0.91816284351202004,0.26831878333405185,-0.03018102658890446,-0.62729127542621677,-1.3407847839545382,-0.75862394713711656,0.081716404527054767,-1.0124049351890969,6
0.31921685786601411,0.15592967991144507,0.45058587514695292,0.065059253838617548,-0.52958604420462052,0.70747903603884144,9.2563053701442261e-05,0.70612121699430308,-0.033387322769392956,-1.3121016045232228,0.21154833910631501,0.79329648460373114,-0.35305493255710751,0.216982413506176,1.1296432942449048,-0.39409038687691722,1.4849985075733614,-0.027496525561449749,0.44422725316530787,1.4109207471196419,1
0.63781158684523953,-0.45219435195592794,0.51283203125745558,0.9390116700927551,-2.3449216005024587,1.4557872976271184,-0.49143266024160537,0.64209944315635237,-0.71998502952782761,-0.9176797869333565,-0.79024449867511448,2.3240546579285017,1.7880090245281348,0.37451693455907065,-0.97910061475424892,1.2219930911747952,-1.1754396728962022,1.529798194064991,-0.91193665120442569,-0.72448194015337852,18
-0.43153735035898472,-0.9858635750616267,-0.30103989882700227,1.2057514356188466,-0.69512419988242358,-2.9456255249520682,-1.9952452733215034,-0.6272662469409872,0.71355713481234517,1.5185850141541,1.0277953914365228,-0.71543584329858156,1.0583814065485395,0.35258396542741599,1.5008581568711443,-0.63106429387211871,0.2766921513341829,-0.46229666153931392,0.66170470579510521,-1.5434929608074968,0
-0.3129499397935096,-0.29620296478202168,-0.39004648912369894,0.82793269685561999,0.56058043708890237,-1.343792682748677,-0.12194818345408859,-0.0031617620181398198,1.2299933609283817,-0.35860448851271076,-0.94975869129658352,0.25697781241522122,-0.090297684213319199,0.33543507419409113,-0.91113744884662196,0.032466470287399331,1.1117431330698795,0.60747842396304663,1.9115418296989919,0.80598007078474476,0
-0.34066542965614466,-0.12180793196965851,-0.05305399710788148,-0.23359064810369987,-1.0330224612345136,0.072747260363603516,-0.020291981999305958,1.0647769972353933,1.5649762035890493,0.88853520685070686,1.8738211454081537,0.67696868069123284,-1.2423097084142096,0.93881750242318085,-1.1787506058872459,0.75408565571139163,-0.084127625726327218,-0.58688381596286432,-0.51453121957638592,0.5097848617876416,1
0.27766913019776707,-0.082186438975063905,1.3062035929497198,1.6109964923722393,-0.069232815335986769,-0.60898150656994232,0.77223159007534137,-1.1784342587265262,-0.13054134520116373,-1.3003615103938446,-0.25835620145708693,-0.67353282008634874,-0.29410019568758028,-0.99689841046577055,0.50190151063706678,-0.51698213690564565,0.45252808918710313,0.1480323369593142,-1.0603337696125315,1.864004205925061,10
0.22257347760059895,0.36345937103560461,1.8921615934566818,0.36945700590466707,-0.08023890211928944,-1.9790005977855736,0.56040129626700252,-0.30786852998731473,-1.1904452673869079,-0.98875142245601955,0.60531468206812578,-0.82064914857559024,-1.1344522339326659,1.6914266312982051,2.1932196688309706,-0.38657867309193567,-0.44719255104365063,0.75292597249213145,0.53652949337465061,-0.079949390923350239,19
-0.51133357134832957,0.55432831833485596,0.81237158655692521,-1.1230257306435933,1.2880653541593814,-1.4677739610066602,-0.2276532518860081,1.0761469757599471,1.2409828992997665,-0.87938928434435115,-0.26287816877218717,-1.1936977371519919,0.72832646177841631,0.15778224289538686,1.0766630176280587,-2.0717116959001487,0.89364320021791321,0.42880346946349723,-0.5069473578037792,0.41422179383388752,0
-0.40786241568110343,0.15236663830045682,0.91403632687931613,0.98067416862667112,-0.092710076043487868,-0.74105585391069484,-1.1453837837584242,0.82623458859594967,1.2777706062143293,0.99477608081490754,-0.76234675511444661,-1.994412682660172,0.034131295193190851,0.93127714251329852,-0.84986827019204192,-0.2642756597358083,0.12770607092435513,-0.45101483850193141,0.60479044146214123,1.704534324325599,3
0.01537199447314419,0.27260323124765279,-0.65786521606263504,-0.66158650871034153,-0.26180138897822386,0.033716337109983389,0.224011905029602,0.3717692754130531,0.15634398659390827,-0.13322556386798937,-0.33386305961522555,-0.081157619624833366,-0.5025065057310999,-1.5954548895812248,-2.2091069242953218,1.6983906027396432,-0.44999559992288962,0.66312114010356127,0.62420226367456955,-0.4541589340999091,0
-0.0062230983844615692,0.54736915557823818,0.77524763829248278,-0.78548124526927132,-1.5955654486490889,0.71379666790201701,-0.61349601772422113,-0.26106811907572763,-0.90110111125268189,0.047938346959668261,1.5807678024388432,-1.4287882774193392,0.41090017415307734,1.1125107489059289,-0.43432355565769387,-0.9501058613271709,0.088495555344686908,1.5144179625080894,-0.33818957962601554,-0.95715563033630713,1
-0.46889686800980068,-0.81816074667503014,0.81277967971956266,1.595747594084765,-0.39294236812781935,0.25918021014910636,1.269705001982798,0.078162771385197782,0.76645110821464846,0.77916828459983545,-1.7987137045544255,-2.5631105826802454,-0.28538705822065552,-1.2981454921646263,1.3166847600812142,-0.71019028398241102,-1.1894369319008553,-0.062883793733614995,-2.0579873718244999,-0.011426242216798513,8
-0.60646332638692202,0.449977189061672,-0.63587877627233147,-0.69369097119655965,-0.39172310969044633,-1.9867814573314653,1.1271088994570635,0.36852784398958544,-1.2900355084795301,0.57756487482272378,-1.7504194518107465,1.011419901543916,0.7907072915647404,0.82305407744431636,1.1779938057346588,1.0270462971162331,0.25613518566502025,-0.42273389942668038,-2.1471897211255486,0.29871188384908487,0
-1.3965256321137323,0.39512508755775338,-1.5726148989280884,-0.23921313841902209,-1.7290931578758364,0.28843739006254293,2.5752854273599279,1.0868524025290283,0.45483760668963275,-0.27928191525285939,-0.29343845012634556,1.0193917613623782,-1.9198095539715809,-0.8943812191388425,-0.11567934387454749,0.30976845093670352,0.73230212729677824,1.1453098757198126,-0.64021767612625158,1.011799923911999,0
1.1775812499128349,-1.8486169571462301,1.072133985215203,-1.2048796714805452,0.26990370336286229,0.75133247734956132,-1.0877962208191319,1.3244796662432889,-0.22081536505919414,0.21440629223658539,0.24606182136252655,-0.68982244177034135,-0.65727616019032042,-1.559178335228198,0.62437901173139332,-0.046048458660734676,-1.2648060395230336,0.98089936622331442,-0.93997065676211422,-0.16871771582282791,45
0.016983498874382288,0.37211341373442586,0.39743478790141362,-0.14451367882036728,1.43789861687955,0.20650203772843503,-0.73320542130164823,0.13830558634093437,-1.2780438089506421,0.15623207501079656,-1.1691735240637826,0.92046373166089612,1.214354582621519,-0.035711820756569285,0.39143613753587775,1.1068475321618896,-0.53496392636913781,0.83005415381351577,-0.11123194002072534,-0.88983466314040116,0
-0.068015707474508177,1.6888323106596297,1.2261058571418648,0.10153109050421683,-0.038645435200426535,0.52922674605247955,-1.2408794432874168,1.0134949672588507,-0.4103828382617673,0.36898689276943408,1.5998055365302648,-0.62299524606185908,-0.046736324357821046,-1.6375177505533756,0.68666776347744507,-0.94503266465096059,-0.236300842514376,0.8956070641125593,-1.2278455182006887,0.83697890791237417,1
-0.93237291843697856,-0.78445585759010317,-1.8872768461926863,0.69728815512331943,0.88249503027343501,-0.30512461117045803,-0.75860781302834446,-0.89529133750255063,0.1080830479771069,1.1939362912793161,-0.46042309243059648,-1.2073025476236126,-0.60662349795172488,0.024001406999691475,1.3684742915198276,-0.30203368756501436,-0.1903556471360317,1.4603375565302756,-0.16083720787624883,0.61380102088121313,0
-0.95802440326543647,0.16883624517363793,-1.3547867539102374,-0.85962978703886139,-0.7126950678120838,0.14896676793680183,-0.15551579129290063,-2.4108851783612191,0.28254349001334089,1.7640845688699354,-0.18939518311946024,1.490796502205799,0.52841225280992321,1.8567171285693798,-1.8684794826525157,-0.7764380058717999,-0.77671628592574182,-1.705218435211499,0.67931645557575082,1.6780225270031008,0
1.890380626653879,-1.3782083938002687,-1.0911951091234064,-1.2576071243998928,-1.8224009491429087,0.66745792528417958,-1.1212664767058453,-0.3344911139352047,-0.92289778801861522,-0.65958874796977163,-0.15682775779641456,0.61696654530779826,2.2188962894613238,-0.16413299093758302,1.3460099670427068,1.4141287679597079,-0.27187607094516747,0.12497170014928477,-0.77982858905603059,0.85908175328442316,4
-1.5056329714738244,-1.6102158775830235,-0.315226354808673,-0.67447726108395478,0.66590271149851066,0.34302875568397845,1.1865276166486398,0.18321228279140642,0.78215339227211111,-0.30169877944092915,-0.68688309102063883,1.6035243426555443,1.2218759585182912,0.061428483712147125,0.22603908908296969,0.58171494689015957,-0.34154969590138368,-1.765498572031398,-1.0565763289242049,-0.74038621863789134,0
-1.8722974896881226,-1.3174028492555161,-0.75195424728004401,0.072292481970600911,0.44107578069597964,-1.5925814212979905,1.7413311572288372,0.096111211359138221,-0.27642859800661324,-0.74277697523162922,1.7620714026405286,0.051265505732868623,0.78372429893416795,0.28729943995951868,-0.95347292530296146,0.41771007218274092,2.5106423736936243,-0.55485627744970611,0.36002328341124862,-0.56245112079776294,0
-1.6166531669956452,0.79931981302051203,0.5699119506889847,0.35864216242645225,-0.014714116902865362,0.49793592993627744,1.9037647358173422,-0.65647919582063186,-0.5109019845248024,3.2242452315976551,0.29097215184749492,1.6184062707701665,-1.3891477354954662,-0.9365244082673887,-1.0142194777858284,-0.46671315007743785,0.59871298373808091,0.21131992636692856,-0.059338559267794425,0.23106705856246401,1
0.46079459037935411,1.2430006734048542,0.69792439611744006,1.2043867526969749,0.025273872355406578,0.74268355242151918,0.20068185707881939,0.31414818944378364,-0.62452557431530942,-0.8961535317207826,0.14530792198431144,-0.41572697146231763,1.0100278745027309,1.3341656912655357,0.94209191419595684,0.79186665449772065,-0.41744248417868779,-0.33280180417545369,0.46361269951061351,-1.1140524109254608,0
-1.156908383282836,-0.098235804490335088,0.88587006813630031,-0.25509618117377281,1.4449016490055613,-1.0095015034947055,-0.83688792438611259,-0.36772815585177726,0.47139324226582663,1.3693770807662098,0.39925435357121281,0.87227714237016818,-1.2013587544205071,0.93232936395122734,0.13473288781060988,1.1373380939663151,1.6817977397481569,-1.0692704772180694,-2.7344640150563482,0.68052134059725722,1
0.66673812925677944,0.2808950075840323,2.2705707708051008,0.6227209947792921,-0.33862031093001471,1.1583644410817782,-0.69251631402011837,-0.30669167046382545,0.4063128324550121,0.14612227376764292,-2.1379772137322406,1.3304075072369725,-0.77867940546286452,-0.035280284469560087,-1.5018672809635727,0.1616085841570806,-0.54844861869521255,-1.1462050428519903,0.11386450856499561,-1.2432161917332107,52
0.52441016494883141,2.3088236310625105,-0.28146514306975084,-0.43142105859992225,1.5219956592920818,0.38590549225515419,-0.50890058096258672,1.0762263265686247,-2.1314495462696481,0.84837668978209257,-0.3990575404987704,-0.94569245696998283,-0.38412013181099502,-0.41450644240092821,0.463909842997549,-0.47948852759487393,0.58933585844341185,0.47973606971774424,0.4306150479234116,1.1533592112767959,0
-0.052418876099840361,-1.7190206129717618,0.4267852534274722,-0.31428527091537112,-0.87200769248713672,0.42808410503997291,-0.57259573553026222,-0.9044415699395244,-0.31667859472615778,1.2066192313333954,-0.34975209885001979,-0.47920573545744066,0.81449848063018881,-0.25143527111878022,0.38843586645817979,2.3650298814040851,-0.99963397718614078,1.0094028026838262,-0.29732795590085009,-0.23010232929162103,9
-0.90056665391646296,-0.59491024826653294,1.6874422548623611,-0.67950804962588629,0.76135743959465563,0.00084120799418224549,0.63463629747769945,2.0741205265531457,0.045075500785466412,2.1687782368377797,0.43427533729747891,-1.1616973259941483,-0.8515071809412339,-0.96802720443536527,1.1961105926931503,-0.17884941678373578,1.450404081159266,0.97806396906222692,0.10904561650761088,0.72407083743425227,10
-1.6435333699616097,0.29912918374918684,-0.43565146883768358,-0.71081359095107599,0.66429318211256216,0.58574602607300896,1.3725326138259086,-0.0068886655966155395,1.5159340807176562,-1.3956718407514128,-0.031564865981620033,0.31441529765235149,-0.49723088771492618,-0.05327634011423376,-1.1626953135390918,-0.033261366955931224,1.2606790651308217,1.0288087394309022,-0.033003469668572628,-1.1860654944363516,0
0.44243930866522929,1.7107604284950271,-1.9843147562676917,-0.14952911239517369,0.74837681961878122,-1.6727075612448479,-1.3210209625579623,-1.6145010505324509,1.4406856753686559,0.56971855153033257,-0.020967179912147096,0.48785068837352807,0.2870327790109034,-1.3260877668700106,1.2856819475036885,-0.71803886180714194,0.55220080087957746,-1.3998226262885625,-0.50593244297248774,0.10138093728591857,0
-1.0851629181612314,-1.1554167671594491,0.036298000180129283,0.28520881097351058,0.64909042285903673,-0.95364376277787577,-0.79902324629342447,0.18381916904842593,0.015079693556419898,-1.3018462563647009,-0.08527131223208137,-1.3997739049656754,-0.18287007014718648,0.98717248737751861,-0.78945910587258483,1.6074015762686478,1.0404652449079617,-0.95776104255067607,0.20973511786788371,0.81007009841559818,2
0.52342212131135879,1.7508568069217763,1.0276129143338646,-1.3692551522361784,0.26703077286770233,-0.19011908980417663,0.3772753135054091,-1.439147864455085,-0.39794755456004938,0.1281378095444754,0.21465636456312451,-0.55209184807100131,0.29052292261738627,-1.1759865682297574,0.28563045724764941,0.02800968938807066,1.8923706043274935,-1.0920669732079122,-0.25374418110816327,1.5549028020612354,1
-0.89310393028219726,0.66051677220511396,-1.6802393063941883,0.6043760379869958,-0.53308994366326301,-0.46214607275511049,1.018740761453828,-1.2517235143316752,0.53759482051028207,0.48176043426107934,0.22259130954012898,0.6163517464222803,-0.45891231289673839,-1.0937390053029952,-0.072579777277830618,-0.61639737893917879,1.7330395773755727,0.5485304959349806,0.10731320416304939,0.74845239722074497,0
0.54462433466583049,0.5037866314792343,-0.4976567860332885,-0.17357887199040412,0.35599918677485765,-0.0136387691284707,-0.62515569998769027,0.070001705468156372,-0.98780921337800132,0.21819483999905331,0.066166086079077424,-0.71071474738080476,0.22658308923347739,0.83809683580838779,1.2810605704422848,-0.32753280208355395,1.035328817969873,-0.72645519889875831,-0.13236428779940501,0.39556625556657993,1
0.5114991064321317,-0.55008196673289134,-1.4121892908446729,-0.54428001314499996,-1.3907873321179225,-0.90738556325826503,-0.22540981591518816,0.57471847738561221,0.071952850245193489,1.1576395132466666,-0.031207353777224667,0.57750672131907588,-0.58659333739732178,-0.48859631644576174,0.49236742225095675,-0.12846954612207509,-1.0900805743593007,-1.4617248055579906,-1.294510277883107,0.28138965371330549,0
-0.19990501603839267,0.39235169890689137,-1.1466637237146964,-3.7134982749399881,-0.99893049273930523,0.95220368029860458,0.084247516857014468,0.72645563739777441,-0.14438759276909433,0.36758257825978935,1.109696162656072,-0.35559407050746594,-0.1172335785150521,-0.13191426287928634,-0.64555329737533729,0.84147707101748803,1.3287770841214073,0.99700949234322278,-0.14960971198839013,-0.52270980944808443,0
2.5398502382679422,0.4747019306417401,-1.8943285907617928,0.17188407948282652,-1.8638887304276355,0.31772830565514087,-0.98205594335646873,0.94518247322611937,0.60653917195845053,-0.94979824377778665,0.16840948536502998,-0.32477844646096338,1.0539165373821398,-0.022251072658457639,-2.0192624632880438,-1.6077787019716199,0.39450380863591306,1.6830004669889018,-0.75782300938827596,0.12379405824410218,1
0.71105031693092269,-0.16771256030152767,0.48490388218874575,0.62465110479636221,-1.6124407223290018,-0.45807672733895405,-0.79751240988776184,-0.42356983495211448,-0.82222630908926486,-0.58155946349363152,-0.45297473128640497,0.4872082117820572,-0.66686262723936962,0.12956037788749492,0.56652307444619077,0.5347645394511289,1.4126895348561199,1.3940296879617295,-0.84688180506367738,0.8756392249182775,9
-1.0850928130921833,-0.72284717571090951,0.49941691116051179,1.583400899521223,2.3591621033898162,0.33697160626353584,-1.5445535096171319,1.6517596771412162,0.61212001970226237,0.55604782567480537,0.17814109411104392,0.61488917493744888,-0.36757443000854628,0.66367374630343368,-0.72498447503986063,-0.83589431442195516,0.049629446900808179,-0.048485682241782187,0.18351798287942817,-1.2516546430307962,1
1.4098328946788279,-1.2978449972722663,-0.10935659930845468,-0.84169349511574765,2.4141255772586994,0.39238770867493528,-1.4566900289188678,0.78163523689738035,0.10282958732732317,0.39953599814805024,0.086614036663113916,0.29881181155121217,0.77646676779841417,-0.46025782152240757,-0.53688515203184606,-0.99827629947046104,-1.2840923444797649,-0.068007184476642016,0.50389920293702839,-0.80759747245983693,2
0.061658645517360666,0.3595769383577887,0.48775460559798234,-2.9323012454090511,1.4768201426368979,-0.12908653183210497,-0.63980338507819634,-0.58639414027877057,0.42151913283034542,-2.0563151822972543,-0.39268573590796629,-0.97737171349044027,1.2377325744459069,0.019272755854741398,-0.10964139897909582,-0.46889856022512932,0.36769435931411937,0.0096802484705330247,1.1959156430778126,1.3626803148053543,1
-0.062064297914401836,1.229196420569304,-0.33411614785049187,-1.6382416218640743,-0.33127724603343178,0.38117857271786432,-0.69694730302899977,0.5184215398373192,-0.47482669915001441,-1.0386271338505415,0.38320499432030758,1.0087626793466009,-0.65929867639049511,1.4405221329621953,0.74394692534520102,1.3610485188869164,1.0234659506927481,0.84887946362845201,1.0002984780936945,-0.3348200457444771,0
-0.25294982838999813,1.5264011848417924,-1.2353766292890831,-0.20464089711678146,0.27485279213516134,1.6838288138767414,0.65681058022791539,-0.91506820870061512,-0.19866497133272579,-0.49178454618868922,-0.15335743193197232,-1.8410377584375017,1.0966901735173971,0.91104945348379696,-0.047254514144664223,0.49773100081501764,-0.31627417616539372,-0.42975856011822899,1.1757629412767205,-0.0658489126098592,0
1.4865285413456,-0.58602282275932172,1.0645012770741238,-0.18412943452980282,-1.2410533986202821,2.0670891684360591,-0.54264880510884717,0.81113475322565409,-0.30555365541613022,0.09957006674618335,0.7478849835192084,0.89542079425192089,-1.0496182653892643,0.427821899172797,1.5809846558736564,0.83902112809469531,1.1124106184221343,-0.086542927506947392,1.0984011836173855,-0.15908994369068297,39
-0.47203433555807517,-0.5915263194323187,-0.44204453141922195,1.1626016364788025,-0.41007992110786295,-1.0603680646672895,0.80010259417200158,0.24573551159539059,-1.5597997650835309,0.48356938239602049,0.32968876404712616,0.95212454369656008,2.2577349020235733,-1.8868128737461132,0.7291221811836216,0.43585334099282552,0.52344335348410354,-0.31894209150467567,-1.8162272683773,0.14984671918899828,1
-0.23155700685777419,0.13375487725210125,-0.87397126815198267,0.32555767098587191,-1.2546804834652341,-0.37602798527162723,-1.4193229164785435,-2.2204786858568357,-0.034097789134963578,0.80822149370662233,1.0416175138283017,0.89324938670936327,-1.1359202723878334,-0.47074266796663,1.1315471380427593,0.25310364367136856,0.069118541797654892,-0.65085948782064484,1.639753118322349,-0.14342474497989785,0
-1.2443370692294649,0.9594744482518559,0.35455549006336579,0.64993217996075503,-0.3054158270534213,0.71525152633955813,2.2946806008560863,-0.35502664214886182,0.21573310655960776,-1.1447107055084538,-0.21326004418526162,0.39699077197146349,0.34953212484822066,1.3353136990938781,0.67321072826180528,-0.57859278243634482,0.064314147492754117,0.085476681250692715,2.0285409165572044,0.89857072293546281,1
-0.074065810676371815,0.42641931741019073,0.092254685894673866,0.058611245587713592,-0.74143741677504638,-1.4190217571514732,0.1778379109287723,0.075419191610607117,0.15921146469334674,1.5232475147455269,-0.48165766680502953,-1.2536060591251643,-1.0550599160570082,0.89354499468594983,-1.4862970941676377,-1.1586977792881179,2.082157928362415,0.74810132400256402,2.4840868494743749,-0.82266442420367458,0
0.22685772772279261,-1.4213046695881502,1.7623832114465257,-2.7165489647017749,-0.24434796732781847,-2.0037951587661986,-1.8354314241629499,-0.0059398380159034125,-0.75088235107597523,0.67078752248315676,0.79691624711308573,2.4503158273317918,-0.95890181513560679,-1.3844412676486693,0.36603453573544514,-1.4167191924585787,1.1287710618949873,-1.1804788893964089,0.067172624269389469,-0.7665742690977293,48
0.38928497331071565,-1.1335465056413627,-0.58207026285292351,-0.26349689687921962,0.73819127226932113,-0.15519082122713443,0.51665495567959108,0.62920877489458382,2.3720786054049734,0.47011980968047246,0.98019435424497603,-2.0707807109631768,0.92999375968627773,-0.16970492283574048,0.95256258846063591,-0.92598108026355763,-0.093191988157548741,-0.66922180522423969,0.10095511739029574,-0.92759909837000032,0
-0.27833224259913442,1.5260047871233724,-0.76764782155137579,0.36102121330887993,0.84888175288737189,-0.68906995882537103,0.96033218654441355,-0.58489407274146732,1.0206514077482698,-0.13910929486239706,0.41610197783892033,1.0510163851101644,-0.084542643443441506,0.13704108573223389,-0.35774403197238513,0.085161977815719783,1.8136714275400851,0.71026453499981779,-0.34310787326103043,1.6611157467001554,0
-1.2619868898284199,-1.4091940666363718,0.81096223281641833,0.26347840707278108,-2.0359377418498705,0.20982768531877385,0.48691560248165577,0.49812941040422937,2.1946898760050613,0.90385075751305011,0.58638765087457212,0.19558646437532609,-0.71506045902960957,-0.39880755800044504,0.075791273179326046,-0.077159165929565232,0.043501044656790958,0.03388749401114878,1.525896181057788,-0.41121057045835818,7
0.36627460925155503,-0.45234154792507142,-0.015294432733406223,2.0956377714478327,1.7934233156589545,-1.4085788647404547,-0.72426766363834794,-0.028617181639167998,-0.5092287992828004,0.083104721720338462,1.8811328844481483,-0.21225335524821887,-1.0136342398389622,0.53417203083198816,-0.077518844975583659,0.08640211005108217,-0.32747535943336364,1.3979659081226301,-1.3378033233027791,1.1836293905254707,0
-0.32186989556826717,-0.8522082691646331,-0.65172376857699088,-1.2144693126623762,0.89105164459672093,0.59471770080903952,-0.29330100834679523,-0.31214655074481595,-0.90485687918320845,-0.95488463352441277,0.67615880503131254,-0.60496189962440361,-0.39813905153507356,-0.70305571806632683,-1.1449589802595315,-1.3983528035761021,0.50796404879119106,0.037790676775313059,1.6688013917843747,-1.3102505520530376,0
0.32725811201950294,0.68878324300579752,0.14138976390473182,1.2521186050331137,-0.1279766035822098,-1.8667201986856137,-0.067001034750556215,0.36142734033488527,0.66134163557244707,0.35838146231305457,-2.0673526357696348,0.77754577155668991,0.070840428448427736,1.1547215791743632,0.71719395998191038,-0.25056461566792959,0.1229854049734045,1.1367442497526536,0.6456871929115422,1.076128341096372,3
-1.5562658972864705,1.09567885861432,0.092684552327876785,-1.2424373638025479,0.97289031053834973,0.78914284006182167,-1.326222758627474,0.5315197481432018,-0.27134494551382998,1.1524011271206245,-2.0765997445988926,0.18095607859679047,0.88778387690487803,0.80740022848054482,1.1573267949960888,-0.41741195656070634,1.0294944390149177,-0.36006003928098934,-0.55499970158173273,0.46223095587310942,0
0.34267975666637834,0.48247222059026112,0.17576683857003597,0.50658391177721462,0.64416699596268501,1.6912200983955274,-0.27254024820186135,0.089907921126709117,0.58270024080601046,1.5651918296403307,-0.20726662322189682,1.7432284654878922,-0.45134379332847108,-0.69044794407637822,0.55762756067318442,-2.4944451083099062,0.63785650718179099,0.53362073745133454,-1.7434110886772007,0.18666035935075667,1
1.724790665736224,-1.1742073207948664,0.90483262975368439,1.2828850776201932,-0.62519638208535511,1.6365357080055003,1.193194833690205,-1.3452879649463167,0.090751491726310807,2.1162375363784216,-0.70119285961843114,-0.32076847784591417,0.96552759346184192,0.78332756171097961,-1.6016167780266217,-0.12174785898803439,-1.0161635702477396,-0.565720808003217,-0.39467889701233988,0.043608739206306334,53
0.51155621909473781,-0.097731468899902085,0.16191414269941812,-0.19636099865632595,1.4291031633568807,-0.14204009808671131,-0.046258717049034857,-0.57416683582413675,0.40742766141660258,-0.37306761964143076,-0.33980604565801797,0.2998319952228124,-1.090710481076399,0.78271184241113623,-0.10703427649039968,-0.39647224478032589,-0.77710268488988143,-0.68038262187790244,-0.0733312436663517,1.2510109588725991,1
1.0560882405096876,1.7478968919575346,0.060185951302376132,-0.54160829755317275,-0.41619623163679592,0.77165462428182108,0.68831852572440977,1.0218681644018379,-0.1698832160438272,1.8219693355714468,-0.10401505616928924,-0.12736372800902077,0.41538679614298119,1.5550213151075605,1.4072115542917516,-0.85705247870943813,0.46497177745564183,1.0107120207464162,0.086645649977670589,-1.0465257906582976,0
-0.69859805415809795,0.65779859573145727,1.4564337053226417,2.1256522751150664,-1.2201008568303047,-1.8397160396364745,0.073314113279195597,1.3023807005526098,0.17063021584488006,1.3887227104194102,-1.067548624116553,1.1776602605727637,2.5963228467822881,-1.0448162662746021,1.107545143450591,0.3958551110138368,0.266207573027338,1.5218387083784131,0.43704276676596121,0.41275581880524159,8
0.045305389410633869,-1.2385253048171023,-0.28076721084112644,0.0097948579441297749,0.079873678677095286,-2.2275660407314115,-0.31284888611886541,0.32446976847522435,-1.0165962047552504,0.48416882049488169,-0.5052234720828751,-0.77137258902493766,-1.0451515272556944,0.11490920500774202,-0.41483316558286915,-0.63313648158020142,-1.0765350657464094,-0.35217227392021588,-0.89000915328103125,-1.0564191251301653,3
0.87561796214883014,2.4659041663758665,-1.6192349231084815,0.086149225124549644,-0.47932212764578053,-2.1829069712015223,-0.58584931256398909,1.4044407107300643,0.18096309038035763,-1.1475167988963049,0.72470696500397569,-2.4794215093644429,-0.48537555910776353,-0.64051572465580486,-1.888898280432519,-0.33122086829450298,-1.2693201138156602,-0.65396735943551132,0.1894162813486821,-0.32061727856686678,0
-1.0907540575318317,1.1943983196240802,1.4827661995699639,-0.42720952980491611,0.244660781751667,0.835283921947227,1.5484510008556998,-1.6352886912866142,-1.2977181774876576,-0.11209993641932575,0.80940275331036349,0.47812291303721888,-1.1634602061446311,-0.27023603250019074,0.0086536611735415388,-0.22695293161947122,0.49192494865846187,-1.3938399547545741,1.8265418315359823,-1.3403792582542158,1
-1.6336461751885871,0.32490399765759975,-0.8125878132574258,-0.44997849640543208,0.98097843298532827,-0.62730535283126199,1.9162191764945573,0.76381104397115041,-2.8326493647045319,-0.038677461059727927,-0.67242146232435218,-0.51822468504861896,-1.584454561365283,-0.058072115406223791,0.28814348706584375,1.1235279331938288,-0.99091331354814971,0.91966565527929067,-0.47228503122667059,0.98162078954609733,0
-0.21798860907149026,-0.76071583662799103,-0.42627504432123176,0.045959625447282063,-1.4308856963240135,-0.23573018825288139,0.6506372671146784,-1.3957155969109685,-1.3211689859808349,-1.840480411541394,0.030942825207839083,-0.039784641899590037,-0.99460708147909282,0.45289762815541523,0.19594257360648579,0.81799024654420649,-0.35583088397920348,-0.7552216505581878,-1.154728406674884,-1.2949845115264067,1
-2.3021076253192918,0.58166240766866695,0.47327253415738607,0.64922987392326437,-0.19731235226510357,-0.43344052869645683,-0.20401977946198971,0.9596810246907983,-0.75995571200177858,-2.553573145647253,-0.18531586909646153,-0.081464879674327167,-0.21261302121740533,-0.48820034057185685,-0.84824132055112067,-0.8986933946451936,-0.92383880896758963,-0.67830440351045074,-0.21293669169894724,1.164043397066211,1
-0.066712124573767406,-0.11214571255425947,-0.59364183601163001,-0.24550350140316141,0.57225765207493084,0.61934494762733394,-0.69869468304615712,-0.91526779124270308,0.40893701233918373,-1.554718244730702,-1.8028798970773598,0.13870955970397189,0.44157169957731568,-0.70938116900186421,0.55088440162555252,-0.54502279511063045,-1.079022397125323,1.3127491875624273,-0.83699422121520373,-0.49911772767370072,1
-0.91460609177091801,-0.95617829365938167,-0.027098212884417605,1.0366603594331938,-0.52825897922231801,0.35020044076639811,0.52208138587301245,-0.34628434829434046,1.2982691465541183,0.067637849174707748,1.1841790596214588,1.0889878609018908,0.25037966521422478,-0.21969224885515409,1.4814835900507004,-0.58018150275720792,-0.58413873869208088,-0.16622412196186634,-0.71166797240609925,0.39319166529172073,0
0.97033584838261921,1.1879036095341471,-0.85378104468969684,3.2703846620195529,-0.9930610733003733,0.78768802588317388,-0.78095714129048965,-1.1951812300782614,-0.0010407662960743008,0.21777042732164956,-3.31363447587227,1.8295790952572448,1.8382802604909061,-0.27210339640030023,-0.38240972487745734,-0.40314745095532695,-0.5746549528838496,-0.72575115876504581,1.141941734858658,0.099125144344775276,0
-1.020520012741374,-0.70702024572585431,-0.5699880199693117,0.96218331377143473,-0.48967189511497694,-0.044266752093928392,-0.23160243797094526,0.27634313133078175,-0.99588160893185274,-0.50222598755518655,-0.95306809547820726,0.32883028996428559,0.5607132105933611,-0.20174903812027026,-0.24469484608270631,0.51107778926135605,-1.1619888199341011,-0.22446962269245846,0.18193353491341221,-0.36361117653119274,1
2.4546690594615344,-0.36645964394261393,0.51917356457040764,0.80949937756917834,-1.4464525188870205,-0.1738030119634234,-0.088037152834496119,0.89787461402061031,0.044950474076912987,1.2849193601043976,1.4226082933872164,-0.403367443529633,0.62175824726053208,0.38277049152493359,-1.3247280786577147,-0.66105864398816738,-1.0797044849516364,2.6800662489918481,0.28316080994143594,-1.7234490384283705,32
0.63720129960938188,-2.8131714189755064,0.9446620108973367,0.14519469441359817,-0.82251713845564767,1.3182648326561239,-1.0038862908125392,-0.10837660638884543,-2.5085719217649118,-1.7767107787203893,0.65945166757925555,0.6449384447629487,-0.73396017841353201,-0.11484668261881581,-0.93842571335836167,-0.29658125777438532,0.49669465702990001,-1.1872010600977831,0.0034634158823028663,0.84402196016484454,150
1.0069246639401266,-0.35735366679367048,0.68145217504770772,-0.29460044253954482,-0.29991041122803269,0.45318983369553806,-0.7220416811501299,-1.1841539572310882,1.4643857242134715,-0.81743105539213012,1.475991878670794,1.4191923589882356,-1.5661608210535622,-1.7731565360890793,0.99521843956144385,0.85348325800795166,-0.39668017173810072,-2.3129984283233402,-2.2714671764140895,-0.078989669316897534,8
-0.1589314082890248,0.64247765646530708,2.0401818526086908,1.1359321517091068,-1.5013212883317129,-1.2160019553022745,-3.1348352944228655,-0.28517544535498202,1.1577704704721323,-0.18451698890268586,-0.098373729781051467,1.6220087007887911,0.19877097373014649,-1.1614657834140563,0.63415179419451706,0.17140007193307985,-1.5426450699223822,0.53974393941191257,-1.0052950505892002,0.60257823222541318,23
1.3712405274409911,0.24243138886954788,-1.2821951360448707,0.30679963747827893,-1.7616291151756427,-0.0044190633016410706,1.4318647399301101,0.22486687419746806,1.4989242235282256,-0.82855869228384549,-0.95819541861676527,0.59361580708140982,-1.5323851190790023,1.6309404611971392,-1.1130978714452837,0.65213645571225287,0.23450127802686352,0.12050643354015053,-0.28464058432040212,1.6518346746073247,1
-0.94645908413653257,-0.20082438518884066,-1.251013594649472,0.30731622680515991,-0.22124824354586561,-1.0439711036254098,-1.3062584204156689,1.0208372990451224,1.8344487209560267,0.92425793592149963,0.24637409111305983,0.74503360160733001,0.0075062336603585744,1.0961610080948327,-0.53802186281749953,-0.093657101392210729,-0.31677878253462366,-0.39047149751624949,-1.0525098000731345,0.82294234367302344,0
1.3181531325015841,-1.0196021253480636,1.7997208374151612,1.1363284455801128,0.29400971556805267,0.27747628229812643,-0.31122247785185181,1.4760724553160272,1.0777543656739883,0.21894559449131279,1.0576488126230525,2.2900899161680188,-0.1707914519661736,0.03486291209052475,-0.54156549385353581,-0.64302509106263406,-0.25031123988650861,0.49619201363936954,1.4273296027933378,0.51032028755140024,105
-0.72680968705918036,0.50416068605837328,0.45126504903894965,-0.57912077329130951,-2.2897851296762846,-1.2516201133495688,0.023411260056705796,0.34025870371584777,-0.53890706041272085,0.92360252689365463,-0.96693056359759599,-0.082033058815457346,-0.16422918352848265,-1.069916686202188,0.8802999701684151,1.0859998998185272,0.49052689675925448,0.36855713002629747,0.37553434940409669,-1.0437230781302014,2
0.28928430789486137,-0.48328630696430586,0.89719317915633034,0.43215476059473512,-0.89505340802872635,1.2110411842939834,0.9495344053181074,-0.18994232776301426,-1.0635713968733203,-0.26111457672050503,0.9241161402063035,0.9283754021616174,-0.40130527830595641,-1.5909524455452138,1.2954057741319915,-0.10602599301083548,1.1865576743070367,0.046515116895865939,0.047373410636925732,-0.24633273383213924,12
-0.17635143203651718,1.3128187425465192,-1.7751269994501595,-0.35663549408735734,1.351745155260766,-1.0586714377063291,1.9593675454841659,-3.5341429425186135,0.95704276135547361,-1.8277043589377384,-0.52721699539331823,0.97073665716172475,2.2462358958611461,0.0021421032105115884,-0.63821749252279703,-0.67865109370233723,0.027043091965350104,-0.27994440086667521,-1.5537957923942165,-2.2869512615908278,0
-0.33627111380277125,0.35300104569059626,2.9393100120462945,-0.64770446667896386,-0.36399200970739892,-0.66807715042576343,-0.74931852846770697,0.12877570279143272,0.73882115953908511,0.3256053896714361,-1.1581217148940299,0.19279431471152261,-2.9188375710062613,-0.37260271255014188,-0.36495157041737475,-0.59258620576414411,-0.46425965342887504,-1.2243662385825183,0.23091466674212274,0.53621604846458759,56
0.46036170113690317,-1.2751896434301515,2.0504984801189168,-1.0362366729038679,-0.50712382850778437,-0.80547883322178837,0.20418239123377474,1.407466590411774,-1.9694392455029159,1.532811210862832,0.83860587283316412,-1.2148544879063075,2.5316510489299984,0.57628334554539995,1.7455031384086117,1.8195379293236611,0.68859899530719637,-0.96614048743281411,1.1165360732831933,-0.95064850397021383,99
0.5607542212918587,0.58026746823489894,-0.19892683931042243,0.51019683210800981,-2.6891477458005304,-2.1012959187548996,-0.36982488585337026,1.0078233310245193,0.078940629690495825,1.5312298501955126,0.70307814329577578,-0.44266629518518558,1.234604595080661,-0.40947749321083837,2.2186058909403101,0.051787865170499964,0.92277137503279671,0.29188827958521918,-0.67128894725101829,0.43495273274691282,1
0.39890544005990369,1.0038289871868333,1.3358754074139205,0.23888099420984449,0.90787181640059289,3.2933105163868284,0.28367689890276832,-0.87683959333099959,-0.3641499197689323,0.8300279016162776,-0.33363000824650862,-0.83689374267758843,0.73740888988584163,1.3372667137593577,0.19714945314387655,2.1553483962302575,-0.91922591130389897,-0.22975324120872823,-0.77797108502507151,-1.0553034520697384,6
0.91618318749932759,-0.74851055309815384,-1.2458695583709454,0.50628326100654975,0.94838555941380531,-0.59098126187628242,0.52867235585330241,0.31863855380231348,-0.25986459185991312,1.1649697277221269,-0.75702501774808073,0.66882003750744234,-0.64458882509893622,0.93068635681020806,0.46617538157074578,0.55690126625798553,-0.80095231395458011,-1.1697907807239087,0.8808199690261298,1.5677931983502296,0
-1.4804771694163612,-1.0194956032171263,-1.7833673487164767,-1.1567845312939324,-1.1956537230868161,-0.94759548836398111,-1.0531478391533859,0.84236375613204972,0.67242901133775335,-1.9595255981134483,-0.87641285111058431,0.1775668076364349,0.53241085147813594,0.62215477855696766,1.4064826552323109,0.2900698982312126,-0.24322012211761604,-0.61427309876049685,-0.83182221898434117,-0.65305076530159178,0
-0.035834122173946624,1.2820664570887847,-0.86121873826627615,-1.24070173139266,0.14407026934034789,-0.42470726140734971,0.21600870423859506,-0.3649792878692405,2.2481456707850254,-0.0044368818009053526,-0.093711185276389275,-0.40130517305851798,1.4712982122353644,0.11746825192327755,0.4594239328751813,1.5422597362611146,-0.4607568915932182,-0.62220733144238716,0.44319135570979706,0.20363799227032692,0
0.056078438959434228,0.2875185157091979,0.071602438423275946,-0.050806128890422471,0.66468131631173921,-0.4238586673715169,-1.8667012238182146,1.6673379500986591,1.139205851842028,-0.19192728920850252,-0.13885874914127111,0.031782905502476429,0.099329780663117206,-0.12818527163516327,-0.67748698559701814,-0.74516434310605673,2.439005353812099,-0.57131016181345717,0.61195806237353778,-0.66022062608818366,2
-0.37716677651304642,0.802597945751515,-2.1322389330379186,-0.50902287668878499,2.4055621886543528,0.43864452988372915,-0.26369456539005043,1.632637469021212,0.96371252342663261,-0.63993082574075588,1.8620605702469952,-0.350855048842735,1.3025206846454978,-0.055833854132421638,-0.64070199692560004,0.52914967485969289,-1.2331819476541803,-0.71314452831631781,0.31209416843377197,-0.36220357320224289,0
1.5224278695381994,-2.3710581623922136,0.69007559810686847,-0.12965141864147947,0.40996387015786018,-2.4191030580313679,0.673024963016711,-0.22669423685934501,0.8099922907601167,0.20961873166849149,1.2193102627556156,-1.1415862941696979,0.48804303429960511,0.22712558253842199,-0.86659766195076271,-1.9940864893458998,-0.28020551998845739,0.3282984956291552,0.68868749233552173,0.50478987626053129,51
-1.7964708161888145,0.56882252393545496,-1.0864729642095281,0.42326097260605999,-0.49947079126950372,-0.29129985479733939,-0.98978815050577429,-0.49791843750532622,-0.62348310008050878,0.85144207394715021,0.90059615162108442,0.607704476582276,-1.1840585884559762,-0.72372614609258767,0.66908795601344695,1.2173230021579098,0.4890921850099092,-0.45065814355476791,0.30327525940565575,-0.36615058360311031,0
-0.34916096891088994,0.30713234049653698,0.87336169946211362,-1.2013711766768955,1.5183825864998433,-0.026325893009673328,-0.063768260267040494,-1.6587545154503198,-0.45408970116142788,0.44002578939922155,1.0784288594827736,-0.16004007335288623,-0.89832148377190968,-1.7650773728139308,-1.699458143435107,0.053499716403505093,-1.2668417887301502,1.2730461208622075,-0.45381169746668126,0.34017280595205024,2
0.76152491685795665,0.58733527710075517,-1.0376944073419601,-0.94865368117151971,-0.20539015086574428,0.66585041207724505,-0.28409968274020458,0.59827843667816216,1.2963098739893022,-0.46186492923375377,1.5053213774877983,0.066628604844737607,0.44964146713686126,0.34517381573753325,-1.3559324378359776,-1.2194321478498598,-0.41439212213284121,0.67254839150564572,0.27088443546460805,1.0397935095912969,0
1.0061329929450429,1.454624748943101,0.67923725023514525,-0.67304076691571924,0.12861132279788018,0.22612575284711248,1.1332501197524474,0.79204985603191302,1.4427214449644117,-0.17371589814074234,1.6373241012523312,-0.96474513131327644,-0.52947955982093897,2.0060589267354683,-0.27224280716270355,-0.99138925403677702,0.0314311555547509,-1.0530339524345218,-0.51811955687493427,-0.85013431825737218,0
0.67162971574825669,-0.5401267056681609,0.42936473776359707,1.5933102520113838,0.044873957076672077,-0.39032458898776395,2.0456539886820622,-0.64653012768676554,1.0561143143006297,1.8248828758569309,-0.1127866521665026,-0.85657523479621722,-1.5773577968642727,-1.0738449569018771,0.95218850659818532,0.63107960228736915,-0.31146651588529567,-0.97168526964746549,-1.1728930066153376,-0.26730323247086807,6
-1.0672313586282427,-0.16183736163261991,0.67954906119811287,3.0876996099466982,-1.760171988096783,1.9889311646539847,0.26512264715506273,-0.56969846985807904,1.3178448445462128,1.5909241185664165,-0.08392163684329447,-0.7435807423231483,1.9241540166124966,1.2948752917441393,1.5699998575969809,-0.44659251999478167,-0.92365575635406905,1.1680461480270141,-0.19040941952888632,-1.9555888726210706,6
0.7670087252148664,-0.28968771937442406,-0.65854646397604755,0.23066804931609636,-0.9141113126301621,0.45354125393480016,-1.6665809071033406,-0.02032647103551723,-0.16610917651059748,0.21917280874327189,-0.64885533095027081,0.43644608324449929,-0.90498875249774657,-0.40249847547249923,0.56087625150171239,0.78397560468310645,0.11670354242132425,-0.099369833337824592,0.7057420125904138,-0.086324303849749651,1
1.0339636227366393,0.034911622105302874,1.6522894378357773,-0.20032993454317691,0.52923844638284367,-0.075348086862924116,1.4322788006367833,-1.099527313145183,0.063711346844219141,-0.10222366969631755,-0.51875966815907071,-1.9122834367958528,-0.40951525885906648,-1.1397713842668835,-0.54382016260297861,1.4005646262980609,0.28919961412251288,1.2505338668260098,-0.93119042191067025,-2.5105145576712538,14
0.66918399884514679,0.045761661534223501,1.5861508385641652,0.10849638648227755,-0.87230534046606101,0.51530629749002999,0.67629878918257624,0.15486113888995282,1.0825936915149683,-0.79693925226558526,-1.3248504574833286,-0.7186777840737566,1.5242456690541879,0.18301724777762934,-0.5145926593850636,0.69886552591579887,-0.32956987079476224,0.073003069839128742,-0.56206997059122565,0.072967883509587397,24
0.91086407398014047,0.86572427680537767,-0.74979256365043079,-0.20352806027682349,0.64726053676311901,0.24095430292031239,-0.31823031959711151,-0.267055690116689,0.034337166412725981,0.13665026723966961,-0.48670709107186721,-0.82479105644555795,-0.12229136497277317,1.5766490176181098,-2.4805632078561395,-2.3897538574109976,-0.63847665135190579,-0.94089712640817214,0.4911352460039623,-0.8690563346571758,1
-0.22348188206026459,0.99491092045106411,-0.33469838542419955,-0.29753023283030572,0.5254715904343501,-0.35575633271635776,0.95258442836411017,-0.29671270649452924,0.21267129082576319,0.63530061106249081,-0.015881318813130218,0.26169850633008657,1.5332522486867175,0.98521320323959904,0.83370691767830307,0.4734427538495648,-0.55134657583202074,0.29571302426191376,0.348765456178322,-0.2796140664113666,0
0.8445814303606628,-0.48056649622018816,-0.19875735974046224,-0.89889393068472367,-1.3154256684658907,-1.1616380517646885,0.4035530383854522,1.3735811319349602,-1.0459528703961332,-1.295718256850209,1.2342184936455511,0.714392673065123,1.770941405820587,-0.91326197401560538,0.28738125635908834,0.10427406103185205,0.92642510321320115,-0.60454292010069999,-1.0008204561092535,0.46615039480534592,3
0.090700240932766463,0.02923136514003476,-1.4835799152314804,-0.43808846138272556,-0.38595582213535723,1.1163721378951732,-0.58720623769398606,1.3064539884417947,-1.3357968638742292,0.51622589234740168,-1.9036153114830647,0.36516602503053308,-0.22172767820216044,2.1509556239541645,-0.78112391117607904,-0.18144131274559561,1.084267846684847,-0.66507124014261187,-0.11466845031301209,-1.3050206119169772,0
0.73571758055133785,-0.87653230687363959,0.67172974296136945,1.0976910861855684,-0.17791586678213242,-0.036343661762410433,2.5492241820407826,0.076764342350563453,-0.087995382838578676,1.8183571313715643,-0.12145058569523079,0.23363154177114881,0.61270002380519306,1.4437327411130922,-1.3173481511518983,1.3939203106930775,0.27816780253597911,1.0478939826007492,0.55782195454237271,-0.24491619773851023,25
0.74352071388623397,1.6613416301154773,-0.36838730817148757,0.23855793352426616,-0.1707965818690991,1.4659220362384049,-1.1954528138242919,-1.4036711473682155,0.4381174368243077,1.1152683226393936,1.4043381269409874,-1.2965778255002527,-0.46582215866881121,-0.40605806376939974,-2.7891825382251083,2.0332602951490131,1.1816504567666539,-1.6950626363667614,0.20694575859000586,1.0380146306425524,1
-1.7597932657233715,-1.1742796382626766,0.16274358927571395,0.11420147718917806,0.088288136251362934,-0.018935672339802263,-0.81663019034318562,0.13253664101886795,-0.36857674697488835,-1.2575467614487845,-0.06050957651046731,-0.46788653274322178,0.98202952604430727,0.99243224885345183,0.21046717718069161,-0.72437993294194702,1.0811046117990739,-0.50700072660990014,0.55066225736787067,1.1893324340853713,2
0.33465070845282041,0.77324774234951954,0.52327626396518412,1.5169537780977524,0.13897431975358884,0.62334875326597938,-1.3002968734309279,-0.13706936820642646,-0.30280503056616342,-1.7686923292727064,-1.7819322024192421,-0.32749148259355487,-0.20217960404450461,-0.83311357380722206,1.8165174671663009,0.98919948287973269,1.8012098918138759,0.20165562509519275,-0.84186190391551974,1.212223223731828,4
-0.34200554533026306,0.71607515831191515,-0.090564249831742466,-0.92498777116098396,-1.1761645118762802,-0.15939623901640915,0.38619438282224344,1.5583355480856373,-0.18538886839371688,-0.81461565278007875,-0.33685795413167074,-0.5462763352418093,-1.9493298685851459,-0.63680659081664226,-0.74297051136992232,0.14978172875811044,0.13109417047765506,-0.77213816194080731,-0.71727939774159022,0.64605880841355923,1
0.79585869339697557,1.9398938914544546,-0.60473275247591074,-0.73707371941234989,-0.046002648686329084,-1.5155740204973254,-2.4799463592049769,1.9196333005446207,-0.15207255199229244,-1.0196395090220025,-1.6696806476404547,0.45755679995528209,1.7379686361989637,0.4056904105928168,0.29109010400630964,-1.0202000107497056,-0.31831819879538525,1.1393573908052637,-0.4839205042720065,0.45803742484479515,0
-0.044945636442055771,0.75344322620858484,0.81747452555266642,0.53387656188581889,-0.24284369438830583,-0.32061253708471926,0.15320547321378189,1.9131216345789801,-0.1369884237984039,-0.29644567284537587,0.40793034320420957,-0.96076359259778465,1.0355061034384723,-1.1429889390268488,0.093797015198780379,-0.36277458916459165,2.031005388939394,1.5183925129465403,0.57840018870847276,1.3102429637089805,2
-0.5114019925948502,-0.79812482139617669,0.53416302290371731,1.2890242163739252,-1.233378705496921,0.29998188850573243,-0.77999510612188017,0.29167337765925133,1.3163350569241765,0.28986967347628223,0.014902694928967297,0.80948285049622914,-0.41142879585175124,-0.59810957675272536,0.55168384553799776,0.35562134827987496,-0.75503292366219099,1.7587213681338172,-0.50851464039691197,-0.83328562361390401,14
0.54242914790606445,-1.0132560175630279,0.033254847631128202,-0.59658739773741021,-3.2788247309997351,0.46530168704829761,-0.88056023775409631,-0.52337458407255544,-0.62207453140316415,0.10574656387635629,-0.10606543184187352,0.64970475356334978,1.0856788051972739,-0.71913809701472675,1.2517211208533525,0.62417750150194584,-1.3643439826478105,-0.34970704315261819,-1.20786381378438,1.532924842329334,12
0.8668783432699303,1.6909429481647631,-0.56424347872066261,-0.58756467708880145,1.9389712006388702,0.96101391096265676,-0.23508377646841461,-0.85714461244020501,0.4246500480650639,0.5641479035006306,0.13340357526122079,-0.8360535381268096,-0.1278557969809731,-2.4600956793010722,0.76889249572294727,0.67030451095277865,-0.39532239142065767,-1.4848184184473703,0.86430296697808717,0.22636161800703358,0
1.0908891604925237,0.40317612562412597,-0.20744248892579417,0.31299568786617815,1.3766550579859471,0.61411087016454036,-0.84240522234756376,-1.1058341965292977,-0.80499327892307448,1.2531285614111951,0.14294242853862424,-0.080526665791573318,-1.2078877625826705,1.6292417630479306,0.75291494831980821,-0.94682119157773992,0.37438392171062906,-0.56348963742903957,-0.67262816070770748,-0.88061873345499275,0
1.5706369729399927,-1.2675923592046092,1.4377416784528454,-1.3369630854163745,-0.4198272827341738,-0.70203541646448298,0.71636666699913398,0.95715527148499013,0.71784025439096766,0.67476222762533755,0.57950819953781607,1.5125806129271788,-0.73720370791929057,-1.3232713596953856,0.45042710299942906,1.7794139529292088,-1.8538073038417748,-0.53610846639948162,0.034395303610136839,0.43668810494616134,89
1.0552428235947391,0.97425901065915166,-1.4651895160362729,-0.45712403790712525,-1.6182874801799514,1.5458896079725108,0.32864465683399929,-1.542039189574236,0.80758895903081329,-0.24155643502576962,-1.3919328085721352,-0.90741403092531825,0.21133052575686051,0.45220387367074266,0.20292003289080432,2.2808071000290484,0.26312592474992896,1.7672173931119934,1.7170611599976455,-0.74487798999153787,0
0.31194805526487984,0.36188328661756491,1.1124796954555716,-0.29831185701936697,-0.60438694875739563,-0.043740203824178314,1.3702390363831989,1.5806185828588848,1.388451357654704,-1.7142520605779774,0.015654157044177379,0.38294147867634892,-0.042633954357743836,1.693476579515687,-0.18701766365542608,0.79763781001804213,1.9285410718217098,1.0165748702707273,-0.46016097002982614,0.38559518722616537,7
-0.043845509677260593,-0.06927384057249579,0.39944496566858373,-0.26739412527247425,-0.68944825065358906,1.0687291543450943,-0.46611348770383532,-0.30382784235659976,0.17706755371177663,1.9598891295151097,-1.2974072419129412,-0.50141614637966436,-0.56133370742025201,-1.7637421463020817,-0.045730471690985548,-0.44398463495401869,1.9649668174357893,-0.95733631533349162,-0.19583046352121025,-0.42413332211490473,3
-0.2444524962804715,0.53205860444245678,1.1652518827469673,-1.3319805923912353,0.43365304423223394,-0.78883296725386032,0.58570163977007306,-1.7981941944946527,0.29901151800229786,-0.27007634979104966,0.18933403812791133,0.64486061694110763,0.58912251984033737,0.59606608822895268,-1.0252782480130749,1.0014275410108049,0.72071831567757072,-0.52949716945988701,0.13245542040826294,1.4451991344534254,4
-0.081924780083053692,-0.030143727624516309,-0.59699716571142691,-2.3956356941119168,0.14676002783651901,0.18445681478729514,-1.3491469021467,1.2205084790964997,3.3459926218425604,-0.36721105919509012,-1.2142471040438991,-0.09779175412797507,2.0622309811445674,1.0391460141542217,-0.79685920742599425,-0.48320206307833691,-0.8077529634943833,-1.4214801559275978,1.3923056665019653,-2.1940155713189529,0
-0.71659762872068911,-0.35198966104832335,0.53403810226123127,0.41804691159767987,-1.3766685218638157,-0.25837482548237328,1.8768775433016756,0.25955940955549128,0.46639961246986905,1.4472026476779001,1.5182845482903395,0.72794150707288041,0.52838143304315988,-0.9827181238750381,-0.99082978622937767,-1.1038643245106452,-2.4369044733144904,0.99254261034679048,-1.4669473748061037,-0.77918544683912438,4
-1.8594862240841668,1.3733888280449145,-0.50554433046506198,0.80508829475024557,1.2769064752088508,-1.1127246149444878,0.075104767330030645,0.45846560344883214,0.046956964565183688,0.021176137986213997,-1.768279037967782,0.94476914270304679,2.1632160796165771,-1.4733993967571508,-0.56964880347443891,0.30013747293413207,-0.17202199724630951,0.31495017339882309,-0.12024844751514982,0.22294245944689764,0
0.17259168611845568,-0.59071254741514834,3.185807887998338,-0.76978663707792561,-0.6910773904276849,-1.0169640372649196,2.0064474122538196,-0.061353436702407248,-0.47026577921782287,0.16021662499701647,0.26747156190075838,1.7722941034631807,-0.069615163896603466,-0.403598855543574,0.002661480562019247,-0.43028121217957072,-0.073995574670304057,-1.4554281088561716,1.4579565105874985,-0.5231656261241362,246
-0.13860128245631353,-1.4633044822456143,1.575538103804754,-0.39237424939417226,0.47580117607210765,-0.14558901407209837,0.42938480125057499,-0.42321058207998136,1.6579745327323128,-0.66874408752853698,0.43539443205207207,0.56546349899482684,-0.61110417390880112,0.40864265996793386,0.59474853497182933,0.14585821939370316,1.2524302453253715,1.0108059057360645,0.39146827983188426,-2.7360954175409478,40
-2.1835384155546427,0.33971969737159036,0.30509055746813007,-1.3103637192153976,2.5614670961487782,-0.5659901684800881,0.98853764393210009,-0.010071293826966419,0.38236553479718499,-0.60840462336854395,-1.5978212943173671,-0.89067198870078335,-0.2879769377628984,-0.36871243071548709,0.12254112942665572,0.046639149501999357,1.0253537396337082,-1.8370852944867058,-1.528551231592836,1.0842472381381159,1
0.066921134751944125,1.7985211292708627,0.88630982281775195,-1.7933761322893156,0.74705289450901902,1.0470367885250405,-0.44594964174099205,-0.0049603992973839038,1.5377006919381673,-0.85323888367287881,0.038304662199155674,-1.4145465714025698,0.7538904261431465,1.5918007445204456,-0.018040622911017531,0.1310518727660385,0.40312925749789497,-0.67918895837464288,-0.71000238073973632,1.417541609250051,0
0.73441333294292732,0.51975009251763005,0.43458720494110187,2.1083544953715072,0.97173611186096009,-0.95109508943982446,-0.38475396608569901,-0.39759374432408612,-0.85742477983643783,1.0414680647827563,0.85475345454110951,-0.93662859410680144,-2.1199115845980434,0.36543983249811712,0.59954673783076018,0.93369993703787924,0.89220370847727593,0.39795639221776385,-2.0435316424798975,-0.84766023793833456,1
-1.1449137343009019,0.54519157170664745,-0.84814004022690948,0.61640855689483731,-0.56549216102128519,-0.85261497945024545,0.10047975477311491,-0.011211565076727228,0.5324173473741316,-0.03904316681867244,-0.20316071433203145,-0.94426209081133128,-1.5082086361834672,1.3058745792055222,-0.67840874859660116,-0.94149789998679989,-0.58770602895922452,-0.93342294281486271,-0.98667869730239799,0.50084856433992742,0
-0.12430054909218695,0.85923380197071486,0.61484663398978401,-0.050170048951254667,0.64300926668137992,-1.445266890705472,-1.1703469613617328,1.1827261672592213,-0.75096869076002726,-1.5609354104648199,-0.43622849285355819,0.56070033792632024,-0.15466894629963324,-0.016848235776354369,0.062991811613338791,-0.37464277004936791,0.98474068734817355,-1.0543584091257217,0.56646055572655929,0.2319020185127304,2
0.86455617238348026,0.77391763279644277,1.0509121405443149,1.251815116722389,0.11560445715552439,1.5262177722111763,0.044000915996164389,-0.40541296525809445,0.67224314536591734,0.34910339998307038,0.59594814083608016,-0.11231338628999712,-0.60619528726367622,1.9216441690801966,-0.41783120889874814,0.46405050117800767,0.22191213492920317,-1.4811665882227742,-0.3783501864342439,0.78974459140406394,7
-1.5962931976380386,0.52456182418779407,-0.33176350216366191,-0.77064804779907869,-1.6648722805187222,-0.13403763423887341,-1.0317654913763152,0.74219800425404425,-1.9523888449225419,-1.1123260940763089,0.13252786357796911,0.61615622146864935,0.62076344298578856,-0.89417561190958117,2.8789701566450128,1.9325561451145454,0.79213211933176586,1.3833825230952328,-1.3556192653511954,-1.4618274382768912,0
0.13152393365707513,1.0716501039732824,0.82088957696021203,-0.20121098448455238,0.1344643306610544,0.9123066340935656,0.51950582473011409,0.55088366016356405,1.3127700813969734,-0.90280695253538468,1.729922989656659,-0.51686018943044487,0.73514308787158322,1.1377549800973212,-0.13735910149911601,-1.3247130409481322,0.54584331136903586,-0.79258283557782394,0.47841515939276463,0.20862619713120192,2
-0.67170475060872314,0.90356195109825865,-0.9251671789744047,-1.3423367769439052,-0.63418148818124431,0.10723958147086431,-0.49008345698621208,0.51598218071793567,0.24386719296412634,0.9468244439968011,1.504459204195925,-1.2683484892698114,1.66709115992948,0.24884217558903748,-0.80694686159105666,0.20890529361740046,0.53316195059193516,-1.3129443764973674,-1.3448856448790496,0.29985090727656383,0
-0.19310769110051412,-1.6965655769097532,-0.44474183020984587,0.67700107112341423,-0.47153182005570848,-0.058616757803682057,-0.088566537223887951,-0.2514191521951441,-0.16486102292083696,-1.6408093365942835,0.37792830170148484,-0.48084180993338749,-1.0988543232258878,0.088420634519531832,-1.0572545733906027,1.1996833315197915,-0.026081046792438885,-0.3565666774969552,-0.57538684902865833,1.17711308293508,8
0.52836425943633625,0.74679671264289993,-0.20997459446762246,0.2214218000174745,0.98157754782570661,-0.24981743805915935,-1.2747591809648753,-0.56802364519091497,0.55856304086934061,0.65095938054943414,-1.0570883330759693,1.0836304899696756,-1.3999675598433268,2.2557586573063548,-0.24833425464788114,0.78175775785335389,0.8314284520412033,0.85354150493346392,1.0215161817675249,0.10889129594772477,0
-0.004928849776663565,-0.68830152111191989,-1.8373404451161963,1.1765588624538232,-0.8967880334433852,0.0018024397856845661,1.5688912294412556,0.0050756327171563682,-0.1511847244007018,-0.14922730034004514,-0.6948518262726987,0.99515924547570722,-0.009414644853793579,0.13812664447811546,0.9841627246379776,0.21337957693353204,-1.9079918385847718,-1.3456926619011289,0.16303578849529016,-0.41017494085745643,0
-1.510811796320352,-0.85149683280449884,0.28310179917094663,-0.0051603882997976556,1.2690730211712331,0.15790113520966081,1.2525479923975142,0.033677967338469672,-1.2104916398350913,0.29056068815232489,-1.7420350108449516,-0.11466770032013852,0.23702027174666943,0.87401946344134607,0.86247132933796666,-0.79160426614677826,-0.15726360282437316,0.72779216075738928,-0.73337580165245719,-0.33605172619542684,0
0.12400623093711637,0.41365487684724117,-1.3159698760627689,1.7151614026820594,-0.76443545232776666,-0.60764944702846468,1.29953519967943,-1.938391832532862,-0.72767716984569097,1.1127824960629529,0.17961179228157256,0.53961187934752852,0.86716812891615591,0.4577789035413849,0.74918930101141934,-1.060291169056238,-1.9765698689949196,-1.1645791876310425,-1.342883935238854,-0.23641374612076818,0
0.62421172492180288,1.3110140352261894,-1.1458751117160209,1.3506988624422329,-1.3951493792838667,1.498994619386798,1.0093249921538943,-1.7403815060978598,1.1160372285904816,-0.094597468052815964,-1.3389052979942737,-0.11492813275003834,0.68554734380040239,-0.032464500967977733,0.45006445611387141,0.56693010185841619,2.0000870885018642,-0.55638496425370465,1.683097411652327,-0.13212456498188685,0
-0.13189279336515458,0.93466392805397502,-1.6902692324270063,1.1764274894107261,0.47475816973062479,-1.7425746381991434,-0.94914393964241062,-0.14331547262909411,-1.3438068028071597,-0.050205601868300614,-1.5846855287499404,1.2001897175560603,0.8606659891109012,1.9947914172224614,-0.45928403801248924,1.5523626329309932,0.51968259767614211,-0.12931551201858618,0.090144509788827099,-1.3479094056277758,0
-0.29021069432047886,1.2445067487651109,1.8761700350170694,0.69566604572080326,0.38852990704556101,-0.46520288028617179,0.17457706938644371,-2.2962732890937305,0.84926052183094725,1.0910055800937835,0.49181129671614565,1.0263653392383856,0.30324005382448438,-0.88219878049684797,0.33805098559735325,0.17135859394942024,1.1323338481561371,-0.44848646839866435,1.4343446561896338,-0.53055589698208472,8
-0.08204321263383077,0.63917679340359712,1.4395233466868838,1.1441143386160986,-0.76830469818835478,0.11139266388326517,-0.67039393786364954,0.58184979684732063,-0.01084054308814637,0.37748819779684289,-1.3509671771861116,2.9197388414340901,-0.80296513761723298,0.26591152207852969,0.6293237772583945,-1.6054115229903823,0.56850340436316216,0.41925750821265889,0.64509895864872591,0.56557299626479873,17
0.072425794820917849,-0.76906631830948669,-1.8287527982295604,-0.18878291068066572,-1.2291936871899962,0.82102377290247053,-0.12580276750934985,-0.20971747101302926,0.3731683107068054,-1.2019323400767525,-0.42107056598248022,-1.6906765540704112,-0.26678885261560142,0.46630084082647316,1.2532694350381248,-0.15285496187811051,1.6853112421765744,-1.5336811617936192,-0.74897312160371132,0.90345278384043948,0
-1.5541088707208652,0.97440343151549924,-1.6320919044058986,-0.13726164466289448,0.49929214352612861,-0.89821319561518509,-0.82309610370551656,1.8879182600443214,-0.23831312445837341,-1.1577353747621018,0.26973214479080909,-0.99622198225972736,-0.2127051213487986,1.6117623161007768,-0.12685190404417579,0.3306528458757319,-0.25258042180734569,0.70380574012496666,-1.3254774204472124,0.77245570155858201,1
0.04519419904483455,0.30077856447991308,0.48651566836433902,1.3501775131107365,1.016136962455876,-1.2753135563941862,2.1496161821717941,-0.082382583489595956,0.98296190516278559,-0.89347555378575283,-0.3788370410933975,-1.437941944006587,0.95645040298955575,-0.17315981116483953,-0.12232573578811218,1.4245822331460165,0.3554484575550429,-0.21322975505790073,0.47802899641591007,-0.09303093307649965,0
0.47907891694392918,1.2032927167301544,2.3298820736746531,-1.2640335247265835,0.59237476247000631,-0.14935970285759395,2.3007845435339269,0.18164817825607649,1.065886858686715,-1.1674887376179734,-0.83149258092174161,-0.9161881700094795,0.88046889999159883,-0.67949437825946701,-0.58137903173915917,2.7146254744426908,-0.52063332873258394,-1.2983907541018633,-0.60545587317789029,0.32392031841456065,6
-0.072152938653602103,0.091991116833366193,0.1327407297262081,0.12459960754340003,1.3587122295141594,0.64099104826729336,-1.1239786689424198,-0.72088895793067509,0.78862438584942518,-1.0492449395340289,0.91791896446816879,0.18714575619077145,-0.95070711925449547,-0.23720966937694832,0.37783667331162701,-0.45947250743395079,-1.2087020817665637,-1.9558193857282373,0.47685208057575335,-1.1146329537672193,1
0.46113770470306426,1.6814433726013838,1.0508539020427998,-1.0454312744398702,1.0779016581564567,1.1795972688756364,-0.057720985600536463,0.37324889762159497,1.2634385846470348,0.1496175720247529,0.56753299611651853,-0.30561478744767628,0.53890509960078714,-0.7185729052362313,-0.58899188980419392,0.66043211005711711,-0.70666171411216394,-0.73747325267353447,-0.28194696214661252,-1.3316292516178458,0
-0.6234134266746999,-0.4389431962680343,0.11656129576683714,2.7497170624310794,0.91565675576696559,-0.0064294871036358996,-0.93397906376623352,-0.47996241774704068,0.1929387545372033,-2.1516115822974462,-1.853276311327714,-0.26632747188468675,0.65056539410872216,0.93871991049700931,0.39783665968039283,-1.004636232771515,0.51407811710788764,1.6657748509325001,0.39484709439231669,-1.1669359082084083,3
-0.4279949788721284,-0.33286725997330913,1.7552919342686997,-1.2406331931578671,-0.71562124224583834,0.063673190483704706,-1.1664767653347665,0.3084453974002066,0.80764128825551895,-1.451018714556304,1.2849415917633418,0.95352638220891583,-1.2388313189247391,-1.3976380705052742,-0.77762594397183005,0.11690303372288703,-0.239011316527831,1.6900369302832776,1.1220662366060743,-0.45546415246191224,16
-0.6431360801724133,-0.28057162668824259,-0.9488703178554333,-0.30989003253800601,-0.64113715109594183,0.90599674347090331,0.36524152574323548,0.27104169187019583,-0.23689300140211772,-0.72467257880489222,-0.48920046444290993,1.7669549020127719,1.8480282351438579,0.063417724367131889,-0.38085778022578864,-1.8519817239578678,0.82950565313388847,2.2549020610326651,-0.41558334313170942,-0.09741999338268556,0
-0.14270060580115435,2.431608695617248,0.032641010256737296,0.029365379894382943,1.0807716216085741,0.24738227530091689,-0.076805346236774749,-1.4700283214287215,1.534458152782614,1.6901951849788661,0.2523486182911503,-0.80124092784417433,1.2713630074992284,-0.61672699561943067,-0.83250043460107559,1.2941196360777434,-0.42279145577255456,0.66263111593430768,0.3884970158915218,-1.0713591547176284,0
-1.5162755507415293,0.53477453753444304,-0.40589099101214676,0.95356255720313277,-0.5244330149349169,1.5832226707187349,2.1559692279925655,0.54033134991771781,0.64177522279309807,0.65753106041866094,-0.20698418711674141,-0.64389551418029323,-1.605953461772442,0.65501463160673123,1.8590862072743848,-0.11505391795458701,0.0718305312280169,0.0097705319166468962,0.013997697393604375,3.0486744962325294,0
-1.4187964793069541,0.36712012827897089,0.52882782303725107,-0.38365750528846615,-0.42273189875169948,1.5508474742388807,-0.52830212319618308,-0.99114904910540214,-0.48253127362828008,0.43050188324728522,0.27390221586255331,-0.5645073611302831,-0.46738339776456334,-1.0122964703363007,0.22978205786952297,0.47858499213012418,-0.49999657369779688,0.28911431000966886,0.48947500636370467,-2.3218412899094329,2
-0.3920900876125134,-1.8116790999829628,0.052608418692880313,0.72391042623319868,0.81577956532288243,-0.66743459464095722,1.2875269487963956,-1.681845416326158,-0.64556931041421561,-0.99961050431179099,1.0319003464261862,1.8891579685490736,-2.9104108421289769,-0.73473578582453591,1.2413978843455979,-0.73335239586037249,1.3132375678410007,1.0642059956167569,0.60741500119143854,0.20675316540634817,7
1.6864068750697465,1.6628402017586621,-0.51412502901424539,1.0777691049020386,0.12426460868931268,-0.59560846090348796,-0.45506283063190395,-0.089046868875899549,-0.40068784604299595,0.022714857136367464,-0.73416875604853415,-0.24612207057894392,0.72260388981023749,-0.98228460807099027,0.084205518369134161,-1.1577318375522894,0.91555360497197547,0.6092637183927625,-1.4175964329900357,-1.4742348687847304,1
0.4409891875947613,0.92904965768998249,-0.30805567868615891,0.76861458901537361,-0.90296404950438791,1.2354165021897201,-1.2686753621647844,-0.037285995228160042,-0.51875369367964597,0.38864958803680516,-0.42111973334726494,-0.29905841293996643,0.18502203284845145,0.10028251491546364,0.98039895834562918,-1.2501031165520802,0.49082170291661442,-1.0741050854469816,-0.89499010343341112,1.1963291447408881,0
0.59336333550703457,0.0070157253104173667,0.91702669509096468,0.22718116132119878,-0.030574839116099175,0.88496445987386785,1.8216974989072994,1.3867735224116042,1.3300168647277153,0.56791162110898474,0.85874691971832251,-0.91316946913523089,0.26954258700244282,0.15690413683406604,-0.9753551599914696,0.59184150614783537,-0.17664919875594431,-0.050787977996819181,-1.0743779441113268,0.88079940518863131,5
-0.50591816285230107,0.96893137987746614,-0.52751966570273834,0.06608796736856451,0.28679056315579038,-0.55919970677996034,-0.23068167097564093,0.31113251976209649,-1.250858154171085,0.73344718107347517,2.846644340583063,0.39220764021992266,-0.83310933934707054,-0.16281216612424554,1.1697720244412051,-0.79024801269720524,0.16294436441524277,0.32897853728864335,0.79237937899344335,-1.4375814263866056,0
0.39444592600838807,-0.20790417535444092,-1.5691153406005154,0.61990397843968525,-1.4704296933375334,1.1443145848336231,-1.3248052956233438,-0.95499785376518498,-0.10975052933182754,1.7694977483502714,1.098022965006382,0.44972462786731987,-0.019048712880598392,-0.18381954749706392,-0.051590213236134365,-0.68121258088851278,-0.41236051337818241,0.3629278679270978,-1.467856625261434,-0.69245590859727635,0
-1.1011212034743343,0.7119184866766427,-0.84868468961954513,3.0110643297197908,0.86805037379567918,-0.62551516765163118,0.036538399749249294,-0.98575687800362022,0.60836621298410443,-1.3008704243357689,-0.94135264179876188,-0.41602063897681124,-0.85824497091794893,1.2971219444207716,1.5044676783128317,-2.798956629528762,0.52930017316145117,-0.3499429227705978,-0.33709992918361142,0.31887775032436549,0
-1.2761045582834423,-0.16044494586439176,-0.14735126805628695,1.6557148225213596,-0.59830495802962547,-1.353228303461316,-0.73981520779573773,-0.75783285900062214,0.62840442346560133,0.82285960477700737,0.053595536628249688,0.024518856961721805,1.0023069676625849,1.5037393736200348,1.4159792622196534,-0.38119990554914929,0.024046352385230722,0.89143655790062226,0.22964351257365348,-0.5548545465868443,1
0.55215039182116399,-0.40415420575986655,1.8458405660690689,-0.03717692420365714,-0.83678599424849509,-0.90022794748518142,1.2798550868017835,0.23311561480869877,-1.4348837060206272,1.800082021888664,-0.28390197241953763,1.7095194245706766,-0.87340314482515846,-0.35702054450520782,-1.3690073623479262,-2.2331542462132541,0.54538085610456422,0.78568233009083144,0.11687010471808339,0.073741599369959263,39
1.6048833016233361,-0.65930935163073234,-0.088684096884288466,-0.20423638101846781,-0.513971294394998,-0.56403663205397903,1.1826399708188491,1.6276387827029217,2.0353612523418816,0.14794172485144441,-0.11801075764749337,-1.1898750101218749,-0.21978833571026171,0.78903270215208265,0.19143592552699973,-1.0833008333167906,0.96782510757720641,-1.5468441998807745,1.1811635830470528,-0.51344848228067297,5
1.4793436445688246,0.51209324644153997,0.53209551645784425,0.31985820713164698,1.3280344488254139,-0.32993764752551374,-0.011993224746035168,0.1583807990170483,0.0035556206482764718,0.12261253685962729,0.56577724993765799,2.0354874499928757,-2.1803795450112098,0.18638921005327361,-1.5088668041700126,1.1871727022095806,0.68742835722559836,-0.85836426891821194,0.79636385104268326,0.42549578998649262,4
-0.49997860009128181,-0.48406196812048236,-0.59878112530064709,0.0031759752225014905,-0.41812674308870046,0.18627654104778682,0.21513349699990825,0.3155938902199531,1.6019764332683,1.1093215862254611,-0.98062521662827695,0.64565614545033323,-0.040511550663303662,-0.58778537098452199,0.15224587049635765,0.71634803957828863,0.68228144248536904,-0.41931173421654128,-1.0907645558135748,1.2536495338497837,0
-2.306526337794788,2.0072470837065519,-0.52335726408570238,0.36282531540395052,2.4295511812073189,-2.0426870985515704,0.56629121427492402,-1.3828408630096813,0.34341480531458285,-0.011734647162115768,-0.38566960472041445,0.87042683580119817,0.50557723588590076,-0.41270214838478314,-0.67499391274245413,1.4346727621027802,-0.28847625602733573,-0.12586829243360353,-1.2713174485693568,-1.4599726665327375,0
1.0682064853285549,-0.11933402505256765,1.3103150172958873,0.77376574612060445,-0.36012833566433078,-0.27396464880746979,-0.78109963535925575,0.52077045184742865,-1.5749874152326213,-0.58454826707341301,0.6294140297209222,0.84859709565627039,0.3340905578149384,0.79255535402064525,0.7936046617472966,-0.93807458936353361,-0.049765879514623218,-0.30019311992140019,-0.51567942579388748,1.4086642816535557,24
0.85325200635384579,0.35366672410293792,0.97246520761646993,-1.5881715035256867,0.7679771809519057,0.22699846246775957,-0.21156646998316467,1.318780703734755,2.3099559115265036,0.48722381111371527,0.022596755801158941,-0.63682118296101131,-0.02734152936531677,-0.72286323631105087,-1.0918271806444511,-0.12559258463141421,1.2284839168116073,0.41487689338625816,-0.63603376188152783,-0.57650779786142092,4
1.9522265779379551,-0.11705110800833417,0.95713481502565712,2.057868286853954,1.2508706423475424,-1.967995720249933,0.0098458597407899643,-0.27011034179573695,0.0038607842938294711,0.97391736886831881,-0.66593612678289349,0.90793977935826187,0.95947143808757052,-0.57895370995423956,0.73719029287996529,0.69216270497547394,1.937151710090439,-0.15868696743422234,2.3022344112040902,0.18625002279416536,14
-2.4851988126287563,-0.65880463957503921,-1.1306414023697391,-2.0988260599873931,0.87711830749455078,0.97597789664045964,-0.8904057005497823,0.2977228749543307,-0.08486143153212776,0.10915166547406566,1.1488972416011551,-0.060745029155386751,2.2069925589629902,1.0097394798661714,0.13624400109649695,2.0086152702431059,0.28687875624064174,1.2383831628743722,-1.6988898681757907,0.92844434473547199,0
0.30972281158420223,-0.59957267709265949,-0.050273470537716122,0.63368113969470574,-1.7154502573692436,1.370909910621676,0.19804123261942427,-0.00050051667657344853,-1.152672139813617,0.5509630265870441,-2.1113451931136482,-0.71034542179857529,-0.18507126536657456,0.40672505127268588,-0.63769710978314431,-0.24226132352595359,-0.46586261499387749,-0.052245423018846888,-0.24760212701747455,-0.10998832221803184,0
1.408966841521144,0.35039357853552866,0.13906971976346705,-0.29297067348022915,-0.63762099761062474,0.14217745866284784,-1.4377844901832484,-0.42425122421171524,-0.33670387862856177,1.0482140324769158,0.74252132139787952,-1.1915637285613829,2.6614180240217409,-0.43121827508941446,0.98837709227933124,0.19719961672685959,-1.4058596352323152,1.9897417542690152,0.68324813094916226,0.83449490279462291,2
1.2165631641791981,0.13553054661894867,-2.2941916302760594,0.14592388667412667,-0.20996993987526047,0.90535827676407787,-0.041735542789209039,1.5049581634000089,-2.2265085042001971,0.55467920898760004,0.15719325186431363,-0.070314773140507922,0.17174327882635404,0.54354598214942274,-0.42628221941974004,-0.45505335743897052,1.2233956492958351,-0.70686516665373844,-0.43966093473280282,-1.7411565737961452,0
0.11482633240503559,0.15872789744816621,-0.29854614787789735,-1.5009620232197058,-2.1054880708180912,1.019450129001445,-2.0369977151416814,-0.35900388426977514,-0.16887295672708996,-0.79767937468322425,0.0010038574299211652,0.074749846573772413,-0.0098486716934982604,0.90531414005322997,-0.60646214037403934,0.098118814955805433,-0.0058406506263433272,-0.23771877538817107,0.66488268289376684,0.56014882151937229,3
-0.5058548720159185,0.81950036893334977,1.6297794922841786,0.75783772619365752,-1.0969342993041717,-0.57891888958561888,1.6498586565332218,-0.64305403374087333,-0.11794135322220446,-0.65362094124065706,0.54387499924246219,-0.23034179573846778,0.62990052031652199,-0.57131786167507848,-1.0420390806436672,-0.45958714479591822,-1.4051309930076861,-0.85250966193087208,-0.40993264434781257,1.1073296262635743,8
0.54668943733379149,0.58128454859380763,-1.3864547746224178,2.5658934319098381,-1.4699954253222003,0.51956672437330553,-0.55801855127168343,-0.50440250326180425,0.66249292613123179,0.76393119712589153,0.1139607759383056,-0.46845794716731837,-0.81152078329093424,-0.69989645161456293,0.24512478660561846,-0.18473305357011291,1.169061535626271,-2.2775263624737536,-0.72980459840658696,1.1739704598740228,0
-1.7489487126673893,-0.5154004784896784,0.29873795935131209,-0.18820101183365917,1.2182714924939924,-0.09673807295156836,1.5458684211500131,0.14729563419102687,1.7227968663766624,0.14168697713370804,-0.16287367260661248,-0.31650351992122067,0.082698727162282687,-0.28301127228315642,0.76563329927520662,-0.45540601608606446,-0.77033043620076735,0.32771738004835571,-1.2134973239039824,-0.43245829766676863,0
0.21678785534146933,-0.43954309743632086,0.4791162829270606,0.93659338700677419,0.36529178324936817,-0.6763545287760343,0.97777051340322652,-0.07617868063980178,0.50770052329133775,1.8709433044021941,-0.29388963524157763,-0.34645960994647995,0.79974814707503716,2.2956802965004135,0.78131596920756408,-0.64880860740817037,0.12008053339931088,0.42827761483196525,-0.32684134194450248,0.95907334976878023,2
0.8704342280107118,-1.3597487599874707,-0.8254628997090685,-0.86718621628896175,1.1888864806901187,0.090624489816865592,1.2195351839009649,0.6808053139882454,0.70931783881367594,1.1812829780745997,-0.16128524100662955,-0.72416398336090448,-0.50754723626410492,0.89365036950821808,0.90554054440077558,1.5161933729680597,0.37105433633791185,0.1586207764522865,0.90963660042959993,-0.16066538468104094,3
1.5445404694486513,-1.0631448357512521,-0.24296123882901824,0.91892164797786247,-2.4667092666131896,-1.1354549338248221,-0.58030912513746535,-0.42812039309910294,0.26718956884469763,0.5056213029330282,1.1492792841741191,0.56149522717078926,0.92581297494586479,0.72506504885527701,-0.94927874360464481,-0.73110557862313674,-0.040677753964721591,0.87864560066074338,1.4815816223815941,0.41755953216824337,18
-0.95170055885986193,2.0233012860646564,-0.66061020642262902,0.072479839303707008,-0.29801027595697993,0.67258195084283889,-1.0012174530975531,0.2029187878372482,-1.0983272265052295,1.2998941066558931,-0.27338469460330106,-0.85962590018439433,1.0908081577132687,-0.3187378172792259,0.19846004163699638,0.21301121336884771,-1.4519235576721594,1.5271489540313059,0.63622709313047154,-0.95595465689924153,1
-2.0811364727250803,-1.1069313077489493,0.41892474139545877,0.087334654102769541,0.07894282633216422,1.2311933881490231,-2.1403484719170436,-0.59119983412370547,-0.18507159469186038,-0.24279307440051082,0.3621276612919429,0.9835410466657476,1.4419258082569621,-0.76645913853763215,-0.11819233266030842,1.2708260986612214,-0.28260543453748499,-0.9123826625614786,0.26195883816705751,-0.70309247581453227,1
-0.89142245795204489,0.0094121046207789587,0.99808923051005383,0.38449930531457971,0.2484607432033713,0.47525515291655696,1.3003366701222006,-0.17004664250179249,-2.2225830042841368,-0.24621614671320358,-1.6500913777049648,0.63121313291901704,-0.74250406092025967,-1.3905612973713912,0.49754943724512879,0.70626708752896028,0.26919253402193222,0.49006598826833614,-2.248543604897661,0.49741146339638603,2
1.1375083840565627,1.3769292271217735,-0.41861663094144708,0.47365629235396162,-0.22287023584086876,0.066716875260899963,0.62084826782014657,0.09366728469568017,0.36927409678255468,-1.7662743507566609,1.9553832181975959,0.13172948608395502,0.20246033431439647,-0.049068038238382523,0.16870331192608296,1.0762367667705661,0.69583912759581124,0.15741845726275416,-1.8719416879337465,1.2028672585275175,1
1.3889391983556463,1.0819965869888972,0.94055105171534259,-0.48645206632356391,-0.13416206675900477,-0.64466993284019047,-2.5150223914820988,0.18038166384098572,-0.012099409537398041,0.79388208492851597,0.24830342836776126,-0.71914725420069359,0.99990339365752656,-0.014407997077068043,-0.026431091236918166,1.9405391047851173,1.0345856489756995,0.36096909179374603,-1.8505128208380452,0.56621513797714973,0
0.51810927950487196,0.68956723543363474,0.56707872493798173,-0.85103449738835679,0.57825790678923572,0.021518027060770058,0.18756791847367596,-1.4223892921073285,0.05236364415809372,2.3339517659912246,1.1083981712935125,-1.1087119338739277,-0.63338861229843335,-0.94483172582535191,0.022413893851649241,0.087359338287995469,0.23908226266638974,-0.68563065492939879,0.56952445304061272,-1.4607677241781902,2
-0.71047802837023566,-1.2475228692583513,-1.6149964607112954,-1.460058921956255,0.010489774727184865,-0.039625274223716062,1.0486473710906938,0.27287775906729533,0.43360404262545804,0.80717299018320565,-2.5454981427051258,0.077302804703438852,0.76661920996726851,0.41707919737351107,0.65131315796514799,-0.1079688208173494,-1.004719865321112,-0.57470973753521237,0.22031013638279123,0.25826078713423517,0
-0.90705640734594495,1.2596887974459603,1.0116984475061837,-1.7436394560854382,-1.2254173382625329,-1.1366021596072939,-2.7401115917629109,0.9849433827391495,-0.54915319588111389,1.3285287672221773,-1.7640619993328732,0.32300269402180937,-1.0435313701627564,-2.0456128196008279,-0.51888619608163189,-0.41949427831694353,0.013461229800545867,0.029275369022547147,0.46166205318343084,1.1910425168849033,1
1.8978025946483272,1.7607244431563198,0.99027743887108532,-0.077727134843745868,0.74204421881833948,-0.4145581095519561,0.89043918535516375,-0.16460546940722534,1.4840235326000408,-0.28510535270261672,0.63435798044681768,-0.57686097112282386,-1.2014062699554924,-0.62585460877449361,0.35762363290718602,-1.8058456045978766,1.2631214141596108,0.3928042042979028,0.19409492145115201,-1.1819018724970682,2
0.60190766816489927,-2.9475920765498711,0.076543253680010331,-1.6989385488056989,-0.38348512905223991,0.23286972452881213,0.58385356365445928,1.0072621055553128,-0.200637766444137,1.1575730765777705,-0.30897176052366071,1.0370339110852018,-0.46540109742084601,-0.54202192960868201,-1.0639799115244888,0.96094592338767248,-0.87375887851246303,0.80563043111512422,-1.0961944492534292,1.3025239997451941,32
0.79444174163522063,0.06051888164717982,0.42659177232680867,0.37472081569798199,0.026351501186307216,-0.61325385036590918,-0.83865674492921904,-1.2074795032854704,-1.6836533100209232,0.12357475026060302,0.13731845173025686,-0.89632145989912393,0.28029759559095652,0.39666728198978507,-0.97818096706951019,-0.58131167367315917,0.64124227375442666,-1.5284743245514736,0.012590892263691311,-0.35498863166072542,4
1.2012365604738027,0.043235939357389473,-1.9284926951708021,0.83307611799937409,0.55091668776501479,0.61815123264212091,1.0525799965460392,1.5014160901697728,0.59620424771306457,-0.41774867703457169,-0.42676759662126407,1.5732839157911129,-1.9815948700034491,-0.046575306212243782,-1.6616977176207803,0.11500456635802436,0.92422129808613984,-0.63248701312270406,0.52010660838957867,-0.33990135781405412,0
-1.2657011966013387,0.16743425077673543,-2.402818718890074,-1.814588749040174,0.091485194604439421,0.054303854760507579,1.6459562722869565,-0.51598913724516104,-0.14335552342191388,2.2130827315606272,0.89775607891763087,-0.28908859237941015,-0.94999825490817524,0.37720680492924474,-0.54717775728046658,0.4188615503697688,0.12253393971240432,-0.23343398838770671,-0.82821170650848863,-0.1490766706099981,0
-0.38708068191446915,1.1349949880356167,0.83789783778611449,-1.274278241449283,-0.20442122144685523,-0.21498593008031555,0.37873298902025077,1.4260547576738913,-1.2614048442939085,-2.2508811849433052,-0.40251724887362927,-0.36099706463489001,-2.0598106555778823,-2.596642624564431,2.00225485531884,-1.9126581519405175,1.6695162468389377,-0.40016047914550196,0.45092334831139047,1.9391962580243851,0
1.0221219765121676,-1.6148819489360111,-0.57911274066234675,-1.3540342127103735,0.73223830195424144,1.2580944857158001,-0.72905789492480788,-0.53596555619278563,-2.0667293290464825,-0.67510911037898358,0.79840818635082833,-0.21217388701360487,-0.4611286575013836,0.25857037090545915,-0.3500123166388025,0.34102940787863956,0.3030035191396161,-0.059348110230240995,-1.3234645153876328,-0.57891827587324518,2
1.0149527431500713,-0.86367512097575416,1.2507190557020305,-1.6113405666086524,2.47609644224812,0.50827059562677279,-0.10388291387298243,-1.2200345348135031,1.8395128474011659,-0.19227169337183175,-0.51617871329270348,-0.68376240115747466,-0.10875065327570216,2.0331728283226327,-1.0331235177835665,-0.55890106701216713,0.54675476153169089,0.0025989610701646604,1.2043351514893643,-0.58241298464206659,13
-0.43461666664598225,0.95617748716078943,0.5848593832971285,-0.17937898787894374,0.45829967058127286,-1.027637688036722,1.964990575365922,-0.97884081732388672,-1.4350935249399541,0.29441166903372273,0.58213346447812298,0.23546935988422557,-0.71432699409546563,-0.076287132758183815,-0.2715233134104636,0.50897824569624539,-0.748533538284477,1.1023939710773145,0.38592209047777054,1.3956773966953828,0
-1.0205911706020552,-1.0892286203465298,-1.5925140608892352,0.89501300608303835,0.28872653616246813,0.012790824602443815,0.59070626620755506,0.56230742470819306,-0.955553294624786,0.36704325171364799,-0.10308953022509773,2.026580433649527,0.80419313537940773,-1.2060999733671847,0.61331086282034786,-0.16363909260608181,-0.37950628602503977,-1.0452150347147764,0.63225915694269941,-0.49792976655908056,1
-2.7648377391468508,0.42519707346585844,-0.10459946260691785,1.0046487039966345,-0.09087611530444771,-0.59386607240324618,0.52533604391503752,0.60192001479391943,-1.5473148540528667,1.3684194815195083,1.4393821086790097,-0.88204813139005811,-1.4833020019606478,-1.5308706760033088,0.31292765321792759,0.81639914523144552,-1.4949366431369888,0.4148107496655189,-0.34007914994329758,-0.24317904785795444,0
1.7491542986608244,-1.8910895500552822,-1.1332231329967679,-0.45765277843688645,1.3608238807227038,0.66181112792089858,-0.94576740183266639,0.067645677769243032,-0.92759925650436414,-0.62533061312265315,-0.46324981242072605,-1.9391399680166366,1.9178169432890027,-0.26883238824516908,-1.1585424880606463,0.90083968818040039,-1.3787265433846885,1.1237184714868573,0.6311524447753003,-0.11603457851446215,2
0.89462849016471135,-0.46165908010390455,0.80172739504133206,-0.94375810318878273,1.7615830111274406,-0.74829397800791597,-0.28167041645416763,0.084303410058514647,0.078945884064474794,-0.58648993865518217,1.2613957659488944,-1.520963123805978,0.86538439007333889,-1.5264633423432015,-0.44023254663131217,1.1911367265831536,2.972110118024593,1.3726564197756441,0.90974617204211516,0.34599101142628391,4
0.0032128266838627466,-0.10317371255851812,0.17392054728910553,0.86269219021822974,0.387871617742644,-1.5943691898063508,0.21247418974524016,0.66051445779612228,1.247195366067994,0.8033991098692147,-1.7438178617346589,1.0967056503738815,0.52199690258152232,0.44669813439054223,0.14578308563199419,-1.508612187629192,0.35855398922007298,-0.10696693321210277,-0.18313494432639874,1.4311753279990227,1
-0.035581863853089833,2.2858769284023883,1.1948737031135563,-0.32165550119032837,-0.82875489718126072,-0.47576324558347566,-1.8643011368974582,-1.0561522443247704,-1.0188512825292957,-0.1069138560806758,1.2736950109623859,-0.31717407034979389,0.78951580183296355,-1.1894633208356407,1.0365253877882188,-0.4662772800873079,-0.81746618800710302,0.14016449613905965,-0.072115506119065059,-0.16233955036250819,0
-0.93170863594971365,0.83016584795930903,0.18773639553083832,0.48794514553183721,-1.0830334166328377,0.13245733057433356,0.51697508022183958,0.59514060209460873,-0.21075254270955635,0.031699896174626027,0.83802535835611602,-0.69796459959988577,0.50011054866971105,0.22183527284816007,-0.78831251446198769,-0.48437848515723853,0.75724606345231815,1.6882031531317436,-0.4237795170968115,-0.59136990082969454,2
-0.36834799007256674,-0.61312198677485508,-0.12607927602474173,0.24970050315441822,0.05113706462366293,-0.27797485598689042,0.74950042779693238,-1.6318028804400668,-0.54139333826793989,-1.2620189191661293,0.52630719735350517,-0.25727897347069434,-0.21110229925197221,1.0953783062577451,1.054202868866785,0.95020218005867685,-0.82025303202123445,-0.39019006232764053,1.0803955342526657,-0.29252578709660526,3
1.6463614200713832,-1.3612978268226648,-2.9816973770171544,-0.46900926018674921,-0.43803821963820128,-0.50456728217210534,2.0756663651937033,-1.3808641412810498,0.51682636773291557,-0.92236034903672992,0.45491135750900297,0.54949157217007394,0.66867886961607403,1.2863192233814871,-0.25744333831579319,-0.62929895069622532,-0.56635063165420807,1.0160573955713683,-0.39384076823896091,0.24399831851518153,0
1.0514742859847286,0.95467999541167292,1.0803751130506689,1.6053313902328177,1.5332497348903218,0.61931083568279199,1.0881235466096149,0.18966912592683507,1.0519350820742313,0.32709325645119719,-1.3702653121421631,-0.42668726243075206,2.032808656090749,1.1964373331969993,-2.160485736957046,-2.1061267265527839,0.15378891394852376,0.4904032565508703,1.2201457309601547,0.95565051666274214,4
-0.31121568505068509,-1.0882985414247308,0.93961689094580636,-0.4756407059306445,-1.6433288941807784,-0.49970589282028655,-0.1261044762393515,0.12032280530356149,0.47583747309213109,0.48201401772659347,-0.18795017396821206,-2.1480359059788476,0.54496153001844183,-1.8005088488606842,-0.33622856683991847,-0.99175453829854676,0.42413005432069256,-0.04405400428705996,1.152809975730702,0.64252204428500037,6
-0.091979024704434142,-1.1276541003905329,-1.0258673820973967,0.56622108909113966,0.24779845102426359,-0.85054708618525576,-0.34594724381378161,-1.2033742872344442,-0.45567548364129662,0.50204654484410649,-0.89707066867629959,-0.79302551710542291,1.7391031530558199,0.65520232793026834,-0.71007789415967237,-0.24451527382611618,0.52488547617668402,-1.8384259087209027,0.5608847766342433,-0.54467993230717615,0
0.77715757371894256,-0.19434791272395199,-0.61001853257446059,0.11053254336733559,-0.55387002108018157,0.82979219866018261,-1.5597000061310555,-0.43594103411351692,0.65559889443169372,0.15025940320381639,-0.14624773369438285,0.26220799542902823,0.98624082409507219,0.16054949715067604,-0.85818654521462556,-0.74593175252677157,-1.4741739102988451,0.44504163711328876,-0.61048886264551561,-1.2270760649209682,0
0.2253933456489404,0.78821051878665682,0.032535787525774268,0.88870313758394592,-1.9236532724044941,-0.78755391632620375,1.0315217203741391,-0.72974372369608342,0.48874799420701143,1.9842542058959549,0.5817153576238957,-0.58951625896121906,0.54212653947537182,1.2369471734780042,-0.14322717849931618,1.0776041918309949,1.7561235088022518,-0.063061583080497835,2.9063571854034169,-0.65029393027707627,0
-1.2123467360185076,-0.67355564385601319,0.034532124106898647,0.311380388933787,0.070757593812116049,1.8125038483454992,-1.2272673467375483,1.0626768555257387,-1.6625183725880528,-0.9318745632069505,-1.3504566387035368,-1.1343957252133439,0.37989191479053858,1.8771958021835329,-1.2425492789075234,-1.1265553020675345,0.53422564688386431,0.78370694680372022,-1.0179256661925613,0.76244138358309255,1
-1.5026049228137224,1.869647003339642,-0.93607850960216332,-0.65436807729879254,0.073074369286635549,0.3933562143838838,-1.9635755644439989,0.92611174924913398,1.0052574620423187,1.5237395800236806,0.66299729496512771,-1.0191796671250173,0.29092768465292479,-1.2084721766850386,-0.18128987604276933,-0.71528165704334357,1.1112909015677577,-0.056512515524913189,-1.133553755796715,0.56876751030936534,0
1.5812603486283492,-0.50305423147358685,0.69363309797000439,0.14554982066776295,0.34468780409391303,2.0511315473556753,0.13656390844122079,-0.78940796377174594,-0.56953030167725571,-2.1588307300144245,-1.1500182874956257,-0.41258544749571946,-0.072851389437041919,2.0412713698927352,-0.093480970236040961,-2.3455427614128426,0.15424812380580022,-2.7787391421494276,-1.1095794558837653,0.89666510118271747,11
-0.50325648397116751,1.399796211669849,0.98541233018321461,0.30703425518575933,1.125024568494887,-0.98898823704632821,-0.46902761126047587,-0.36094224745305403,0.54228947385269799,0.76578957060914343,0.30552959503671662,0.18663213953473529,1.338434709574708,-0.34559564595589665,-0.66563975550780119,0.70951754771885633,-2.098362881468355,1.4660770066553923,-1.4361016803071505,-0.73116219275200545,0
0.83043919365473906,-0.34554149719289484,-1.4125260131085795,1.075495491412817,-0.16305345230802518,1.3024113672172482,1.2362369116394654,-0.35537020028345334,0.40897121633562838,-0.94545216886547834,0.4430450484738061,1.3669105203841583,1.8394860197884795,1.575626300069163,-0.65894732233750031,0.36636897044011091,-0.42664823488697706,-2.2586440533816932,-0.11787333068720188,1.1926589535473757,0
0.78773620616795648,-0.33253360063739468,-0.67100073956679918,1.436080229652233,0.46502866743080862,1.1183021279682102,-1.2000220881125387,0.82060264013651074,0.67187922205474504,0.79393544995047527,-0.70228427153557449,-0.60514344422965005,-1.7638847742235744,0.33859665438375325,-0.024837500202903613,0.39090090560619201,-0.3541642326040671,0.55408062190033036,0.2534147283799465,-1.4733827935432759,2
0.50975600517234587,0.54841826126730731,0.77845030148893091,-1.5297049406748078,0.84964866761266788,0.26994454705927151,0.79043100402358346,-0.1744685590482207,1.943405037261831,0.34770715973056443,-0.4407749718776624,0.78309433755672575,-2.0806023706682546,0.21522999345833579,-0.28391990058216116,-0.40255385547918471,0.33027414755319906,0.027883209794800873,-0.12969624407879635,-0.52103775354480886,1
-0.60197866780851017,-1.0076320694283887,1.9930483393864493,-1.5135823780072943,-0.34267983264981317,0.38936051311940378,-1.5545371790057232,1.2117375140424858,-1.5816330961066185,-0.72025675719944038,-0.45744987375715379,-0.32039337884130853,-0.21002183859860843,-1.4850169129648425,-0.77039065681003549,0.86835874656538836,0.43619776913175384,-1.3866726992341343,0.48756768464407257,-0.74269597431307843,24
0.79173436072537329,0.065596421401498947,0.028088283211304486,0.63343681430923493,-1.8382288388869874,-1.2280845313381237,-0.56125564674846018,0.2310313536086207,0.65973219919381987,1.0799703940026366,1.6319890220608948,-0.50737275729330999,-0.57131804010962473,-0.15210925196874892,-0.5827476705246678,0.38497633998903336,-0.83809607262155217,-1.5780648128253472,0.26442392623174726,0.23405727135678725,3
-0.40899663463572467,0.20370478469874712,-0.3827938215773895,0.35122755132636629,-0.53702576687874815,0.49453071327907849,-0.071592450356509449,2.4887129807085633,-0.72889494741661087,0.052661404911559906,-1.2554543377839731,1.021524322917942,-0.95846348761828237,0.011278190652631009,1.407433529269607,-1.9823394623428701,1.6244812409403713,-0.14927866395046896,0.031387125550015681,0.14717758414043955,0
-1.8403477581324708,-1.9825506577457537,1.6162845391538918,0.33892693653175965,-2.1320280854305604,1.244349088681032,-0.64784166382398034,0.25396444745944086,1.0358321340096517,-0.54333808516992232,-1.232710035560203,-0.3240631505190732,1.3988733872149393,1.4559363067675326,0.8229150141492515,0.91886157893015619,-0.28825585344570631,1.6058791730941733,-0.59880406871386649,-0.039826801192079021,62
0.45951682454724052,-0.30964191466659902,0.61964246288665326,0.30583433731886867,0.090167011008698075,0.08803482327073657,-1.2624928802061912,1.777149769194349,-0.72169021158537228,0.040247244779930885,-0.29841768831950893,1.1152930017057394,0.64157071954616562,0.31194110767294075,-0.72186120241951668,0.32029047704619407,-0.24585283960772938,0.55236769757213444,0.062969532555059535,-0.45878375057552018,7
0.031978654430893518,-0.44971479095409994,3.2157819998170631,0.36557191234669806,-1.3745701409568529,0.16559879445626144,0.46581331039765245,-0.13983014456975409,0.56726332550585057,-1.6930530744493617,-0.35511821998513304,1.7021624422911081,1.2856749770427225,1.0461467078731819,-1.1008787635041073,-0.92285382173761055,-0.52638330490978924,-0.73758294268905045,0.050768971699287825,0.88632184577743389,395
-1.8950014751654007,-1.0729677845574159,0.074570986692561805,0.079546941514648223,0.38133837138050108,-0.28999578129765219,-1.075147596249199,-0.4249092669181555,-0.72083126490907423,-1.5373835057784506,-0.13962198669084155,-0.36771807066828355,0.11123956487568712,-0.66763005662084651,0.25065293765737839,0.03684674913304286,-1.4402488402804701,-0.30299565886959701,0.36635176193416386,1.7059573121743232,3
0.50704605301496564,0.1092443475469654,0.046013840947740518,-0.68137772791291695,0.84892323846695128,1.0985636556429663,0.85481605653775061,0.77666610455954666,-0.61942991249831381,-0.20890122825564192,0.66160864476643222,0.063030044638881941,0.13091749807051112,-0.68725335860582182,1.849883660250671,-0.39408264091370615,-0.84691680937427172,0.022399317753487486,-0.18336267154802832,1.6814136875649923,1
-2.1468589521333086,-0.17275152976943159,2.8645089370341124,-0.18915157939510654,1.9933010230235153,-0.99176221103280782,-0.41171066722332339,1.7289292832833789,-0.5465066600082219,0.26116546626541637,-0.97668522345878628,-0.81680544793258258,1.0166657777034684,0.066491038354086054,0.5793827164224995,-0.090842836138701019,1.5251335839047455,0.26512274683654591,0.07257571663557115,0.7655444019475196,8
0.56109537646519436,1.6533047094258226,-0.53556701034997589,1.4449560922113429,-0.45311306573046178,0.55487919112336348,0.24584708124804794,0.12256699209628406,-2.2638495407999715,-0.46337754317924174,1.0271008029242417,1.5069946418430065,0.51401610592030944,-0.54627099189969019,-0.21128797910190356,-1.8355569690469484,-0.8460081085243315,-0.4466143125619651,-1.5357750848285734,0.81061733876767428,0
-1.4132644924297229,-0.29770886060600305,-0.52368007429483832,0.17656906013196533,0.22256554237822562,0.64556307331041618,-0.7733504558735641,0.66903763239312797,-0.87548373175777605,0.013556552869522488,-0.88785859389360033,-0.4037717743762943,-0.10969179145809402,-0.72650741920774686,-1.6530987900634517,0.17561879003364181,0.44890995978346115,0.56248147670807769,-0.91757805515645585,0.84344752722085237,1
0.075574018469273641,-0.5515404979297015,1.8651977953813865,-1.6950428784986924,0.95693867812998912,-1.2427753364219376,0.40263499230811017,1.6978593732559424,0.92440969022461583,-1.7762618377537389,1.7104712346446969,0.71786588353570913,0.79234373611061848,-1.3114017003071261,0.080743035194756105,-1.061140256073865,0.16841227348898319,-0.4844862983557654,0.27514405611040976,0.019866474174030695,16
-0.2903211651501712,0.57328648362867241,0.27622167390522306,1.5634284652856685,0.45175622058703629,1.6293459429269457,2.1818849595632992,-0.3160197963815401,-1.5064215705390664,-0.84347228506145111,-0.65082141023444573,-0.26010150894735395,2.5482847044119201,-1.0055282442935556,1.4401861085101408,1.4656354632437427,0.25147726861613034,0.73605036914791877,-0.40447149636176805,0.63668192264487145,0
-1.6457038279055756,-0.11983582522217834,0.92912814217385475,-0.81544633373007602,-1.5399987819377032,-0.088223978743552242,-0.59316984326770827,0.25509184708463389,0.88043189001692179,0.39775516564992264,0.2593382691253957,0.14482206863423006,0.87992746204702676,0.62242369987772261,-1.3736484962931907,-0.47033809714738961,0.39280678729951918,-0.13304689408059756,0.32454056695495836,0.20951766354400006,4
-0.99991655651994948,-0.57985381191804308,0.013503968385350245,0.011767962610260172,-1.2403386869451329,-0.57803931659527041,-1.7738275659704601,-0.61759853812996879,-0.66072899018804299,-0.1906289958937174,1.0613045875230456,-1.1404246423260069,0.13793457017880517,-1.5120892890646198,0.38064177111939479,2.2588945045402133,-1.0852393458563925,0.016111852719311849,-0.83960155797930447,-1.7844629808674017,1
0.66385715168374149,1.6225123907241017,-1.1085784015334157,1.2489721905970523,1.0562280184441357,0.030011722212754926,-1.2625094943049153,0.60487674654199752,-0.75106926557056686,1.4799853733035711,-1.0478053760439008,1.0512021587367633,1.117525342017279,-0.63278565833502542,-0.055537936649137566,0.63266726616907143,0.58995569163184891,-1.0402837631217072,0.39997039480658902,0.86539171939258441,0
0.87310687563458922,-0.66856628439697463,1.1201767739281139,2.6347939250003902,-0.3824140672412969,0.49655271273158119,-0.58288285643333537,0.51347624403318448,-1.2145930874105899,-1.6465246666359288,1.4213222502003744,0.30709901269234874,-1.4595671057081561,0.25790378848098738,-1.5228741572978233,-1.6412976756962343,0.49498445118885009,-0.95286912822180314,1.5214606490807792,-0.78073907848269108,48
-0.068276851259841648,-1.2905558945539393,0.23038958608532537,-1.2907606891504235,-1.1157447478058733,0.5764235530777142,1.4937309397333676,0.52369050489458924,0.5463687869897228,-0.76624985593511219,0.025386510241235689,0.58529018037259728,-0.77954093449430972,0.606807825615024,-0.70401508176153493,0.37808345813983762,-1.3739089018046844,0.41707343455804152,-0.012143846855367124,1.3711406235816679,5
0.59570172996992488,1.4748456420491829,1.4174547081436006,-0.81242457963191383,-0.36456343001079361,0.60242665194654599,0.034311970763748999,-0.12117924782113516,1.201838781333546,0.68804495650660602,0.077306545833268889,0.40528869415024282,-0.40085655910834944,-2.0963121138718002,-1.5248904257726967,-1.2130215830198428,0.65893272444544582,-0.044827585275242401,-1.8654718101120753,0.40634494796343829,3
-1.8236942907606988,0.032895011861022533,0.32428301555870226,0.42613736041855338,0.5294838377502773,0.13150905937919288,0.006034376679114186,0.52786034894463907,-0.33122314948097215,-0.5219390538317551,0.65100509744830792,0.025923882768480337,0.75180038803823779,-0.010802965288379474,0.69993929187371162,-0.97718661406265184,-1.0810331710013741,0.99221737485777428,1.5057002583920627,-0.43475878163292953,1
0.42343392803684998,0.87280321978882391,1.1003119721096037,1.1727653827281501,-2.266662676488171,-0.31957284086532195,1.7774870362729116,-0.6589134461342635,-0.14824692792050678,-0.5635010930674571,1.5994036401101386,0.38976284940287281,-0.5864560548151343,-0.46318973172312333,-1.1743729486757315,-0.47599965537338473,-1.9606688493776609,-0.64699451642829808,-0.44757677070046925,0.88721887177470415,8
-0.2975142523138366,0.61876392977969252,0.43066197029907799,-0.092439896467610139,-0.75447585255459204,1.1829560902017056,0.65414271719663164,1.0701923029625522,-1.3066653137149222,-0.43571577667453526,0.1312275116372365,0.96118949645043217,-1.4529447792731232,0.69036191959346305,0.045073110312079771,-0.16515975614296219,-0.86020971888333608,0.69852293623299289,1.4395303635964056,-0.39269452950724282,2
0.74990117647026233,1.9765769782057097,-1.4953393721717565,-0.62498979043482017,1.5576417754204295,-1.1781137731684037,0.19064920294422869,-2.2403718377963799,-1.1350201143467198,0.11534683293103958,-0.30774925001098069,0.2234378989904432,1.176159602282514,-0.2215279297028411,-0.0064730677189563622,0.7113702653668722,-1.0402416408801749,0.76134928598578122,0.74092969865894942,-0.13844276187687307,0
1.1995289199293759,-0.80879316083960551,-0.55236370390109202,1.0870857026946112,-0.9738481199424297,-0.15112668975803348,0.31806851636751132,0.52281043088331691,0.57991998491347496,0.76231164338880242,0.54409339544484392,0.07023538196313292,0.069310106287989601,-0.27748386859596441,1.8588336667192316,-0.99279264687661373,0.27786044265714238,-0.39970656047768283,-1.1302664947470122,-2.9907507232866224,5
0.88909122829563147,-0.74856532002820453,0.56267172038732283,-0.95192124462367789,0.12829028949852078,-0.074487357902655191,-0.98887667908327792,-1.205891798359501,-2.7915774107672418,0.49559996941785867,2.3347391692472188,0.12555271615957744,0.26198986268813318,-0.65662060059275906,0.11557881757399706,-0.96076313671945879,-0.052845910193455678,0.27928941812035413,2.20404684348813,-0.31688841407741075,4
-1.6788262289099312,0.79063662046987693,1.3686905980308517,1.4662246623942683,0.22570492450335095,-1.2301309344911346,-0.90274376256140343,-0.11367239751017055,0.5415259089661062,-0.98743396597474098,-0.12002913643383256,-0.089265617652855123,0.10633337670794349,0.075206403660569743,-0.95176368988207538,1.4063303399298961,0.022740002548152161,1.4706246144320823,0.067244476035232703,0.66528264772352863,2
1.0125291158213561,0.87585645012896884,0.23976145739050453,0.24003755343498001,-1.6574224403625597,-0.15092027422581619,-0.79746190599549105,0.80448478275552249,-0.94721054154623219,0.49473059719270068,0.46478966069072525,-0.23209127636226135,0.90209130638494217,1.8934890371729309,1.1802791595886382,-0.35521218980628377,-0.91200303663829652,0.43269049584829444,0.25001688166416236,-0.99266219316994642,3
-1.1802777549868644,1.558743685219576,0.77759951600288613,1.3184348311007197,0.67007998831213,1.2194259285975577,0.26122011413514351,0.24035339659949018,-0.51083202895477209,0.030591068556973511,0.62397181037796112,1.6923238075259941,0.42744802111028019,0.19464723865820305,-0.28316448391124205,0.46289382061093309,-0.27465003093318863,0.57311661000037062,-1.5609105145663966,1.3481557668601543,0
-0.56810285897453294,1.6868099993776078,-0.19147979175062918,1.732927078400686,-0.57391505900474693,1.5636315408043118,0.4472667008774116,0.06190734546483527,-0.47438517642738764,-0.9387264676104895,-0.21177176398871711,-2.443124459770837,-2.2185233531256205,0.054440659914931688,-0.29703725590963326,0.084408398941238597,1.6839886853279147,1.0425425811169664,-1.0677434851517296,1.7738399027191682,1
-1.1055363215024221,2.2548631126607024,-0.20398112169900698,0.982344684233313,2.2706972265968561,-1.3622866119274146,3.1269730700101426,-2.4635194987509408,1.1043005986702223,-0.4071099497749065,0.013981014737414256,1.1732251705864867,0.23466782992517402,-0.7402608998814374,0.4917050175917515,1.5248420480627629,-0.67011799202646694,-0.91850349444706536,-0.1891261836229729,-0.32398986649307798,0
0.18936326246314164,-0.032765902870834591,-2.1388242956333841,-0.37773832771419141,-1.8006104807232968,-0.66554924428006157,-1.2744475067566705,0.40055742840764841,-0.45610926387056439,-0.31711109365586965,0.73868375752976134,0.16271205586638784,-1.4917796844612188,-0.31808791377308093,1.8943414457803571,-1.1260267180169512,-0.70612454715863471,-1.1116325065908497,-0.76297359481287874,1.4774813064801253,0
-0.78929417488744724,-0.49798606694888503,-0.85438465771932115,1.5047563570836209,0.22931710445687292,-0.42858472459513208,0.68224294345005998,1.8494899502787254,-0.41553896623979553,-0.63420722188050227,0.38739454624968728,-0.45042264917353769,-1.5055904445949113,1.445179503660607,-0.70634404831368169,-0.20947401002802385,1.5595738334477407,0.57935000904270872,0.69228549032189624,1.4352322384196103,0
0.19233870418195737,0.097200519406722127,0.02473179580660459,0.94864825922756257,-0.98759783240419552,-0.8649332156114059,1.8861791997678932,1.1835432065647298,0.77214211818216216,-0.32662224290696368,0.11919243749358448,-2.0500010359745544,-1.8393589819492309,-0.0013707018166270041,0.15132812861406322,0.49252925898739314,1.0563283501831504,1.7112014554349708,0.1913013274076395,0.62362137568788178,2
0.12400903336116967,-0.83497958870220224,-2.0875304925950187,-0.49440810426315362,0.26422085539314139,-0.0023464669250803922,0.60853961724191497,0.27728036543449042,0.41744143994160948,-0.30908231300772776,-0.73543030915064067,-0.04086477927560421,-1.3054817838952217,-0.28414239507034261,0.040829537958110548,-0.18995358454749617,0.26585966037001507,-1.7107694421219088,-0.56834052046725003,-0.93920625717326944,0
0.1876052563038392,0.072579448410294997,-1.2064923757865154,-1.1102997249689557,0.98460557953106942,-1.5658162532943041,1.0775446392510026,-0.53551633521685604,2.257397919800773,-1.2888339432269897,-0.39249225979276103,1.7213251211406881,1.8066652021159808,1.177985060809934,0.70934101139489492,0.47095517144101778,0.68189587028119836,-0.27133410992645546,1.3583884912214048,-0.14504538384972307,0
-1.2440884239648475,1.1108941597497053,-1.2537582374919556,1.1804280036543835,2.2934017418044288,-2.8680557136445288,-0.0056279586863105446,1.4269992230020192,-1.0878428699352156,0.13622670886461785,-0.0076714435201586575,0.57602003871056562,0.74552744595855847,-0.48762346421775388,-1.7917541483002379,0.83830523039590277,0.98513450850076045,1.2435741199165178,-0.8563523058010758,0.67246668597855752,0
0.35103934109035401,1.2590511421796879,1.0616673123601517,-0.52737953752564648,0.21459821407775895,-0.85974857583171105,-2.5863417897748051,-1.0751921295894433,1.6141049359654458,-0.056755024582745311,1.1429585637796227,0.53106851303619551,1.218775075013163,0.27435333283710811,-1.5694144837340576,0.061647285422197599,1.3565876989742673,-0.40917799853385067,1.4207987641928694,0.65257756611668427,2
-0.37268219859811386,-0.79859690396050032,-2.2080620911043836,-0.71664999606470903,-0.12562130069757332,-0.97500195556350511,-0.30717406014904003,-0.16693624391814754,-0.90854600733081026,-0.34906346035040708,-0.3590483884956614,-0.95390906684319721,0.63867203669849804,1.2792975509462319,-1.0989558535159638,1.573286559370088,-0.63122089616797938,0.56495287370333991,2.0319741771840558,0.55462880684414817,0
0.58703128127147552,0.11956393074455188,0.28656129693356946,0.094508319840526073,0.12111051732788175,0.14723443327935992,0.42640062557266017,-0.092480236295961527,1.0694610757030911,0.67077171503025801,-0.46173170518929041,1.5654317877910138,-0.90714524827945919,-0.74991102026780376,2.5781067436844625,0.8024269062006919,1.485009249677852,0.12626804172281259,-0.34969149882821682,0.3501666191893375,3
-0.23626953732283329,-0.60851991802339633,-0.48891402845064752,-0.99576282992507925,-1.4865006935693836,-0.037706501549399446,-0.62368318468449024,-1.3457333891728456,-0.94010627202416974,0.9403320513114537,-0.87824264631741478,-0.3697499824152059,0.99082690768276793,0.74547267007554818,-1.5260848803255906,0.46546117210554561,-0.43199921268915836,0.7853002765319661,1.0484936185100697,1.9006987309910419,0
1.2568372298581758,0.081336867121081596,-0.035441023662599581,-1.1557648000534189,-0.028170102998717604,1.7545336171482819,-1.7431339630139548,1.2140256212183094,-0.72277873279090532,0.64143332511991735,1.2980579192208181,1.0884061165767283,1.0215907413166856,0.07221066766438039,0.27988793080126367,-1.4536026242685063,-0.43804341357331028,1.7775548281522879,-0.95091734537045935,-1.3152139282338824,0
0.50275398772379509,-0.96142159413108907,1.3722181422375002,0.68784022070365813,0.16092024649375719,-0.46445920161596826,0.28175626615889632,0.94006074252360183,-1.5869689784725287,0.6641957729982787,-2.022190892358259,-1.7824709302687647,-0.097817120306814831,-0.46615738103404797,-0.65919817857563801,-0.9862980212318041,2.4029143463736373,-0.37374565823135208,0.084802620513087248,0.18966163178029594,34
0.55555192756472549,0.018716054379024724,0.55618179275609247,0.0068555993484946884,-0.53815014932523642,-0.32987055335862314,0.63658043497331851,2.7993880317425459,1.2592637941480447,-2.0654406395109977,2.0694744860212269,-0.70695639368961916,0.71436392713289498,-0.36870980708746165,0.49366393296162842,-1.4064750871437552,-0.074473076338716207,0.81642683564795104,0.42463513790651913,0.46427994020448127,1
-0.13629066055890929,0.053377789637050567,1.1346904589240256,-1.7843096058251355,0.81595037522294389,1.2982796448121072,-0.44492627442745164,1.2105508506919118,0.78330199135735223,-0.66888016744971368,-1.3689783771985247,-0.99687405551185304,0.95840235083472158,0.25438668687344412,-0.48273079935033442,-0.066890271984986607,-0.0061140297438416948,0.35604087167998782,1.3157562055804992,-0.6823128830396672,0
-2.3745388686644664,-1.3857263843080871,-0.41004857457767063,-1.8748572817606399,-1.3360516363443555,0.88880249622272212,-1.1084831313125534,-0.12581454057210489,-0.73993913223132679,-1.3262238560740949,-0.067476664530755598,1.5455134247117308,1.9810976294269544,0.44860010959510155,-1.4557981903707509,-0.063852335133498889,-1.5997913525967402,-0.46491222007749233,1.4559092247801932,-0.91574432957315766,1
0.57614235827140658,-0.36028181460676179,-1.2052675279050349,0.80798902591071042,-1.0227288318826264,0.77645491885553464,0.79658576006714044,-0.73959476038040273,0.34829250507345694,-0.042015915679355927,1.0004504055558077,1.082567631718103,0.00018060768436355468,-1.0873969721147041,1.262696918966705,1.1724921953620824,-0.031458073665095947,-0.068677463783931122,-0.47104815308822134,1.6036676464849333,0
-1.5251985194799342,-1.3704406691896256,0.39882253195228984,-1.0010704023553763,1.2526451018202387,-0.82960369440672699,1.6842793751902394,-0.44585980447790852,0.51063516261602915,1.6102230711451049,0.52822880319420951,1.5130690733376448,-1.570510971766828,0.28002425762698496,0.23555316340610274,1.4430389199390254,0.16433364149841848,-0.039445245501300907,-0.46297479201025088,-0.37296710441832231,3
-0.96378926800701026,-1.7606765066129688,0.028828442737370698,2.0430939390107086,1.1543776424744099,1.5470766293103413,-0.091660917572267991,0.32174210911768364,-0.28014617643183276,1.207781336818653,-0.35462030768148939,-0.042650515971367035,0.076822491164785928,-0.78604998675162774,-1.6381397667388531,0.26381522971777116,-1.1191265262519501,0.26183908002635947,-0.49980300555202967,-0.15981353743977678,9
-0.51009733990399408,-0.7478921925035249,-0.10792049653849356,-0.30893591508749169,1.6727475482202485,-2.4829840839513193,0.82045627079170613,-1.6136002154041609,-0.013204324295277837,-0.45013573949340197,1.4303083336753015,0.65859088434923507,-0.49242027323928922,-1.6069781531152763,0.63266280536278019,-0.0051025759496713093,-0.94976032050198933,-0.44560766366869059,-0.26756156851939311,-0.48437277160097797,0
-0.83188815639017588,0.5814357462252181,-0.64179110910584303,-1.0936867316814993,-1.1240317179920458,-0.37596806554769302,-0.13741561933469987,1.1816748552510861,0.48554167301605605,-1.2416617626579369,-1.2898977851685718,0.353985829903465,-0.25139767404215874,0.32252534620286588,-1.1802250032703701,1.495175328987431,-0.2761935549715448,-1.0752247966041442,0.03872953626196507,0.30846519079704038,0
0.16014297674180317,1.1274565695302552,-1.2533366818361513,-0.82053681474899076,-0.35915908229433319,0.11878712947162776,-0.72819718911442066,0.98564556451313101,-0.79384369477001127,-2.0377104490053788,-0.23599596055150363,0.30221172847404648,0.40385874498175195,-1.2021035687668873,1.6402746349224002,0.99288270192817629,1.3688178930819104,-1.1821583779697595,-1.0374544617645558,1.6543426438165938,0
0.18038888389630872,0.55040998144110587,-1.2105843514304739,-0.18375468401806325,0.40408093136236356,-0.487780842482187,0.082908445351996859,0.30873817230056416,-0.45201296741087649,0.60934951703804585,-0.3194962154163758,1.0027389545741023,-0.093146447435261001,1.1586041417643012,0.12845473564056295,0.48670250266627435,-0.3656551113188829,-1.2341516663225769,0.9350935167636093,0.25661292613623887,0
-0.73963565251534957,0.68854370700539835,-0.94896181747866681,0.5859984237032233,-0.023984767005382986,-0.5111779354468331,0.072647316912934551,-1.3995714048416239,-1.4852591822782721,-1.2052095727325267,-0.80541562372682485,0.36713446538723393,0.0071889392626129705,1.3035342698883845,0.55341046398629423,-0.25771685318217435,0.045929563817268787,-0.34349742651351173,-1.1654817333284953,-1.5957772579393719,0
-0.4793561921122157,-1.4855469152801828,-0.6970047865694381,-1.6267196173063792,0.44349287477501043,-0.84995981599960158,-0.58779365091281643,0.66014607472375408,-0.3061088841777555,0.29002338030218838,0.39772596419404971,0.93859877058248553,0.85718909287981693,-0.0036780975988794755,-0.50397974495385844,-0.43253084552437138,-1.6407856260286262,0.070734080240012626,-0.19608115497844425,-0.59163672300659254,0
-2.5158253894104194,1.1457703111480184,1.0028810802406185,-0.41250706029420836,-1.1175081740447845,1.0520571028496157,2.2866544953644508,-1.1173928560219302,-0.44918598964918183,0.030808883156567535,0.65176665767661957,1.8613032165935901,0.93508066225278452,0.15906651028879476,-0.074741324193180331,-1.1910922235353181,2.2447048641825424,-0.35981808854663694,1.3515977021652441,-1.0931249124955715,0
0.25725646890465415,0.2013145503443059,-1.1587018061303289,0.34407976710178501,0.0028628201970107275,-1.6438751085592367,-1.3820644823016686,-0.93746580019619385,-0.20517709001204917,-0.22790603521706809,0.043097495600057704,0.33243288287813688,-0.418560005620014,-0.19445526841477176,-2.2904515931103244,-0.94058734694342871,-0.10184709800759541,1.2103383387444369,1.1016257923677859,0.69923865013072384,0
0.22224413203054358,-0.8654942325992524,0.013799221951330175,-0.4543999737816321,-0.59138143192683645,-0.37048243462951108,1.737175401298219,1.2871261397255886,0.0082342691524685974,0.44061927333752743,0.04266267858465439,-0.808707871921864,0.31038142081402326,0.78677634124137308,-0.021860108046144144,-1.2032937333852216,-2.0696967347176836,0.61239815070037951,2.1845501450204119,0.99910064938729071,3
-0.013060937183737114,-0.056819390533409654,0.73419161860181437,0.56805172461443931,-0.67655035495019433,-0.47996683196333711,0.51068398329100295,-1.0026919591973937,-0.27604133536834768,0.16065527535944582,-2.407739978624162,0.30272833314338748,-0.32032139108161439,0.47471717334309932,-0.016826084930439158,2.2106856615236126,0.13950538500652065,0.27828469631146352,-0.77709971502141129,0.10538424204313793,5
-0.014189373093016978,-0.44255225234928641,-1.5327822302365777,-0.26189166806313863,0.5791109861869489,1.8294278995381863,0.071397793198040391,-2.4141873159571152,-1.0123936730487468,1.0613022559200171,0.31681668841684019,-0.13565890566687916,-1.7837642046481064,1.079186333352615,1.3780565253345238,0.00052587914567362099,0.55482290607380325,-0.34363047741273001,0.13948084722778611,-0.27064996932028856,1
-0.41182618109998936,1.0262645693877417,0.46688397216197508,-1.3004775335770231,-0.35011422084115251,-0.5488556364168875,0.94427537262007277,0.20105630014929488,-1.6250424911180934,1.083474428580951,0.073716987513947174,1.655234934656326,-1.0186965003892867,-2.7159835894249302,1.3088035138448946,0.8352760629060676,0.27266482920574375,0.33598760116837617,-0.22163268975664649,0.70018995533220707,0
0.91802513595863733,0.052914883728779533,0.25783018172510092,0.65675948166821396,-0.23405215801181015,-0.77583840731335307,-0.1435174554228246,0.53407654706731378,-0.85600803847112972,-0.015174359009034272,-0.83950299802777595,-0.77060670487000493,0.63460612467121946,-1.3441749739310873,1.1360624182705843,0.28083540276771629,-1.055941265092313,-0.44333473028064885,1.246635188412786,-0.39371762375394442,3
-0.11228359414622781,-0.50925303425796653,0.15819423894407242,-0.11233722876611886,-1.8625477156890169,-0.32860011001883543,-0.2603991705847401,-0.21354962248415765,0.64687578388683609,-1.1430252475111589,0.64382325878508806,2.3897281303972813,-0.41391379205341461,-1.4387321243840847,-1.4578511486739627,0.0059874352722659001,-0.94870298884343707,-0.28996993218816042,-0.56048581832294442,-1.5066391837909743,3
-0.45964117547424965,-0.09333724117158046,-0.34252436921536961,-1.5043182208903296,-1.5248848864539797,0.48453186345662974,-0.19963850638158709,-1.7760043185652763,0.42929037371088258,-0.84503183396179149,-1.3857557126091717,0.80400197001241491,0.65778715262395626,-1.0427837739803032,-1.5341438503399929,-0.32148398792852689,-2.4075376055062616,0.60013729296775198,1.1619482084177613,1.5593284563351855,2
-0.45133036413992067,0.39591960961934697,0.66778124458486099,-1.7668483836806184,-1.1126003136685945,-0.10509794768256493,2.1890549601163016,0.43094169493129486,-0.37584883828265359,0.073620418394683695,-0.095791040618596765,0.094972997245919982,-1.0627105886321389,-0.17421558665001347,2.0240357639047759,-1.1976567917067067,-1.5119234331733367,-0.83538976522987607,0.28784300922985662,1.1112200079433134,1
-0.023792057696534086,0.6905886165155275,0.28929240684238544,-0.41549863242905788,2.4319806809318565,-1.0412542762093073,0.65207748786948239,0.56691959891341459,-0.013538873325151007,-1.0309387460900719,-0.9748984880832704,-1.5027015171237541,-0.2768620492189337,0.39608597734006767,0.43713417888452477,0.19625648509035387,-0.46702546477903595,0.8969625158158725,2.2959623555734736,-0.06210482870991553,0
-0.60110577207576898,0.096579626834497112,-0.41272312898124736,0.059990749198554932,1.6618355896903971,-0.013662621817821588,-2.1416687316894101,1.805504187833346,0.3598522082092917,-0.30445322965603649,0.33863437795874646,1.111639681157178,0.56389268483940869,0.17349527372563872,0.10015941060745144,-0.16901566366955625,1.7591214828090866,1.4533877691698367,0.99284442537384821,2.1519733112735224,0
-2.1263960156126998,0.45183039679642972,0.89471544050355079,0.2619620313399425,1.7931895767436565,0.19425919703638164,1.3626698062589981,0.31975422138610043,-0.00060394116337985227,-0.97333741188344192,1.1414581813566695,0.19539629395514799,-0.65654691375304863,1.6907123297073996,0.54055397384282766,1.6079841018795851,0.11118350649001642,-0.8865458019398873,1.513733588815559,0.13502266306407323,1
1.9148429391939774,-0.69628049263120784,1.1788962954661233,0.67589485604287869,-0.40898011557746639,-0.45741226771149929,0.48095777426292657,1.278236622771673,-1.7524547923862164,-0.58857874280783395,0.073104227015437021,0.18039598934136486,2.1072813733207405,-0.072249272087970051,-0.46944572612765295,0.17903325524358735,-1.4256045179035015,-1.019229709732324,-0.35039822791044406,0.1490101774708649,55
-1.5324166077313157,-0.34256220149572769,-0.35104090894569218,-1.069119460857979,0.50406307777226145,-1.3405830775187582,1.552464390073051,1.2877828488201528,-0.84325054804857913,0.97440639957340247,-0.93494729771928198,0.19486810602462354,0.16057202464828141,0.43907637597394128,1.3549325508459245,0.56960662884781288,-1.3981320210366344,1.1202911765719092,-0.2939637491206965,-0.85743289556042412,0
-0.061872373600964488,-0.87300748175153242,0.3931004645900526,-0.75981701212512731,0.10686722014850228,1.0497218982445207,-0.91906203004126752,0.086533430907539302,1.9414923985487831,1.2297136236788389,-0.12020646224927004,1.3792975017518578,-0.3661651553243771,-0.39782263792333111,-0.68568763461166227,-0.47238963443191073,-0.73724676822797297,0.31840138759182629,0.41045546667883825,0.75097829822724338,0
-0.59055062194255548,-1.3230630027242134,0.97701334338342349,1.2653942004865602,-0.21159531733192916,1.578280927734772,-0.045258507054951241,-0.2699374116483591,0.89758483609852935,0.50567491584423552,1.5036623073920126,0.43568711099463514,-0.12361624223548001,-2.0318095975809181,0.070188825929199436,0.037274064774302187,-0.18672080923355311,0.51906829382096598,-2.0106243934139734,-0.84368077569973321,23
1.7664755398534469,0.46188526748388864,0.66439324999131411,0.12160229244695805,1.9474818483960379,-0.28273913351547264,0.42470799419959487,-0.78022930726877449,1.0621259037827186,-0.18577707371224145,-0.23941458576965127,0.7227115600107834,-0.66216510871453393,0.48352439010151871,1.4855020523805387,-0.3321224729498542,1.0745175069934407,0.12470598077100914,-0.18326917011755006,0.72432832741757391,3
0.84966648946634449,-0.34993332805902289,0.39209865216138218,1.0376726639629237,0.88750749636318238,0.64730898583311447,0.81889057675704313,0.56071467505937278,-0.30420680138401635,-2.0584886472303374,0.41161690010792895,0.44069056743118495,-2.602030820162327,-0.69397610819947664,1.8931768922464434,-1.4591953685917551,1.9744158950970858,0.38475276392430541,0.90394601021224397,-1.4857091355907959,3
-0.0086197574521848161,-0.96949704784955004,-1.8457857642407833,1.0671160814983915,-0.77624841635889041,1.8954748120501625,-1.9140656333429655,1.2975526372187713,0.26440024395847145,-1.4783179155515092,-0.78203356442313932,-1.1160030929956675,0.25467385481735777,-0.71420040336171697,0.8623059736025277,-1.2432383233017814,-0.16317213481815607,-0.80696980175105104,0.69061393999186382,1.2739496788514699,0
-2.9595026583553938,-0.93063023073040041,0.68125026833448432,-1.5277803661486153,0.29407370546004924,0.014166166701570575,0.64918373842028743,-1.4566873557914515,-0.92934639300481703,0.7482034959916557,0.56174417688055511,-0.10504750337216685,0.89997684470550743,0.33009475745771777,2.1654476264040996,-1.6927803608235408,-0.13548111301363411,-0.02967210471061197,-0.46004208272949848,-0.42749416782491989,0
-1.7163041567679045,0.82720237057140222,1.8100062927581717,0.17095013520235949,0.45215879262083541,1.0794797869516746,0.73608803452311478,-0.10656836705772783,-0.083406369203285757,-0.24853517622051643,0.53266284018176779,1.2114699438806764,2.0493457139072024,0.66104982584058058,-1.3315479754128843,-0.17720922454327329,-0.64675646307156909,-2.1062825277851749,2.125865782899703,-0.68928635503578495,2
-0.91925080967870088,0.96713020889418544,-1.306431640816226,-0.58481020408660489,-0.81446872824298477,-0.33026678281646243,0.029622933883405114,0.80141853269302887,-0.90908948329375572,0.029024607933375485,-0.94246265159992459,0.47224870083112902,0.54964351808078826,-0.2436626356205826,-0.12525526403711743,0.73908038980077961,0.14012245041286256,-0.41852406292432476,0.94145823494880587,-0.34621079569852231,0
1.271128638801069,1.3587491594948133,0.96982406021426204,-0.46193362192862281,0.59585690701267102,-0.74493936487881418,-0.49705753713642292,-0.20308233628509917,1.3514992862859148,-0.72073003391625423,-1.520346400652326,1.8201157665130849,-0.33403707700662982,-2.3017810395801241,-0.12888087850960839,-0.90433049377615338,-0.77444695524378426,1.2516442717346332,-0.27082107054185645,0.25277374952935405,1
1.3703637629946195,1.9490539484568676,-0.61792122745549705,1.6751463524423269,-0.79325405604195531,1.2127097262547102,1.0883761373797978,-0.63220589844728958,-1.8658096018887604,-0.70326858521448776,-0.39469179745012428,0.60218222956217127,-1.1833989557296114,-1.3054660585539797,0.93290194478567756,-0.11792016016428759,0.29884209968643599,-0.12354238838194695,0.92085171976700164,-0.16556609686919632,1
0.96393039754053322,0.092626225593018363,1.9329326501819157,0.14704119686082698,-1.097888220309327,0.19592758308562863,-1.1466897817715371,0.031925509872980769,-0.70568165079119216,0.093866931727377811,-2.5868408122513262,0.33644684105061679,1.5516183012053595,0.42673267661314512,-0.0031648244144036157,2.4515104109341173,-0.36650147570759889,1.5933397285510964,0.35001146616851303,0.71981185173754114,47
-0.26907299733292417,-0.62696968706290079,-2.4397171687854176,-0.54889432235725799,0.24415203966230906,1.6384122654795052,1.0983798184227411,-0.84631633777680582,-0.19779740179842503,-1.029655378806118,0.79917255727068137,-0.79147099046388836,0.33642804014870814,0.81604336385845011,0.29929348034374209,0.88408231875311394,0.82679165775383534,-0.38840992580646028,-1.7772886901312959,1.5727773083490353,0
0.025749432391484903,0.67981310645269866,-1.7080592350804926,1.1032508807700974,-0.4671187404692142,-0.27386782864679976,-0.39206899525279354,-0.33794381744886698,0.88137654510725294,-0.89085073470733711,0.40952048258886925,1.2591733018348767,0.7741639597581339,0.35698464488875725,-0.80241814239152975,-0.46927638560195162,2.0908987044425471,-1.8032324231260948,0.95671531650804231,-0.80900802029597474,0
1.7783390716396477,2.0790158955825806,-0.27208931346057691,-0.21284973466746815,1.2799973606656962,0.87032571406648129,1.1219514337359027,-0.81995983829494701,1.3420744349078317,-1.7775247484859324,-0.74430829409137034,1.1742342308774973,-0.24559194594015366,-0.21908801120664695,-0.87136663255874147,-0.13173887663444919,-0.55827051387048077,1.1225889912914115,0.37717720118282183,0.81310242261558296,0
0.65012630133227034,-0.94201476593751432,0.33830722356988624,0.27456128405753888,-0.5700604945240173,0.19855648655491623,-0.83824616620446113,-0.10661784058520471,-1.0505566690424799,0.044083501226394622,-0.81112307837537356,0.30831581160885069,-0.30359313815346411,0.14661716015153858,-0.34320975533158693,0.031670921441546838,0.47929537732281746,-0.72095478357844056,-0.79861362133973668,0.73411098502947503,5
-0.88545868093667879,-0.53440899724201918,0.48783686154589812,-0.71061906968717059,0.24572777602933835,0.053206512717006403,1.4138947010143432,0.58596820758034807,-1.0864189597174365,-0.41757642530596389,-0.5742989174125428,0.62336249077744887,0.50572015242012369,0.12110431131215463,0.14248799124352993,0.57688766324891461,-0.10751392882389192,0.38440874910667094,1.1555923001936579,-1.4756752152056811,1
0.3125084481495839,0.55446337854471928,-0.80220280551137613,0.14887967911951067,-0.39510193785863151,0.79648638577261421,0.20816826273635797,-0.24582892684532329,0.30233922085148218,0.63942827961602056,-0.21684195854908669,-0.64864303065396967,0.065311596258200447,-0.427558727635383,-0.77716548357986859,-0.81791355046989112,0.068750510896985292,0.28365581514883237,-0.17148133266849042,-0.5723718845018676,0
-0.41969941412105649,-0.36885466527331778,-0.35231103024249372,-0.91867008063489131,-0.77379798488574658,-1.1206036576676093,-1.0315758184006167,0.40830299191520431,-0.034726677068738061,0.96221938812576779,-1.3115237094707533,-0.41748906719139733,-0.68881706582613045,-0.38769725119632675,-1.0717478298804126,-0.33850312461067056,-0.37984235504761937,-0.55515070522165166,0.11032826489055811,0.78547978409033248,0
-0.14836517918101569,0.1486783349951103,-1.4141972950818356,-0.64079286406088243,-2.0019264842564448,0.44782615761672362,0.98104938177432011,0.061853982512676986,-0.16833101818841215,0.30609704052115738,0.62686705623844141,1.5633988301258086,-0.70008955286624597,0.037192278467541688,-1.7898042666821787,0.56225671633773011,1.7513145511961778,-0.32698456712961388,0.62606512611441367,-1.1433238858161416,1
1.0073100594467128,0.32214333974443737,-0.21282880910791327,0.45626807905220368,0.48019441985887557,-0.73391117098982672,1.0706113011706,0.92764003277844143,0.65476207452281965,0.066998541041844425,-0.36016454473680776,0.50024943889073814,-0.52729486037911177,0.086384770689272569,2.2021196131483456,0.19811872335288738,-0.065905588001032384,0.61753075797620871,2.3520047669511919,1.0719437565831607,0
0.064217350083987906,1.6929643305387518,1.070366435526527,0.23968813631111807,0.38672221102798565,-0.51704445352153894,-0.56437283209962785,-0.20357543179227486,-0.072781219840045097,-0.22162723937464135,0.75347284814663551,-2.1126666288482352,-0.45857444060985103,-0.58591010346489492,1.5010818257032599,-0.83500729106041449,0.48991255162392178,-0.65423693498444768,0.0078807409479118642,-0.37252127657136169,0
2.1105030893428207,1.9796850707733615,0.67498228180777597,-2.1005946610061357,0.24526668660521583,0.14887531366626056,1.0491430307398688,0.25270787576211518,1.4678422029440334,1.1159292898537596,-0.5546732400537252,0.68810370744089244,0.65153717449396631,0.25619467079196423,0.0019351930698614191,-2.2436728130603867,1.1920580534764309,1.7260452070072143,-1.7327947229192335,-0.46239113189866621,1
-0.73449149160488403,-1.0598459953061949,0.20528574910522995,-0.25252780045357309,0.93971094924038712,-0.63785992190254304,-0.46613067832271948,-0.15285003642138204,1.3536545397811028,-1.7325638751431733,1.2193557871387795,0.13978528027817863,-0.037112052543968654,-1.4616210627496995,1.0939792041244754,-1.7303528191067947,-0.04232410072170914,1.1761839427247196,-0.2687910070142992,-0.10165616506468729,2
0.0095445541716626895,-0.2009986582686295,-0.11334478609886474,-0.98363879927668729,-1.1051831358722317,1.2139994132723004,-1.1775386413442204,1.6516545501925106,1.1609060874979245,-0.18254646350544251,1.6790997585752196,-0.14788822404433216,0.22376923035849103,-1.195079920686519,0.76710578626827741,0.50346019749014814,-0.3630603129531772,1.5507975846835569,-0.061418299106528212,-0.37434205124260461,2
0.96961095465279512,-0.29966911042882516,-1.1350714017756305,1.1563656486550919,-0.027394895342348125,-1.0403364803296677,0.29241628846306261,-1.038278532250583,0.43632804604769115,0.26252564749935953,-0.32827080713260098,-0.63863862189896636,-1.535337372903582,-1.4957433187527776,-0.23801996449169585,-2.0436248192725688,0.9261106277633262,-0.85616466439171568,-0.76580943530161316,0.23009522784002129,0
-1.042966515901889,0.62636849387155091,-0.59445817832619552,-1.3621494459501942,-0.32491139897852733,0.93790076215688212,1.3013573166844303,-0.7412350406835484,0.58031583016110844,-0.90566989011967436,-1.4836927443776311,0.090879737646162598,0.030438125724661067,-0.09406347059198196,-0.50419667713219818,1.5274122308217384,0.59310452585183882,0.39096180093916333,-1.6346659503278576,-0.61898666126524804,0
0.23032471538443292,0.28123718005055265,-1.06650569856789,0.60167560174948265,0.069436336470902443,1.1117008087373674,1.5940481207102637,0.38235073065221148,-1.5148009254488486,-0.94799144161954396,0.46010330028872326,0.96156992079121373,1.3564323988788185,1.1762284958915439,-0.19973667422912025,-0.4812776729009357,-1.2549149957784813,0.64036786091911979,-1.2741461548051836,-0.53246912752823561,0
-1.4797563546644659,-0.56009810482406286,0.75948886013226513,-0.7513863141077598,2.7675362066545772,1.2927733477864236,-0.63245575223422812,-0.54019362643894753,-0.50283572819754374,1.4065003076853237,-0.28194256379322657,-1.0034659193988291,1.142436996786939,-1.3673033580510561,2.6217759529309115,-0.32762107951026803,1.0321146224404572,-0.32096989765729156,-0.91153692862435198,-1.5258022328744401,0
-0.43300205829011829,-0.56227433733794052,-0.41787466918942023,1.3104636153626514,2.2655918331322304,0.34445136938803095,1.6361557804767521,0.36716542749917297,0.3726652989083975,1.6168608534137379,-0.9396810557442804,-0.067105752576937211,-0.16238639884060302,-0.076354649817416492,-0.67035345805454649,-0.48717198970619985,-0.31768933578147285,-1.0986539364970986,0.75612779637894334,-1.0942037834250466,0
0.035762725478448408,-0.10581206497905514,0.97908160871500172,-1.3295311042433522,0.78514153977450563,0.32341084403866127,1.7250973053882737,-0.50457545155091044,0.71396442136645655,-0.39517883773458434,0.28904197465317627,0.97454579634203453,0.23890532173683723,-1.5704515757568891,0.34444547879557058,-0.84292459175954382,-0.4433770830008007,-0.58015950097612257,-0.90852542840220585,-0.63161895226464082,4
-0.47999023735836588,-0.70838980828965337,0.2642327613367163,0.92505499827501714,1.2790864640564867,-0.75767443067317652,0.944358461543364,-0.47453347170167987,-1.6252486242658037,0.24901119500542843,-0.038068957399566124,-0.50883191707674214,-1.6989197842238655,1.3922625028880991,0.31358950950565112,0.42257561917934428,-0.10976662391251267,-2.160935148452817,-1.3970448945537957,0.47429157570140723,1
-0.82287199712498438,-2.9596043908708891,-1.1383025573324932,0.25212214837469582,1.1615249743753135,0.33547347992076659,2.2484289887006783,-0.16521583548448338,0.41796675511061926,-0.51664550945682752,-1.9222008397758152,0.049316868790537621,-0.48143503690298489,-1.0772982168692031,0.25419725542141847,0.74903373853149202,0.63383767647642986,-1.3635308259084495,1.7819928581176394,0.055504971033307822,0
-0.059477347715640443,-0.98615170687704556,-0.40326342158441952,-0.52538032640028554,0.12798468483207651,0.86964449051403914,-0.50118714063996306,0.4651033126273883,0.11774874570932169,0.13859957441604612,0.38484170816825514,-0.16454499667009154,-0.3907117588421411,-1.1847496206107979,1.0168186019322538,1.7868920429639041,-0.00052291027111146067,-0.85680052086437275,-0.32677163616763621,-0.68600821962714797,2
-2.6512521906731172,-0.95131370256889181,-0.74215993002257119,0.84529479198085233,-0.079842642844997577,1.4420739659585049,1.3220998169649225,0.94406638140071086,0.097490619732212735,3.0266717504401788,0.29588542307926796,-0.26421910032491885,0.36954777262327526,-0.00346745399697264,1.0075503111467428,0.85454358657316176,-0.52843045037446112,-0.40245559807713205,-0.0067610450607090439,0.28303180420080387,0
-0.30114316535671537,0.80195439087100273,-0.032969603429052918,-2.5327727258492998,-0.89035934213175527,1.4904068419680772,0.036580914834369378,-0.053504482465521148,1.3445154113032176,0.19174317456712098,0.76014115842665841,0.52279181106825834,0.53385582795554032,-0.45911615673037032,-0.5330724085811952,0.18944403557961176,0.19827935098204222,0.64065366426708625,1.6107011520097032,0.17322158806464164,0
1.2218372719398067,-0.54484210414876333,-1.2073575411510988,1.0578749625182386,-0.44555178901527415,0.71237349587716425,0.33272912611876515,-0.24567127185904242,-0.39564745445319238,-2.3335560783773173,0.34411582385093958,-1.0387148103104009,-1.7595149602840576,-0.74539146109259469,-1.5005382639845706,1.1259245698237013,1.4280358984414996,-0.64148613836375024,-0.66527466805775026,-0.8668017168929707,0
-1.2619440225405487,-0.9201854980153652,-0.79604669957682739,0.4106907121485015,0.59101930175572925,-1.1747950487884185,-0.12953798289106494,0.6128715406069698,-1.6928731752660642,0.69246480868049887,0.35353791694361442,-1.0482311595207512,1.399485751957136,0.56646663376028006,0.21984728047632604,-1.8439317030348146,-1.3503795831235521,-0.83520859188153662,-1.5347983612195253,0.60511373193272688,1
-0.71763448178117062,0.38168675101807592,-0.63055571046119818,-1.6371220370185142,-1.6437982934297148,0.84635098126514097,-0.45687690299507394,-0.17530602660354302,-1.133534460401417,-1.2650076993008581,0.83111248025727558,0.33297587924959604,-0.55981050933458443,-1.023919129433031,0.78917965993235484,-0.77079242987986119,-0.52954602703532139,-0.045385370097955111,-0.85331912211249417,2.1284693840447435,0
0.75187806139837943,2.2345578809847302,-0.89167756656018027,0.31006542253975561,1.5621456438356611,-0.24628868601549739,1.243741802014606,-0.96456136640831736,-0.8888397413723752,0.39829525152947548,0.11635981002670333,0.47414953629071238,1.4920412603240591,-0.60090507688395167,0.027251824616596049,-0.7895715045067625,-0.39692732348071447,-0.51582527772536468,1.4787863625617979,-1.8215957217248868,0
-1.3437085910006219,0.33585065912562428,-0.47075091888486603,0.038153672284202675,0.55440282229148263,-0.58449271517920021,0.20857384227545311,0.2488349809446658,0.91569532703502776,-0.52808829069112428,-0.013301939341607453,0.84834913845006266,0.90863826060972541,-0.011137506875605774,0.13987680816121034,0.15270201838041603,-0.80551377854008877,-1.6792881984492118,0.94593588204531431,-1.3501142426807533,0
0.068604761675617063,2.8902665399392791,-1.7634987218985823,2.1119936223903517,0.58188371005323269,0.98549130902306703,0.40552159040471836,-0.25409470790772298,1.2857796202235883,-0.33718993003323167,-0.21688320458358115,1.2655137529060132,0.0040742398533252762,-0.65213735241601223,0.88476087195167707,-0.097013735253034417,1.5668023607375079,-0.47358527818776008,2.7545579524435695,0.88312329364433084,0
0.61010929791512092,1.2120386293569467,-1.3259505766997453,0.17507832259301181,-0.87343342840610538,-0.18034575565425887,0.27588252196439023,-0.56167155733283114,-1.1856214914236269,-1.3538224573408686,0.24513475734492837,-0.12465521335093291,-1.768331655790969,0.34567393021722748,1.5997015591624832,2.5525558962831938,-1.3213167874604475,-1.6812778487156761,-0.37131869166474629,0.16702891725158098,0
-1.7494331307938398,-1.1227869815502594,0.87880124775302071,1.7428521190087594,2.2015326455254041,-0.47434593189335039,-0.80726297355507182,-0.87859307656448216,0.82515711000711744,-0.032058470043552265,1.244365287659607,1.6882796403220284,-2.0692515998665719,0.49648197117654591,-0.048009226406365901,1.7818460929756714,-0.45646666390733415,0.99527054627977218,1.2743159426911739,1.7196021142808937,2
0.50831087192895352,0.82088606511341766,-0.74018572660257165,-1.4956015863828742,0.68949851004141149,-2.0025386832305352,0.41463998210084857,-0.38733574472128063,-0.86538186786119176,1.3453499252311665,-0.27678026557801805,-0.36451732755890898,2.2537626527257917,0.38076833021278617,-0.55481335111556884,0.79306033158477041,-0.83348457510093887,0.35151456213295712,-1.2597050718644822,1.2391342235065712,0
-0.28827342486314256,-1.017879742567066,0.79333409202824012,-0.80610642193560111,1.0557361623979109,-0.74589086340320676,-0.29478405084015707,-0.92811537955555945,1.2095893698847171,-0.21878143834598349,1.4353011498300527,-1.7325165607420359,-1.4631526361105605,-1.880015078904957,-2.1616949370273648,1.4977892938262154,-0.38106153437075446,0.43348040842802549,-0.027488262727047141,-0.70234550184768929,2
-0.33106550093093651,0.21336005467074076,0.51796861472896183,-0.81995096894137975,0.5640352663473216,-0.8610101236516523,-0.17532912169099985,-1.3227951971786511,1.1378768591227955,-0.031440844076752128,-0.44594916804387175,0.83674002254846092,-0.40349555200106058,-0.34743819265780307,-0.48546487734301946,-1.7285311240957526,-0.36294602391370523,-2.8416489858064153,-0.90668037608037255,-1.6374643830859512,0
2.0436184563936943,-0.088307645569999274,-1.3078352057065572,-0.65832277607778822,0.12027618137912237,1.1301987363656945,-0.55640206653879998,2.017699211338345,-2.192153547261241,-1.3282834595602382,1.3519637144751313,-0.5756109753928722,-0.16035083714611101,1.882946798211131,-1.3869811539568973,0.59575421571123532,1.7870461295616451,0.23879665566672037,0.79813544801723957,-0.85261185092924763,0
-1.0259960493563787,-1.3421373739264237,0.47718370874543725,-0.92946090852567498,0.010576359361152797,1.3418025218781777,0.3756717299264008,-0.89877452031690541,-0.63787940073559635,0.69309373878494962,-2.3093696045029288,-1.1420169833979206,-0.95102118462532503,-0.30473648023472799,0.40246958067805666,0.49155471417920427,0.81199757788401306,2.2168405137058085,0.36272410462794868,0.53607617045008726,6
0.15643558078415762,-0.66684368977359854,-0.91911928512947783,0.61617982632479951,-1.1766285900055635,-0.58108677877550863,-1.4429768327011367,-0.7739112386986956,0.2312041444932483,0.47048041599456114,0.93381843776224671,0.79486011105986154,-0.75073017152442645,-0.57239931541032074,-1.0749919080367163,1.1112565494525937,-0.28323743077049368,-0.64792819427406556,0.91750433967993605,0.46040224081379366,1
0.069278091450782633,-0.19148577824041238,0.29558338539522822,0.4416439106521699,1.3496899307579946,0.76334899801129719,0.85277483446243463,-0.42065288544008567,0.38311344915799322,0.14961762650574489,1.850427515101559,-0.26389969683354747,-2.2648166826102671,0.74213397421971272,-1.1731056145472836,-1.1399352957224762,1.1346898909574772,-0.069972642322106079,1.1562135925973944,-0.45105791258632078,1
-2.1727930492939542,-1.9832892930048085,0.46684356986884401,1.465629455314122,1.400896718971322,0.09404137894526346,1.0558736686811547,0.86072738611003463,0.16180343455039733,0.75682655898086049,-1.2366740646291352,0.71560298936046196,-0.32405391617880891,-0.12616055398161335,-0.049519306156929371,-0.24817632819687982,-0.49958662063292475,-1.4102756819955757,1.5229132127571745,-0.67260969985594155,4
0.77664013879233362,-0.04134578566237368,1.7599970690716964,0.63939583761658481,2.2093205830662055,-0.60138952669280932,-0.40409196370066092,-0.90425291839393485,0.42074703019006299,1.6468155942065861,-1.553548000295081,-0.45586881041074234,-1.5985311475796173,-0.62167527649705168,-0.017917643310757816,0.094872739345604334,-0.48909345665527837,0.51224503427635948,0.58535802686004468,-0.25648602003982518,16
1.2649097525877364,-0.85301777513792831,0.65586541147714372,-0.5800549540739911,-0.66348726996771812,-0.34550989955605271,4.1303272685901025,-1.0921309826005303,0.15495266493574583,-0.28253128448581383,-0.17561055877302384,0.15391987615103683,-0.86333020079694633,1.2093799791693018,-0.16019570076786591,-1.1832365526665849,-0.19123194962493448,1.17239171115388,-0.22687497387823055,-1.8659645509658924,20
0.60003893704886502,0.67178550080748223,-0.86974127695702463,0.3033856893604262,0.045248779548130703,-0.27667520305806637,-0.21420362201560547,-1.0022579614200935,-0.95312344248934677,-2.0571086605586584,1.1584433555639866,-1.0863276138036253,-1.1738026396773613,0.18774459535054994,-0.18256750182235798,0.040143998013764129,0.24015467062819149,-0.16103290529018449,-0.050390870330102186,-0.85217895663856758,0
0.15737547770877003,1.3044925101955567,-0.49554128781481149,-0.53166272783764745,-0.10808801863723613,-0.5981083799519189,-0.32022457561811901,-0.58111189597725343,0.24273186283073064,0.9653946761418033,-0.48280845700611374,-1.8048605165725482,1.0707492905035192,0.56951709587647625,0.86062101724313633,-0.21796742020028895,1.0221204646568158,-0.37739242261925554,-1.7789514115626546,1.0022726589480406,1
0.79019708249035436,1.1747992559978608,0.23609493481293256,-0.1305562615994928,-0.17873249074073064,0.43488943399647051,-0.49778356366966198,2.4174218819294393,0.92581350662347972,0.76156503204648607,0.18286433605472241,-1.1572529030955219,-1.1410925202806721,0.92040206733376628,-1.2175025335884015,0.5153722658874087,2.6781798681717026,0.52684759273557935,-0.77283276569585291,1.0942732432384104,1
-0.51834754315827014,-1.5109997472867673,-2.6731624329771457,0.69960072990841571,-0.21712657667406657,1.1107345470295056,0.797865067373979,-0.89318501353823043,-2.4872723017305596,-0.50233792828044166,-0.86228595272957709,0.5182028868870604,1.7766572325257404,0.014117197047586618,0.2383178378501889,-0.10146090214170253,0.85053819157375166,-1.2371160871692672,-0.46488816465697624,-0.28830264633192837,0
0.35966076703697641,-0.040525867068364384,0.44187527937834248,0.33503978300209075,0.38340634048671163,1.2422742378473544,-1.4644282220582374,-1.5800206545054758,2.0404989669262315,-0.78507673859022531,2.5643080508231568,0.64670916139186629,-0.90021285179113564,0.73971737085284883,1.424147690934142,0.86594787090774672,-0.7463177284727659,0.49362046347270316,-0.053284905532648905,-1.8992604740332222,3
-0.066054306355562767,-0.81473550743096368,0.079135630483248426,0.50695499088631868,1.8347971849048208,0.81200372004711596,-1.5996207299232652,-0.9147744227506972,0.26085538832213434,-1.5954804564104814,-0.76308624449102147,1.6651552656292681,2.0816756914519852,0.22483864111001253,-0.60862516767895536,0.47277931596938855,-0.85695469771660004,0.46502030788601068,-1.0318850763188325,-0.95002605288509745,2
0.40622463366096156,0.026482501615644572,0.61267486562658291,0.31131089391112815,1.9926247594060187,-0.60222305959364619,-2.1299307541127135,0.058735189887896895,0.40246783458571717,-0.58551655605375696,0.48008611203182538,1.047361231702908,0.54735803642289393,-0.75009134518617404,0.73179511323161472,1.1646469197916918,0.95355812435065701,-0.32184039058934594,-0.74290810964219456,0.1589091355249404,0
-0.94451286322540795,1.0997729370929057,1.003261619282575,0.99951704121895069,0.50381615297877036,1.1693740380481144,0.52913493323756189,0.17959676258572141,-1.5793710350965209,-0.11577888209451696,-2.0048431503274515,-0.8228833742875421,0.57671922068603421,1.2819268044744958,-1.4657012850441815,0.26369478040580047,0.22296329324890218,-1.0868381872813835,0.017495302425159648,0.18378431612526125,3
0.26070722846197725,-1.7310651858966104,-0.32907912217811863,1.6940874865753941,0.30143979489316391,0.59404778042327211,1.5961626572494449,1.0201174911858337,0.42871269772619769,-1.110351217521331,0.26896076382637174,-0.43920171594657997,-1.0756938129686411,0.029297230829089548,0.9085848719352948,-0.22250723414368478,0.97478982696082594,-0.59830948393059746,-1.851800515320466,0.050371078563397918,6
-0.23614843775814057,-0.58400666372398791,-0.39920948741395607,-0.16490463220458709,-0.73973697149083495,0.4897614741031216,0.74741101616033112,0.042985632050377642,0.79502503363865229,-0.34411739074670017,-0.79290465826240542,0.93359930216762077,1.2266582245671818,-0.3407879196190054,-0.025905774701421507,0.45476845114092379,-0.28889772575678724,0.74091503448377449,0.75105069289424198,0.43245783562211376,2
-0.73363074409737561,-0.65992029424432797,-0.75188728086156742,0.8523460234621193,1.0153791911189474,-0.64144395326980719,-0.12172091504638841,1.0464220373212103,0.58530634430081785,2.098982673261522,-0.95543495053490124,-0.7724241956745278,0.40128017730242344,2.0602792071184437,-0.83663306755169387,-0.93101962945072581,0.057506938497268428,1.0758703783901371,-0.44762005076717248,-0.57293666856616388,0
